65536,2,64,65536,2,64,524288,16,64,6291456,48,64,0,0,0,12, Six-Core AMD Opteron(tm) Processor 2431,2412481024,Linux,cinnaproa.int.seas.wustl.edu,3.0.27,#1 SMP Tue Apr 17 10:58:24 CDT 2012,x86_64,7868235,786624,787392,757824,32883171328,22434832384,0,936075264,32777703424,32777703424,191,0,0,1,SCHED_OTHER,0,11913.1,5037.17,27,2.36503
65536,2,64,65536,2,64,524288,16,64,6291456,48,64,0,0,0,12, Six-Core AMD Opteron(tm) Processor 2431,2412481024,Linux,cinnaproa.int.seas.wustl.edu,3.0.27,#1 SMP Tue Apr 17 10:58:24 CDT 2012,x86_64,7868235,786624,787392,757824,32883171328,22434832384,0,936075264,32777703424,32777703424,191,0,0,1,SCHED_OTHER,0,17558.3,11882.7,4996,1.47764
65536,2,64,65536,2,64,524288,16,64,6291456,48,64,0,0,0,12, Six-Core AMD Opteron(tm) Processor 2431,2412481024,Linux,cinnaproa.int.seas.wustl.edu,3.0.27,#1 SMP Tue Apr 17 10:58:24 CDT 2012,x86_64,7868235,786624,787392,757824,32883171328,22434832384,0,936075264,32777703424,32777703424,191,0,0,1,SCHED_OTHER,0,11865,4336.79,25,2.7359
65536,2,64,65536,2,64,524288,16,64,6291456,48,64,0,0,0,12, Six-Core AMD Opteron(tm) Processor 2431,2412481024,Linux,cinnaproa.int.seas.wustl.edu,3.0.27,#1 SMP Tue Apr 17 10:58:24 CDT 2012,x86_64,7868235,786624,787392,757824,32883171328,22434832384,0,936075264,32777703424,32777703424,191,0,0,1,SCHED_OTHER,0,12123.3,11964.8,0,1.01325
65536,2,64,65536,2,64,524288,16,64,6291456,48,64,0,0,0,12, Six-Core AMD Opteron(tm) Processor 2431,2412481024,Linux,cinnaproa.int.seas.wustl.edu,3.0.27,#1 SMP Tue Apr 17 10:58:24 CDT 2012,x86_64,7868235,786624,787392,757824,32883171328,22434832384,0,936075264,32777703424,32777703424,191,0,0,1,SCHED_OTHER,0,11953.9,11888.2,0,1.00553
65536,2,64,65536,2,64,524288,16,64,6291456,48,64,0,0,0,12, Six-Core AMD Opteron(tm) Processor 2431,2412481024,Linux,cinnaproa.int.seas.wustl.edu,3.0.27,#1 SMP Tue Apr 17 10:58:24 CDT 2012,x86_64,7868235,786624,787392,757824,32883171328,22434832384,0,936075264,32777703424,32777703424,191,0,0,1,SCHED_OTHER,0,11961.1,11882.9,0,1.00658
65536,2,64,65536,2,64,524288,16,64,6291456,48,64,0,0,0,12, Six-Core AMD Opteron(tm) Processor 2431,2412481024,Linux,cinnaproa.int.seas.wustl.edu,3.0.27,#1 SMP Tue Apr 17 10:58:24 CDT 2012,x86_64,7871263,786656,788224,788544,32883171328,22432657408,0,936099840,32777703424,32777703424,194,0,0,1,SCHED_OTHER,0,11869.6,5083.07,32,2.33512
65536,2,64,65536,2,64,524288,16,64,6291456,48,64,0,0,0,12, Six-Core AMD Opteron(tm) Processor 2431,2412481024,Linux,cinnaproa.int.seas.wustl.edu,3.0.27,#1 SMP Tue Apr 17 10:58:24 CDT 2012,x86_64,7871263,786656,788224,788544,32883171328,22432657408,0,936099840,32777703424,32777703424,194,0,0,1,SCHED_OTHER,0,51880,11879.4,4996,4.36723
65536,2,64,65536,2,64,524288,16,64,6291456,48,64,0,0,0,12, Six-Core AMD Opteron(tm) Processor 2431,2412481024,Linux,cinnaproa.int.seas.wustl.edu,3.0.27,#1 SMP Tue Apr 17 10:58:24 CDT 2012,x86_64,7871263,786656,788224,788544,32883171328,22432657408,0,936099840,32777703424,32777703424,194,0,0,1,SCHED_OTHER,0,11907.5,5800.54,30,2.05282
65536,2,64,65536,2,64,524288,16,64,6291456,48,64,0,0,0,12, Six-Core AMD Opteron(tm) Processor 2431,2412481024,Linux,cinnaproa.int.seas.wustl.edu,3.0.27,#1 SMP Tue Apr 17 10:58:24 CDT 2012,x86_64,7871263,786656,788224,788544,32883171328,22432657408,0,936099840,32777703424,32777703424,194,0,0,1,SCHED_OTHER,0,11975.3,11900.3,0,1.0063
65536,2,64,65536,2,64,524288,16,64,6291456,48,64,0,0,0,12, Six-Core AMD Opteron(tm) Processor 2431,2412481024,Linux,cinnaproa.int.seas.wustl.edu,3.0.27,#1 SMP Tue Apr 17 10:58:24 CDT 2012,x86_64,7871263,786656,788224,788544,32883171328,22432657408,0,936099840,32777703424,32777703424,194,0,0,1,SCHED_OTHER,0,11986.5,11923,0,1.00533
65536,2,64,65536,2,64,524288,16,64,6291456,48,64,0,0,0,12, Six-Core AMD Opteron(tm) Processor 2431,2412481024,Linux,cinnaproa.int.seas.wustl.edu,3.0.27,#1 SMP Tue Apr 17 10:58:24 CDT 2012,x86_64,7871263,786656,788224,788544,32883171328,22432657408,0,936099840,32777703424,32777703424,194,0,0,1,SCHED_OTHER,0,12057.2,11932.2,0,1.01048
65536,2,64,65536,2,64,524288,16,64,6291456,48,64,0,0,0,12, Six-Core AMD Opteron(tm) Processor 2431,2412481024,Linux,cinnaproa.int.seas.wustl.edu,3.0.27,#1 SMP Tue Apr 17 10:58:24 CDT 2012,x86_64,7874292,786624,792672,790272,32883171328,22435024896,0,936177664,32777703424,32777703424,191,0,0,1,SCHED_OTHER,0,11876.4,5601.97,30,2.12003
65536,2,64,65536,2,64,524288,16,64,6291456,48,64,0,0,0,12, Six-Core AMD Opteron(tm) Processor 2431,2412481024,Linux,cinnaproa.int.seas.wustl.edu,3.0.27,#1 SMP Tue Apr 17 10:58:24 CDT 2012,x86_64,7874292,786624,792672,790272,32883171328,22435024896,0,936177664,32777703424,32777703424,191,0,0,1,SCHED_OTHER,0,53506.8,12028,4996,4.44852
65536,2,64,65536,2,64,524288,16,64,6291456,48,64,0,0,0,12, Six-Core AMD Opteron(tm) Processor 2431,2412481024,Linux,cinnaproa.int.seas.wustl.edu,3.0.27,#1 SMP Tue Apr 17 10:58:24 CDT 2012,x86_64,7874292,786624,792672,790272,32883171328,22435024896,0,936177664,32777703424,32777703424,191,0,0,1,SCHED_OTHER,0,12005,2691.36,22,4.46058
65536,2,64,65536,2,64,524288,16,64,6291456,48,64,0,0,0,12, Six-Core AMD Opteron(tm) Processor 2431,2412481024,Linux,cinnaproa.int.seas.wustl.edu,3.0.27,#1 SMP Tue Apr 17 10:58:24 CDT 2012,x86_64,7874292,786624,792672,790272,32883171328,22435024896,0,936177664,32777703424,32777703424,191,0,0,1,SCHED_OTHER,0,12030.9,11901.2,0,1.0109
65536,2,64,65536,2,64,524288,16,64,6291456,48,64,0,0,0,12, Six-Core AMD Opteron(tm) Processor 2431,2412481024,Linux,cinnaproa.int.seas.wustl.edu,3.0.27,#1 SMP Tue Apr 17 10:58:24 CDT 2012,x86_64,7874292,786624,792672,790272,32883171328,22435024896,0,936177664,32777703424,32777703424,191,0,0,1,SCHED_OTHER,0,11974.6,11886.3,0,1.00743
65536,2,64,65536,2,64,524288,16,64,6291456,48,64,0,0,0,12, Six-Core AMD Opteron(tm) Processor 2431,2412481024,Linux,cinnaproa.int.seas.wustl.edu,3.0.27,#1 SMP Tue Apr 17 10:58:24 CDT 2012,x86_64,7874292,786624,792672,790272,32883171328,22435024896,0,936177664,32777703424,32777703424,191,0,0,1,SCHED_OTHER,0,11981.3,11909.3,0,1.00605
65536,2,64,65536,2,64,524288,16,64,6291456,48,64,0,0,0,12, Six-Core AMD Opteron(tm) Processor 2431,2412481024,Linux,cinnaproa.int.seas.wustl.edu,3.0.27,#1 SMP Tue Apr 17 10:58:24 CDT 2012,x86_64,7877322,786624,787392,784160,32883171328,22434947072,0,936181760,32777703424,32777703424,191,0,0,1,SCHED_OTHER,0,12017.6,6105.22,32,1.96841
65536,2,64,65536,2,64,524288,16,64,6291456,48,64,0,0,0,12, Six-Core AMD Opteron(tm) Processor 2431,2412481024,Linux,cinnaproa.int.seas.wustl.edu,3.0.27,#1 SMP Tue Apr 17 10:58:24 CDT 2012,x86_64,7877322,786624,787392,784160,32883171328,22434947072,0,936181760,32777703424,32777703424,191,0,0,1,SCHED_OTHER,0,58578,12031.9,4996,4.86855
65536,2,64,65536,2,64,524288,16,64,6291456,48,64,0,0,0,12, Six-Core AMD Opteron(tm) Processor 2431,2412481024,Linux,cinnaproa.int.seas.wustl.edu,3.0.27,#1 SMP Tue Apr 17 10:58:24 CDT 2012,x86_64,7877322,786624,787392,784160,32883171328,22434947072,0,936181760,32777703424,32777703424,191,0,0,1,SCHED_OTHER,0,12013,3335.36,22,3.60171
65536,2,64,65536,2,64,524288,16,64,6291456,48,64,0,0,0,12, Six-Core AMD Opteron(tm) Processor 2431,2412481024,Linux,cinnaproa.int.seas.wustl.edu,3.0.27,#1 SMP Tue Apr 17 10:58:24 CDT 2012,x86_64,7877322,786624,787392,784160,32883171328,22434947072,0,936181760,32777703424,32777703424,191,0,0,1,SCHED_OTHER,0,12087.4,11924.2,0,1.01369
65536,2,64,65536,2,64,524288,16,64,6291456,48,64,0,0,0,12, Six-Core AMD Opteron(tm) Processor 2431,2412481024,Linux,cinnaproa.int.seas.wustl.edu,3.0.27,#1 SMP Tue Apr 17 10:58:24 CDT 2012,x86_64,7877322,786624,787392,784160,32883171328,22434947072,0,936181760,32777703424,32777703424,191,0,0,1,SCHED_OTHER,0,11972,11902,0,1.00588
65536,2,64,65536,2,64,524288,16,64,6291456,48,64,0,0,0,12, Six-Core AMD Opteron(tm) Processor 2431,2412481024,Linux,cinnaproa.int.seas.wustl.edu,3.0.27,#1 SMP Tue Apr 17 10:58:24 CDT 2012,x86_64,7877322,786624,787392,784160,32883171328,22434947072,0,936181760,32777703424,32777703424,191,0,0,1,SCHED_OTHER,0,11973.8,11905.4,0,1.00574
65536,2,64,65536,2,64,524288,16,64,6291456,48,64,0,0,0,12, Six-Core AMD Opteron(tm) Processor 2431,2412481024,Linux,cinnaproa.int.seas.wustl.edu,3.0.27,#1 SMP Tue Apr 17 10:58:24 CDT 2012,x86_64,7880351,790304,788352,784512,32883171328,22435139584,0,936222720,32777703424,32777703424,191,0,0,1,SCHED_OTHER,0,12016,5312.41,30,2.26187
65536,2,64,65536,2,64,524288,16,64,6291456,48,64,0,0,0,12, Six-Core AMD Opteron(tm) Processor 2431,2412481024,Linux,cinnaproa.int.seas.wustl.edu,3.0.27,#1 SMP Tue Apr 17 10:58:24 CDT 2012,x86_64,7880351,790304,788352,784512,32883171328,22435139584,0,936222720,32777703424,32777703424,191,0,0,1,SCHED_OTHER,0,56299.6,11863.9,4996,4.74545
65536,2,64,65536,2,64,524288,16,64,6291456,48,64,0,0,0,12, Six-Core AMD Opteron(tm) Processor 2431,2412481024,Linux,cinnaproa.int.seas.wustl.edu,3.0.27,#1 SMP Tue Apr 17 10:58:24 CDT 2012,x86_64,7880351,790304,788352,784512,32883171328,22435139584,0,936222720,32777703424,32777703424,191,0,0,1,SCHED_OTHER,0,11827.3,2702.78,22,4.37596
65536,2,64,65536,2,64,524288,16,64,6291456,48,64,0,0,0,12, Six-Core AMD Opteron(tm) Processor 2431,2412481024,Linux,cinnaproa.int.seas.wustl.edu,3.0.27,#1 SMP Tue Apr 17 10:58:24 CDT 2012,x86_64,7880351,790304,788352,784512,32883171328,22435139584,0,936222720,32777703424,32777703424,191,0,0,1,SCHED_OTHER,0,12030.5,11906.6,0,1.01041
65536,2,64,65536,2,64,524288,16,64,6291456,48,64,0,0,0,12, Six-Core AMD Opteron(tm) Processor 2431,2412481024,Linux,cinnaproa.int.seas.wustl.edu,3.0.27,#1 SMP Tue Apr 17 10:58:24 CDT 2012,x86_64,7880351,790304,788352,784512,32883171328,22435139584,0,936222720,32777703424,32777703424,191,0,0,1,SCHED_OTHER,0,11970.7,11879,0,1.00772
65536,2,64,65536,2,64,524288,16,64,6291456,48,64,0,0,0,12, Six-Core AMD Opteron(tm) Processor 2431,2412481024,Linux,cinnaproa.int.seas.wustl.edu,3.0.27,#1 SMP Tue Apr 17 10:58:24 CDT 2012,x86_64,7880351,790304,788352,784512,32883171328,22435139584,0,936222720,32777703424,32777703424,191,0,0,1,SCHED_OTHER,0,11985,11907.2,0,1.00654
65536,2,64,65536,2,64,524288,16,64,6291456,48,64,0,0,0,12, Six-Core AMD Opteron(tm) Processor 2431,2412481024,Linux,cinnaproa.int.seas.wustl.edu,3.0.27,#1 SMP Tue Apr 17 10:58:24 CDT 2012,x86_64,7883378,786624,787392,785568,32883171328,22433886208,0,936239104,32777703424,32777703424,191,0,0,1,SCHED_OTHER,0,12039.1,3663.37,23,3.28636
65536,2,64,65536,2,64,524288,16,64,6291456,48,64,0,0,0,12, Six-Core AMD Opteron(tm) Processor 2431,2412481024,Linux,cinnaproa.int.seas.wustl.edu,3.0.27,#1 SMP Tue Apr 17 10:58:24 CDT 2012,x86_64,7883378,786624,787392,785568,32883171328,22433886208,0,936239104,32777703424,32777703424,191,0,0,1,SCHED_OTHER,0,55784,12031.6,4996,4.63647
65536,2,64,65536,2,64,524288,16,64,6291456,48,64,0,0,0,12, Six-Core AMD Opteron(tm) Processor 2431,2412481024,Linux,cinnaproa.int.seas.wustl.edu,3.0.27,#1 SMP Tue Apr 17 10:58:24 CDT 2012,x86_64,7883378,786624,787392,785568,32883171328,22433886208,0,936239104,32777703424,32777703424,191,0,0,1,SCHED_OTHER,0,11930.1,6496.2,32,1.83647
65536,2,64,65536,2,64,524288,16,64,6291456,48,64,0,0,0,12, Six-Core AMD Opteron(tm) Processor 2431,2412481024,Linux,cinnaproa.int.seas.wustl.edu,3.0.27,#1 SMP Tue Apr 17 10:58:24 CDT 2012,x86_64,7883378,786624,787392,785568,32883171328,22433886208,0,936239104,32777703424,32777703424,191,0,0,1,SCHED_OTHER,0,11987.8,11897,0,1.00764
65536,2,64,65536,2,64,524288,16,64,6291456,48,64,0,0,0,12, Six-Core AMD Opteron(tm) Processor 2431,2412481024,Linux,cinnaproa.int.seas.wustl.edu,3.0.27,#1 SMP Tue Apr 17 10:58:24 CDT 2012,x86_64,7883378,786624,787392,785568,32883171328,22433886208,0,936239104,32777703424,32777703424,191,0,0,1,SCHED_OTHER,0,12062.7,12024.2,0,1.0032
65536,2,64,65536,2,64,524288,16,64,6291456,48,64,0,0,0,12, Six-Core AMD Opteron(tm) Processor 2431,2412481024,Linux,cinnaproa.int.seas.wustl.edu,3.0.27,#1 SMP Tue Apr 17 10:58:24 CDT 2012,x86_64,7883378,786624,787392,785568,32883171328,22433886208,0,936239104,32777703424,32777703424,191,0,0,1,SCHED_OTHER,0,11982.2,11909.4,0,1.00611
65536,2,64,65536,2,64,524288,16,64,6291456,48,64,0,0,0,12, Six-Core AMD Opteron(tm) Processor 2431,2412481024,Linux,cinnaproa.int.seas.wustl.edu,3.0.27,#1 SMP Tue Apr 17 10:58:24 CDT 2012,x86_64,7886406,786624,787392,786528,32883171328,22434828288,0,936255488,32777703424,32777703424,191,0,0,1,SCHED_OTHER,0,11997.1,4691.29,25,2.55731
65536,2,64,65536,2,64,524288,16,64,6291456,48,64,0,0,0,12, Six-Core AMD Opteron(tm) Processor 2431,2412481024,Linux,cinnaproa.int.seas.wustl.edu,3.0.27,#1 SMP Tue Apr 17 10:58:24 CDT 2012,x86_64,7886406,786624,787392,786528,32883171328,22434828288,0,936255488,32777703424,32777703424,191,0,0,1,SCHED_OTHER,0,55805.9,11869,4996,4.70181
65536,2,64,65536,2,64,524288,16,64,6291456,48,64,0,0,0,12, Six-Core AMD Opteron(tm) Processor 2431,2412481024,Linux,cinnaproa.int.seas.wustl.edu,3.0.27,#1 SMP Tue Apr 17 10:58:24 CDT 2012,x86_64,7886406,786624,787392,786528,32883171328,22434828288,0,936255488,32777703424,32777703424,191,0,0,1,SCHED_OTHER,0,12006.5,4926.05,24,2.43735
65536,2,64,65536,2,64,524288,16,64,6291456,48,64,0,0,0,12, Six-Core AMD Opteron(tm) Processor 2431,2412481024,Linux,cinnaproa.int.seas.wustl.edu,3.0.27,#1 SMP Tue Apr 17 10:58:24 CDT 2012,x86_64,7886406,786624,787392,786528,32883171328,22434828288,0,936255488,32777703424,32777703424,191,0,0,1,SCHED_OTHER,0,11954.4,11885.8,0,1.00578
65536,2,64,65536,2,64,524288,16,64,6291456,48,64,0,0,0,12, Six-Core AMD Opteron(tm) Processor 2431,2412481024,Linux,cinnaproa.int.seas.wustl.edu,3.0.27,#1 SMP Tue Apr 17 10:58:24 CDT 2012,x86_64,7886406,786624,787392,786528,32883171328,22434828288,0,936255488,32777703424,32777703424,191,0,0,1,SCHED_OTHER,0,11977.7,11890.7,0,1.00732
65536,2,64,65536,2,64,524288,16,64,6291456,48,64,0,0,0,12, Six-Core AMD Opteron(tm) Processor 2431,2412481024,Linux,cinnaproa.int.seas.wustl.edu,3.0.27,#1 SMP Tue Apr 17 10:58:24 CDT 2012,x86_64,7886406,786624,787392,786528,32883171328,22434828288,0,936255488,32777703424,32777703424,191,0,0,1,SCHED_OTHER,0,11976.8,11906,0,1.00595
65536,2,64,65536,2,64,524288,16,64,6291456,48,64,0,0,0,12, Six-Core AMD Opteron(tm) Processor 2431,2412481024,Linux,cinnaproa.int.seas.wustl.edu,3.0.27,#1 SMP Tue Apr 17 10:58:24 CDT 2012,x86_64,7889443,787040,787648,789408,32883171328,22434738176,0,936280064,32777703424,32777703424,192,0,0,1,SCHED_OTHER,0,11807.7,3317.69,20,3.55903
65536,2,64,65536,2,64,524288,16,64,6291456,48,64,0,0,0,12, Six-Core AMD Opteron(tm) Processor 2431,2412481024,Linux,cinnaproa.int.seas.wustl.edu,3.0.27,#1 SMP Tue Apr 17 10:58:24 CDT 2012,x86_64,7889443,787040,787648,789408,32883171328,22434738176,0,936280064,32777703424,32777703424,192,0,0,1,SCHED_OTHER,0,62195.3,11915.8,4996,5.21955
65536,2,64,65536,2,64,524288,16,64,6291456,48,64,0,0,0,12, Six-Core AMD Opteron(tm) Processor 2431,2412481024,Linux,cinnaproa.int.seas.wustl.edu,3.0.27,#1 SMP Tue Apr 17 10:58:24 CDT 2012,x86_64,7889443,787040,787648,789408,32883171328,22434738176,0,936280064,32777703424,32777703424,192,0,0,1,SCHED_OTHER,0,11893.5,5581.96,25,2.1307
65536,2,64,65536,2,64,524288,16,64,6291456,48,64,0,0,0,12, Six-Core AMD Opteron(tm) Processor 2431,2412481024,Linux,cinnaproa.int.seas.wustl.edu,3.0.27,#1 SMP Tue Apr 17 10:58:24 CDT 2012,x86_64,7889443,787040,787648,789408,32883171328,22434738176,0,936280064,32777703424,32777703424,192,0,0,1,SCHED_OTHER,0,11954.3,11873.6,0,1.0068
65536,2,64,65536,2,64,524288,16,64,6291456,48,64,0,0,0,12, Six-Core AMD Opteron(tm) Processor 2431,2412481024,Linux,cinnaproa.int.seas.wustl.edu,3.0.27,#1 SMP Tue Apr 17 10:58:24 CDT 2012,x86_64,7889443,787040,787648,789408,32883171328,22434738176,0,936280064,32777703424,32777703424,192,0,0,1,SCHED_OTHER,0,12012.7,11959.5,0,1.00445
65536,2,64,65536,2,64,524288,16,64,6291456,48,64,0,0,0,12, Six-Core AMD Opteron(tm) Processor 2431,2412481024,Linux,cinnaproa.int.seas.wustl.edu,3.0.27,#1 SMP Tue Apr 17 10:58:24 CDT 2012,x86_64,7889443,787040,787648,789408,32883171328,22434738176,0,936280064,32777703424,32777703424,192,0,0,1,SCHED_OTHER,0,12079.2,11927,0,1.01276
65536,2,64,65536,2,64,524288,16,64,6291456,48,64,0,0,0,12, Six-Core AMD Opteron(tm) Processor 2431,2412481024,Linux,cinnaproa.int.seas.wustl.edu,3.0.27,#1 SMP Tue Apr 17 10:58:24 CDT 2012,x86_64,7892483,787424,790592,789440,32883171328,22434631680,0,936304640,32777703424,32777703424,191,0,0,1,SCHED_OTHER,0,11867.9,3977.35,26,2.98388
65536,2,64,65536,2,64,524288,16,64,6291456,48,64,0,0,0,12, Six-Core AMD Opteron(tm) Processor 2431,2412481024,Linux,cinnaproa.int.seas.wustl.edu,3.0.27,#1 SMP Tue Apr 17 10:58:24 CDT 2012,x86_64,7892483,787424,790592,789440,32883171328,22434631680,0,936304640,32777703424,32777703424,191,0,0,1,SCHED_OTHER,0,68357.4,11988.3,4996,5.702
65536,2,64,65536,2,64,524288,16,64,6291456,48,64,0,0,0,12, Six-Core AMD Opteron(tm) Processor 2431,2412481024,Linux,cinnaproa.int.seas.wustl.edu,3.0.27,#1 SMP Tue Apr 17 10:58:24 CDT 2012,x86_64,7892483,787424,790592,789440,32883171328,22434631680,0,936304640,32777703424,32777703424,191,0,0,1,SCHED_OTHER,0,11793.7,3010.6,16,3.91738
65536,2,64,65536,2,64,524288,16,64,6291456,48,64,0,0,0,12, Six-Core AMD Opteron(tm) Processor 2431,2412481024,Linux,cinnaproa.int.seas.wustl.edu,3.0.27,#1 SMP Tue Apr 17 10:58:24 CDT 2012,x86_64,7892483,787424,790592,789440,32883171328,22434631680,0,936304640,32777703424,32777703424,191,0,0,1,SCHED_OTHER,0,11990.7,11883.2,0,1.00905
65536,2,64,65536,2,64,524288,16,64,6291456,48,64,0,0,0,12, Six-Core AMD Opteron(tm) Processor 2431,2412481024,Linux,cinnaproa.int.seas.wustl.edu,3.0.27,#1 SMP Tue Apr 17 10:58:24 CDT 2012,x86_64,7892483,787424,790592,789440,32883171328,22434631680,0,936304640,32777703424,32777703424,191,0,0,1,SCHED_OTHER,0,11907.7,11843.9,0,1.00538
65536,2,64,65536,2,64,524288,16,64,6291456,48,64,0,0,0,12, Six-Core AMD Opteron(tm) Processor 2431,2412481024,Linux,cinnaproa.int.seas.wustl.edu,3.0.27,#1 SMP Tue Apr 17 10:58:24 CDT 2012,x86_64,7892483,787424,790592,789440,32883171328,22434631680,0,936304640,32777703424,32777703424,191,0,0,1,SCHED_OTHER,0,11947.3,11863.6,0,1.00706
65536,2,64,65536,2,64,524288,16,64,6291456,48,64,0,0,0,12, Six-Core AMD Opteron(tm) Processor 2431,2412481024,Linux,cinnaproa.int.seas.wustl.edu,3.0.27,#1 SMP Tue Apr 17 10:58:24 CDT 2012,x86_64,7895522,809856,806784,792928,32883171328,22434484224,0,936312832,32777703424,32777703424,191,0,0,1,SCHED_OTHER,0,11832.3,3817.64,22,3.09938
65536,2,64,65536,2,64,524288,16,64,6291456,48,64,0,0,0,12, Six-Core AMD Opteron(tm) Processor 2431,2412481024,Linux,cinnaproa.int.seas.wustl.edu,3.0.27,#1 SMP Tue Apr 17 10:58:24 CDT 2012,x86_64,7895522,809856,806784,792928,32883171328,22434484224,0,936312832,32777703424,32777703424,191,0,0,1,SCHED_OTHER,0,56644.3,11998.1,4996,4.72111
65536,2,64,65536,2,64,524288,16,64,6291456,48,64,0,0,0,12, Six-Core AMD Opteron(tm) Processor 2431,2412481024,Linux,cinnaproa.int.seas.wustl.edu,3.0.27,#1 SMP Tue Apr 17 10:58:24 CDT 2012,x86_64,7895522,809856,806784,792928,32883171328,22434484224,0,936312832,32777703424,32777703424,191,0,0,1,SCHED_OTHER,0,11875.9,4799.17,24,2.47459
65536,2,64,65536,2,64,524288,16,64,6291456,48,64,0,0,0,12, Six-Core AMD Opteron(tm) Processor 2431,2412481024,Linux,cinnaproa.int.seas.wustl.edu,3.0.27,#1 SMP Tue Apr 17 10:58:24 CDT 2012,x86_64,7895522,809856,806784,792928,32883171328,22434484224,0,936312832,32777703424,32777703424,191,0,0,1,SCHED_OTHER,0,11945.9,11864.5,0,1.00686
65536,2,64,65536,2,64,524288,16,64,6291456,48,64,0,0,0,12, Six-Core AMD Opteron(tm) Processor 2431,2412481024,Linux,cinnaproa.int.seas.wustl.edu,3.0.27,#1 SMP Tue Apr 17 10:58:24 CDT 2012,x86_64,7895522,809856,806784,792928,32883171328,22434484224,0,936312832,32777703424,32777703424,191,0,0,1,SCHED_OTHER,0,11924.7,11859.8,0,1.00547
65536,2,64,65536,2,64,524288,16,64,6291456,48,64,0,0,0,12, Six-Core AMD Opteron(tm) Processor 2431,2412481024,Linux,cinnaproa.int.seas.wustl.edu,3.0.27,#1 SMP Tue Apr 17 10:58:24 CDT 2012,x86_64,7895522,809856,806784,792928,32883171328,22434484224,0,936312832,32777703424,32777703424,191,0,0,1,SCHED_OTHER,0,11939.8,11847.9,0,1.00776
65536,2,64,65536,2,64,524288,16,64,6291456,48,64,0,0,0,12, Six-Core AMD Opteron(tm) Processor 2431,2412481024,Linux,cinnaproa.int.seas.wustl.edu,3.0.27,#1 SMP Tue Apr 17 10:58:24 CDT 2012,x86_64,7898559,786624,787392,784160,32883171328,22434910208,0,936316928,32777703424,32777703424,190,0,0,1,SCHED_OTHER,0,11968,4186.42,25,2.85877
65536,2,64,65536,2,64,524288,16,64,6291456,48,64,0,0,0,12, Six-Core AMD Opteron(tm) Processor 2431,2412481024,Linux,cinnaproa.int.seas.wustl.edu,3.0.27,#1 SMP Tue Apr 17 10:58:24 CDT 2012,x86_64,7898559,786624,787392,784160,32883171328,22434910208,0,936316928,32777703424,32777703424,190,0,0,1,SCHED_OTHER,0,58288,11840,4996,4.92297
65536,2,64,65536,2,64,524288,16,64,6291456,48,64,0,0,0,12, Six-Core AMD Opteron(tm) Processor 2431,2412481024,Linux,cinnaproa.int.seas.wustl.edu,3.0.27,#1 SMP Tue Apr 17 10:58:24 CDT 2012,x86_64,7898559,786624,787392,784160,32883171328,22434910208,0,936316928,32777703424,32777703424,190,0,0,1,SCHED_OTHER,0,11829.8,3033.59,18,3.89959
65536,2,64,65536,2,64,524288,16,64,6291456,48,64,0,0,0,12, Six-Core AMD Opteron(tm) Processor 2431,2412481024,Linux,cinnaproa.int.seas.wustl.edu,3.0.27,#1 SMP Tue Apr 17 10:58:24 CDT 2012,x86_64,7898559,786624,787392,784160,32883171328,22434910208,0,936316928,32777703424,32777703424,190,0,0,1,SCHED_OTHER,0,12065.4,11863.8,0,1.017
65536,2,64,65536,2,64,524288,16,64,6291456,48,64,0,0,0,12, Six-Core AMD Opteron(tm) Processor 2431,2412481024,Linux,cinnaproa.int.seas.wustl.edu,3.0.27,#1 SMP Tue Apr 17 10:58:24 CDT 2012,x86_64,7898559,786624,787392,784160,32883171328,22434910208,0,936316928,32777703424,32777703424,190,0,0,1,SCHED_OTHER,0,11935.5,11851.7,0,1.00708
65536,2,64,65536,2,64,524288,16,64,6291456,48,64,0,0,0,12, Six-Core AMD Opteron(tm) Processor 2431,2412481024,Linux,cinnaproa.int.seas.wustl.edu,3.0.27,#1 SMP Tue Apr 17 10:58:24 CDT 2012,x86_64,7898559,786624,787392,784160,32883171328,22434910208,0,936316928,32777703424,32777703424,190,0,0,1,SCHED_OTHER,0,11948.4,11863.8,0,1.00713
65536,2,64,65536,2,64,524288,16,64,6291456,48,64,0,0,0,12, Six-Core AMD Opteron(tm) Processor 2431,2412481024,Linux,cinnaproa.int.seas.wustl.edu,3.0.27,#1 SMP Tue Apr 17 10:58:24 CDT 2012,x86_64,7901641,771232,784352,783456,32883171328,22433009664,0,936321024,32777703424,32777703424,191,0,0,1,SCHED_OTHER,0,11680.5,5936.14,25,1.96769
65536,2,64,65536,2,64,524288,16,64,6291456,48,64,0,0,0,12, Six-Core AMD Opteron(tm) Processor 2431,2412481024,Linux,cinnaproa.int.seas.wustl.edu,3.0.27,#1 SMP Tue Apr 17 10:58:24 CDT 2012,x86_64,7901641,771232,784352,783456,32883171328,22433009664,0,936321024,32777703424,32777703424,191,0,0,1,SCHED_OTHER,0,56158.3,11655.1,4996,4.81835
65536,2,64,65536,2,64,524288,16,64,6291456,48,64,0,0,0,12, Six-Core AMD Opteron(tm) Processor 2431,2412481024,Linux,cinnaproa.int.seas.wustl.edu,3.0.27,#1 SMP Tue Apr 17 10:58:24 CDT 2012,x86_64,7901641,771232,784352,783456,32883171328,22433009664,0,936321024,32777703424,32777703424,191,0,0,1,SCHED_OTHER,0,11689.6,5490.87,23,2.12892
65536,2,64,65536,2,64,524288,16,64,6291456,48,64,0,0,0,12, Six-Core AMD Opteron(tm) Processor 2431,2412481024,Linux,cinnaproa.int.seas.wustl.edu,3.0.27,#1 SMP Tue Apr 17 10:58:24 CDT 2012,x86_64,7901641,771232,784352,783456,32883171328,22433009664,0,936321024,32777703424,32777703424,191,0,0,1,SCHED_OTHER,0,11765.9,11651.7,0,1.0098
65536,2,64,65536,2,64,524288,16,64,6291456,48,64,0,0,0,12, Six-Core AMD Opteron(tm) Processor 2431,2412481024,Linux,cinnaproa.int.seas.wustl.edu,3.0.27,#1 SMP Tue Apr 17 10:58:24 CDT 2012,x86_64,7901641,771232,784352,783456,32883171328,22433009664,0,936321024,32777703424,32777703424,191,0,0,1,SCHED_OTHER,0,11759.3,11678,0,1.00697
65536,2,64,65536,2,64,524288,16,64,6291456,48,64,0,0,0,12, Six-Core AMD Opteron(tm) Processor 2431,2412481024,Linux,cinnaproa.int.seas.wustl.edu,3.0.27,#1 SMP Tue Apr 17 10:58:24 CDT 2012,x86_64,7901641,771232,784352,783456,32883171328,22433009664,0,936321024,32777703424,32777703424,191,0,0,1,SCHED_OTHER,0,11752.6,11676,0,1.00655
65536,2,64,65536,2,64,524288,16,64,6291456,48,64,0,0,0,12, Six-Core AMD Opteron(tm) Processor 2431,2412481024,Linux,cinnaproa.int.seas.wustl.edu,3.0.27,#1 SMP Tue Apr 17 10:58:24 CDT 2012,x86_64,7904674,786624,787392,784160,32883171328,22434578432,0,936329216,32777703424,32777703424,191,0,0,1,SCHED_OTHER,0,11984.6,3904,25,3.06983
65536,2,64,65536,2,64,524288,16,64,6291456,48,64,0,0,0,12, Six-Core AMD Opteron(tm) Processor 2431,2412481024,Linux,cinnaproa.int.seas.wustl.edu,3.0.27,#1 SMP Tue Apr 17 10:58:24 CDT 2012,x86_64,7904674,786624,787392,784160,32883171328,22434578432,0,936329216,32777703424,32777703424,191,0,0,1,SCHED_OTHER,0,24682.7,11881.7,4996,2.07738
65536,2,64,65536,2,64,524288,16,64,6291456,48,64,0,0,0,12, Six-Core AMD Opteron(tm) Processor 2431,2412481024,Linux,cinnaproa.int.seas.wustl.edu,3.0.27,#1 SMP Tue Apr 17 10:58:24 CDT 2012,x86_64,7904674,786624,787392,784160,32883171328,22434578432,0,936329216,32777703424,32777703424,191,0,0,1,SCHED_OTHER,0,12000.3,3730.48,23,3.21682
65536,2,64,65536,2,64,524288,16,64,6291456,48,64,0,0,0,12, Six-Core AMD Opteron(tm) Processor 2431,2412481024,Linux,cinnaproa.int.seas.wustl.edu,3.0.27,#1 SMP Tue Apr 17 10:58:24 CDT 2012,x86_64,7904674,786624,787392,784160,32883171328,22434578432,0,936329216,32777703424,32777703424,191,0,0,1,SCHED_OTHER,0,12056.7,11888.8,0,1.01412
65536,2,64,65536,2,64,524288,16,64,6291456,48,64,0,0,0,12, Six-Core AMD Opteron(tm) Processor 2431,2412481024,Linux,cinnaproa.int.seas.wustl.edu,3.0.27,#1 SMP Tue Apr 17 10:58:24 CDT 2012,x86_64,7904674,786624,787392,784160,32883171328,22434578432,0,936329216,32777703424,32777703424,191,0,0,1,SCHED_OTHER,0,11970.7,11878.9,0,1.00773
65536,2,64,65536,2,64,524288,16,64,6291456,48,64,0,0,0,12, Six-Core AMD Opteron(tm) Processor 2431,2412481024,Linux,cinnaproa.int.seas.wustl.edu,3.0.27,#1 SMP Tue Apr 17 10:58:24 CDT 2012,x86_64,7904674,786624,787392,784160,32883171328,22434578432,0,936329216,32777703424,32777703424,191,0,0,1,SCHED_OTHER,0,11963.4,11883.2,0,1.00675
65536,2,64,65536,2,64,524288,16,64,6291456,48,64,0,0,0,12, Six-Core AMD Opteron(tm) Processor 2431,2412481024,Linux,cinnaproa.int.seas.wustl.edu,3.0.27,#1 SMP Tue Apr 17 10:58:24 CDT 2012,x86_64,7907711,786624,787392,789408,32883171328,22434848768,0,936345600,32777703424,32777703424,191,0,0,1,SCHED_OTHER,0,11850,3172.01,18,3.73581
65536,2,64,65536,2,64,524288,16,64,6291456,48,64,0,0,0,12, Six-Core AMD Opteron(tm) Processor 2431,2412481024,Linux,cinnaproa.int.seas.wustl.edu,3.0.27,#1 SMP Tue Apr 17 10:58:24 CDT 2012,x86_64,7907711,786624,787392,789408,32883171328,22434848768,0,936345600,32777703424,32777703424,191,0,0,1,SCHED_OTHER,0,48691.5,12031.3,4996,4.04708
65536,2,64,65536,2,64,524288,16,64,6291456,48,64,0,0,0,12, Six-Core AMD Opteron(tm) Processor 2431,2412481024,Linux,cinnaproa.int.seas.wustl.edu,3.0.27,#1 SMP Tue Apr 17 10:58:24 CDT 2012,x86_64,7907711,786624,787392,789408,32883171328,22434848768,0,936345600,32777703424,32777703424,191,0,0,1,SCHED_OTHER,0,11898.9,6096.4,22,1.95179
65536,2,64,65536,2,64,524288,16,64,6291456,48,64,0,0,0,12, Six-Core AMD Opteron(tm) Processor 2431,2412481024,Linux,cinnaproa.int.seas.wustl.edu,3.0.27,#1 SMP Tue Apr 17 10:58:24 CDT 2012,x86_64,7907711,786624,787392,789408,32883171328,22434848768,0,936345600,32777703424,32777703424,191,0,0,1,SCHED_OTHER,0,11970.2,11890.6,0,1.0067
65536,2,64,65536,2,64,524288,16,64,6291456,48,64,0,0,0,12, Six-Core AMD Opteron(tm) Processor 2431,2412481024,Linux,cinnaproa.int.seas.wustl.edu,3.0.27,#1 SMP Tue Apr 17 10:58:24 CDT 2012,x86_64,7907711,786624,787392,789408,32883171328,22434848768,0,936345600,32777703424,32777703424,191,0,0,1,SCHED_OTHER,0,11970.2,11937.6,0,1.00273
65536,2,64,65536,2,64,524288,16,64,6291456,48,64,0,0,0,12, Six-Core AMD Opteron(tm) Processor 2431,2412481024,Linux,cinnaproa.int.seas.wustl.edu,3.0.27,#1 SMP Tue Apr 17 10:58:24 CDT 2012,x86_64,7907711,786624,787392,789408,32883171328,22434848768,0,936345600,32777703424,32777703424,191,0,0,1,SCHED_OTHER,0,12903.8,4.45907e+06,2068,0.00289382
65536,2,64,65536,2,64,524288,16,64,6291456,48,64,0,0,0,12, Six-Core AMD Opteron(tm) Processor 2431,2412481024,Linux,cinnaproa.int.seas.wustl.edu,3.0.27,#1 SMP Tue Apr 17 10:58:24 CDT 2012,x86_64,7910797,770880,785056,788352,32883171328,22434648064,0,936345600,32777703424,32777703424,191,0,0,1,SCHED_OTHER,0,11804.4,5952.21,21,1.9832
65536,2,64,65536,2,64,524288,16,64,6291456,48,64,0,0,0,12, Six-Core AMD Opteron(tm) Processor 2431,2412481024,Linux,cinnaproa.int.seas.wustl.edu,3.0.27,#1 SMP Tue Apr 17 10:58:24 CDT 2012,x86_64,7910797,770880,785056,788352,32883171328,22434648064,0,936345600,32777703424,32777703424,191,0,0,1,SCHED_OTHER,0,49330.3,11798.9,4996,4.18091
65536,2,64,65536,2,64,524288,16,64,6291456,48,64,0,0,0,12, Six-Core AMD Opteron(tm) Processor 2431,2412481024,Linux,cinnaproa.int.seas.wustl.edu,3.0.27,#1 SMP Tue Apr 17 10:58:24 CDT 2012,x86_64,7910797,770880,785056,788352,32883171328,22434648064,0,936345600,32777703424,32777703424,191,0,0,1,SCHED_OTHER,0,11680,4225.08,18,2.76444
65536,2,64,65536,2,64,524288,16,64,6291456,48,64,0,0,0,12, Six-Core AMD Opteron(tm) Processor 2431,2412481024,Linux,cinnaproa.int.seas.wustl.edu,3.0.27,#1 SMP Tue Apr 17 10:58:24 CDT 2012,x86_64,7910797,770880,785056,788352,32883171328,22434648064,0,936345600,32777703424,32777703424,191,0,0,1,SCHED_OTHER,0,11861.4,11717.9,0,1.01225
65536,2,64,65536,2,64,524288,16,64,6291456,48,64,0,0,0,12, Six-Core AMD Opteron(tm) Processor 2431,2412481024,Linux,cinnaproa.int.seas.wustl.edu,3.0.27,#1 SMP Tue Apr 17 10:58:24 CDT 2012,x86_64,7910797,770880,785056,788352,32883171328,22434648064,0,936345600,32777703424,32777703424,191,0,0,1,SCHED_OTHER,0,11878.9,11752.7,0,1.01073
65536,2,64,65536,2,64,524288,16,64,6291456,48,64,0,0,0,12, Six-Core AMD Opteron(tm) Processor 2431,2412481024,Linux,cinnaproa.int.seas.wustl.edu,3.0.27,#1 SMP Tue Apr 17 10:58:24 CDT 2012,x86_64,7910797,770880,785056,788352,32883171328,22434648064,0,936345600,32777703424,32777703424,191,0,0,1,SCHED_OTHER,0,11758.9,11670.5,0,1.00757
65536,2,64,65536,2,64,524288,16,64,6291456,48,64,0,0,0,12, Six-Core AMD Opteron(tm) Processor 2431,2412481024,Linux,cinnaproa.int.seas.wustl.edu,3.0.27,#1 SMP Tue Apr 17 10:58:24 CDT 2012,x86_64,7913881,786624,792160,790272,32883171328,22434603008,0,936366080,32777703424,32777703424,191,0,0,1,SCHED_OTHER,0,11818.7,5898.16,23,2.0038
65536,2,64,65536,2,64,524288,16,64,6291456,48,64,0,0,0,12, Six-Core AMD Opteron(tm) Processor 2431,2412481024,Linux,cinnaproa.int.seas.wustl.edu,3.0.27,#1 SMP Tue Apr 17 10:58:24 CDT 2012,x86_64,7913881,786624,792160,790272,32883171328,22434603008,0,936366080,32777703424,32777703424,191,0,0,1,SCHED_OTHER,0,46490.5,11677,4996,3.98138
65536,2,64,65536,2,64,524288,16,64,6291456,48,64,0,0,0,12, Six-Core AMD Opteron(tm) Processor 2431,2412481024,Linux,cinnaproa.int.seas.wustl.edu,3.0.27,#1 SMP Tue Apr 17 10:58:24 CDT 2012,x86_64,7913881,786624,792160,790272,32883171328,22434603008,0,936366080,32777703424,32777703424,191,0,0,1,SCHED_OTHER,0,11685.6,4726.8,20,2.47219
65536,2,64,65536,2,64,524288,16,64,6291456,48,64,0,0,0,12, Six-Core AMD Opteron(tm) Processor 2431,2412481024,Linux,cinnaproa.int.seas.wustl.edu,3.0.27,#1 SMP Tue Apr 17 10:58:24 CDT 2012,x86_64,7913881,786624,792160,790272,32883171328,22434603008,0,936366080,32777703424,32777703424,191,0,0,1,SCHED_OTHER,0,11757.1,11685.1,0,1.00617
65536,2,64,65536,2,64,524288,16,64,6291456,48,64,0,0,0,12, Six-Core AMD Opteron(tm) Processor 2431,2412481024,Linux,cinnaproa.int.seas.wustl.edu,3.0.27,#1 SMP Tue Apr 17 10:58:24 CDT 2012,x86_64,7913881,786624,792160,790272,32883171328,22434603008,0,936366080,32777703424,32777703424,191,0,0,1,SCHED_OTHER,0,11749.4,11694.8,0,1.00467
65536,2,64,65536,2,64,524288,16,64,6291456,48,64,0,0,0,12, Six-Core AMD Opteron(tm) Processor 2431,2412481024,Linux,cinnaproa.int.seas.wustl.edu,3.0.27,#1 SMP Tue Apr 17 10:58:24 CDT 2012,x86_64,7913881,786624,792160,790272,32883171328,22434603008,0,936366080,32777703424,32777703424,191,0,0,1,SCHED_OTHER,0,11858.7,11725.9,0,1.01132
65536,2,64,65536,2,64,524288,16,64,6291456,48,64,0,0,0,12, Six-Core AMD Opteron(tm) Processor 2431,2412481024,Linux,cinnaproa.int.seas.wustl.edu,3.0.27,#1 SMP Tue Apr 17 10:58:24 CDT 2012,x86_64,7916911,789184,788224,783808,32883171328,22434729984,0,936366080,32777703424,32777703424,191,0,0,1,SCHED_OTHER,0,11835.6,3708.97,23,3.19106
65536,2,64,65536,2,64,524288,16,64,6291456,48,64,0,0,0,12, Six-Core AMD Opteron(tm) Processor 2431,2412481024,Linux,cinnaproa.int.seas.wustl.edu,3.0.27,#1 SMP Tue Apr 17 10:58:24 CDT 2012,x86_64,7916911,789184,788224,783808,32883171328,22434729984,0,936366080,32777703424,32777703424,191,0,0,1,SCHED_OTHER,0,59282.4,11871.5,4996,4.99367
65536,2,64,65536,2,64,524288,16,64,6291456,48,64,0,0,0,12, Six-Core AMD Opteron(tm) Processor 2431,2412481024,Linux,cinnaproa.int.seas.wustl.edu,3.0.27,#1 SMP Tue Apr 17 10:58:24 CDT 2012,x86_64,7916911,789184,788224,783808,32883171328,22434729984,0,936366080,32777703424,32777703424,191,0,0,1,SCHED_OTHER,0,11870,2940.71,22,4.03644
65536,2,64,65536,2,64,524288,16,64,6291456,48,64,0,0,0,12, Six-Core AMD Opteron(tm) Processor 2431,2412481024,Linux,cinnaproa.int.seas.wustl.edu,3.0.27,#1 SMP Tue Apr 17 10:58:24 CDT 2012,x86_64,7916911,789184,788224,783808,32883171328,22434729984,0,936366080,32777703424,32777703424,191,0,0,1,SCHED_OTHER,0,11968.2,11881.9,0,1.00726
65536,2,64,65536,2,64,524288,16,64,6291456,48,64,0,0,0,12, Six-Core AMD Opteron(tm) Processor 2431,2412481024,Linux,cinnaproa.int.seas.wustl.edu,3.0.27,#1 SMP Tue Apr 17 10:58:24 CDT 2012,x86_64,7916911,789184,788224,783808,32883171328,22434729984,0,936366080,32777703424,32777703424,191,0,0,1,SCHED_OTHER,0,11968.4,11898.1,0,1.00591
65536,2,64,65536,2,64,524288,16,64,6291456,48,64,0,0,0,12, Six-Core AMD Opteron(tm) Processor 2431,2412481024,Linux,cinnaproa.int.seas.wustl.edu,3.0.27,#1 SMP Tue Apr 17 10:58:24 CDT 2012,x86_64,7916911,789184,788224,783808,32883171328,22434729984,0,936366080,32777703424,32777703424,191,0,0,1,SCHED_OTHER,0,11986.3,11901.3,0,1.00714
65536,2,64,65536,2,64,524288,16,64,6291456,48,64,0,0,0,12, Six-Core AMD Opteron(tm) Processor 2431,2412481024,Linux,cinnaproa.int.seas.wustl.edu,3.0.27,#1 SMP Tue Apr 17 10:58:24 CDT 2012,x86_64,7919957,786624,787392,784512,32883171328,22435364864,0,936374272,32777703424,32777703424,191,0,0,1,SCHED_OTHER,0,11787.4,2725.14,17,4.32544
65536,2,64,65536,2,64,524288,16,64,6291456,48,64,0,0,0,12, Six-Core AMD Opteron(tm) Processor 2431,2412481024,Linux,cinnaproa.int.seas.wustl.edu,3.0.27,#1 SMP Tue Apr 17 10:58:24 CDT 2012,x86_64,7919957,786624,787392,784512,32883171328,22435364864,0,936374272,32777703424,32777703424,191,0,0,1,SCHED_OTHER,0,59364.3,11964,4996,4.9619
65536,2,64,65536,2,64,524288,16,64,6291456,48,64,0,0,0,12, Six-Core AMD Opteron(tm) Processor 2431,2412481024,Linux,cinnaproa.int.seas.wustl.edu,3.0.27,#1 SMP Tue Apr 17 10:58:24 CDT 2012,x86_64,7919957,786624,787392,784512,32883171328,22435364864,0,936374272,32777703424,32777703424,191,0,0,1,SCHED_OTHER,0,11944.9,2721.07,16,4.38979
65536,2,64,65536,2,64,524288,16,64,6291456,48,64,0,0,0,12, Six-Core AMD Opteron(tm) Processor 2431,2412481024,Linux,cinnaproa.int.seas.wustl.edu,3.0.27,#1 SMP Tue Apr 17 10:58:24 CDT 2012,x86_64,7919957,786624,787392,784512,32883171328,22435364864,0,936374272,32777703424,32777703424,191,0,0,1,SCHED_OTHER,0,11928.1,11829.6,0,1.00833
65536,2,64,65536,2,64,524288,16,64,6291456,48,64,0,0,0,12, Six-Core AMD Opteron(tm) Processor 2431,2412481024,Linux,cinnaproa.int.seas.wustl.edu,3.0.27,#1 SMP Tue Apr 17 10:58:24 CDT 2012,x86_64,7919957,786624,787392,784512,32883171328,22435364864,0,936374272,32777703424,32777703424,191,0,0,1,SCHED_OTHER,0,11893.2,11839.8,0,1.00451
65536,2,64,65536,2,64,524288,16,64,6291456,48,64,0,0,0,12, Six-Core AMD Opteron(tm) Processor 2431,2412481024,Linux,cinnaproa.int.seas.wustl.edu,3.0.27,#1 SMP Tue Apr 17 10:58:24 CDT 2012,x86_64,7919957,786624,787392,784512,32883171328,22435364864,0,936374272,32777703424,32777703424,191,0,0,1,SCHED_OTHER,0,11934.6,11847.1,0,1.00739
65536,2,64,65536,2,64,524288,16,64,6291456,48,64,0,0,0,12, Six-Core AMD Opteron(tm) Processor 2431,2412481024,Linux,cinnaproa.int.seas.wustl.edu,3.0.27,#1 SMP Tue Apr 17 10:58:24 CDT 2012,x86_64,7922998,786624,787392,786976,32883171328,22435233792,0,936374272,32777703424,32777703424,191,0,0,1,SCHED_OTHER,0,11853.2,5449.49,23,2.17511
65536,2,64,65536,2,64,524288,16,64,6291456,48,64,0,0,0,12, Six-Core AMD Opteron(tm) Processor 2431,2412481024,Linux,cinnaproa.int.seas.wustl.edu,3.0.27,#1 SMP Tue Apr 17 10:58:24 CDT 2012,x86_64,7922998,786624,787392,786976,32883171328,22435233792,0,936374272,32777703424,32777703424,191,0,0,1,SCHED_OTHER,0,54579.2,11953.9,4996,4.56582
65536,2,64,65536,2,64,524288,16,64,6291456,48,64,0,0,0,12, Six-Core AMD Opteron(tm) Processor 2431,2412481024,Linux,cinnaproa.int.seas.wustl.edu,3.0.27,#1 SMP Tue Apr 17 10:58:24 CDT 2012,x86_64,7922998,786624,787392,786976,32883171328,22435233792,0,936374272,32777703424,32777703424,191,0,0,1,SCHED_OTHER,0,11809.3,3017.21,17,3.91398
65536,2,64,65536,2,64,524288,16,64,6291456,48,64,0,0,0,12, Six-Core AMD Opteron(tm) Processor 2431,2412481024,Linux,cinnaproa.int.seas.wustl.edu,3.0.27,#1 SMP Tue Apr 17 10:58:24 CDT 2012,x86_64,7922998,786624,787392,786976,32883171328,22435233792,0,936374272,32777703424,32777703424,191,0,0,1,SCHED_OTHER,0,11929.8,11839.9,0,1.00759
65536,2,64,65536,2,64,524288,16,64,6291456,48,64,0,0,0,12, Six-Core AMD Opteron(tm) Processor 2431,2412481024,Linux,cinnaproa.int.seas.wustl.edu,3.0.27,#1 SMP Tue Apr 17 10:58:24 CDT 2012,x86_64,7922998,786624,787392,786976,32883171328,22435233792,0,936374272,32777703424,32777703424,191,0,0,1,SCHED_OTHER,0,11981.2,11890.1,0,1.00767
65536,2,64,65536,2,64,524288,16,64,6291456,48,64,0,0,0,12, Six-Core AMD Opteron(tm) Processor 2431,2412481024,Linux,cinnaproa.int.seas.wustl.edu,3.0.27,#1 SMP Tue Apr 17 10:58:24 CDT 2012,x86_64,7922998,786624,787392,786976,32883171328,22435233792,0,936374272,32777703424,32777703424,191,0,0,1,SCHED_OTHER,0,11939.5,11863.8,0,1.00638
65536,2,64,65536,2,64,524288,16,64,6291456,48,64,0,0,0,12, Six-Core AMD Opteron(tm) Processor 2431,2412481024,Linux,cinnaproa.int.seas.wustl.edu,3.0.27,#1 SMP Tue Apr 17 10:58:24 CDT 2012,x86_64,7926082,786624,788288,788000,32883171328,22433820672,0,936423424,32777703424,32777703424,191,0,0,1,SCHED_OTHER,0,11671.9,4390.63,21,2.65838
65536,2,64,65536,2,64,524288,16,64,6291456,48,64,0,0,0,12, Six-Core AMD Opteron(tm) Processor 2431,2412481024,Linux,cinnaproa.int.seas.wustl.edu,3.0.27,#1 SMP Tue Apr 17 10:58:24 CDT 2012,x86_64,7926082,786624,788288,788000,32883171328,22433820672,0,936423424,32777703424,32777703424,191,0,0,1,SCHED_OTHER,0,32466.3,11801.8,4996,2.75096
65536,2,64,65536,2,64,524288,16,64,6291456,48,64,0,0,0,12, Six-Core AMD Opteron(tm) Processor 2431,2412481024,Linux,cinnaproa.int.seas.wustl.edu,3.0.27,#1 SMP Tue Apr 17 10:58:24 CDT 2012,x86_64,7926082,786624,788288,788000,32883171328,22433820672,0,936423424,32777703424,32777703424,191,0,0,1,SCHED_OTHER,0,11657.5,3926.02,19,2.96929
65536,2,64,65536,2,64,524288,16,64,6291456,48,64,0,0,0,12, Six-Core AMD Opteron(tm) Processor 2431,2412481024,Linux,cinnaproa.int.seas.wustl.edu,3.0.27,#1 SMP Tue Apr 17 10:58:24 CDT 2012,x86_64,7926082,786624,788288,788000,32883171328,22433820672,0,936423424,32777703424,32777703424,191,0,0,1,SCHED_OTHER,0,11757.5,11694,0,1.00544
65536,2,64,65536,2,64,524288,16,64,6291456,48,64,0,0,0,12, Six-Core AMD Opteron(tm) Processor 2431,2412481024,Linux,cinnaproa.int.seas.wustl.edu,3.0.27,#1 SMP Tue Apr 17 10:58:24 CDT 2012,x86_64,7926082,786624,788288,788000,32883171328,22433820672,0,936423424,32777703424,32777703424,191,0,0,1,SCHED_OTHER,0,11744.5,11689.7,0,1.00469
65536,2,64,65536,2,64,524288,16,64,6291456,48,64,0,0,0,12, Six-Core AMD Opteron(tm) Processor 2431,2412481024,Linux,cinnaproa.int.seas.wustl.edu,3.0.27,#1 SMP Tue Apr 17 10:58:24 CDT 2012,x86_64,7926082,786624,788288,788000,32883171328,22433820672,0,936423424,32777703424,32777703424,191,0,0,1,SCHED_OTHER,0,11762.6,11694.4,0,1.00583
