65536,2,64,65536,2,64,524288,16,64,6291456,48,64,0,0,0,12, Six-Core AMD Opteron(tm) Processor 2431,2412481024,Linux,cinnaproa.int.seas.wustl.edu,3.0.27,#1 SMP Tue Apr 17 10:58:24 CDT 2012,x86_64,7263801,86752,58848,62912,32883171328,25771479040,0,931766272,32777703424,32777703424,196,0,0,1,SCHED_OTHER,0,4.63375e+06,3.04562e+06,1,1.52113
65536,2,64,65536,2,64,524288,16,64,6291456,48,64,0,0,0,12, Six-Core AMD Opteron(tm) Processor 2431,2412481024,Linux,cinnaproa.int.seas.wustl.edu,3.0.27,#1 SMP Tue Apr 17 10:58:24 CDT 2012,x86_64,7263801,86752,58848,62912,32883171328,25771479040,0,931766272,32777703424,32777703424,196,0,0,1,SCHED_OTHER,0,4.57815e+06,2.1247e+06,1,2.15458
65536,2,64,65536,2,64,524288,16,64,6291456,48,64,0,0,0,12, Six-Core AMD Opteron(tm) Processor 2431,2412481024,Linux,cinnaproa.int.seas.wustl.edu,3.0.27,#1 SMP Tue Apr 17 10:58:24 CDT 2012,x86_64,7263801,86752,58848,62912,32883171328,25771479040,0,931766272,32777703424,32777703424,196,0,0,1,SCHED_OTHER,0,4.50216e+06,2.95326e+06,1,1.52437
65536,2,64,65536,2,64,524288,16,64,6291456,48,64,0,0,0,12, Six-Core AMD Opteron(tm) Processor 2431,2412481024,Linux,cinnaproa.int.seas.wustl.edu,3.0.27,#1 SMP Tue Apr 17 10:58:24 CDT 2012,x86_64,7263801,86752,58848,62912,32883171328,25771479040,0,931766272,32777703424,32777703424,196,0,0,1,SCHED_OTHER,0,3.33443e+06,2.17471e+06,1,1.53319
65536,2,64,65536,2,64,524288,16,64,6291456,48,64,0,0,0,12, Six-Core AMD Opteron(tm) Processor 2431,2412481024,Linux,cinnaproa.int.seas.wustl.edu,3.0.27,#1 SMP Tue Apr 17 10:58:24 CDT 2012,x86_64,7263801,86752,58848,62912,32883171328,25771479040,0,931766272,32777703424,32777703424,196,0,0,1,SCHED_OTHER,0,3.93091e+06,2.33441e+06,1,1.6838
65536,2,64,65536,2,64,524288,16,64,6291456,48,64,0,0,0,12, Six-Core AMD Opteron(tm) Processor 2431,2412481024,Linux,cinnaproa.int.seas.wustl.edu,3.0.27,#1 SMP Tue Apr 17 10:58:24 CDT 2012,x86_64,7263801,86752,58848,62912,32883171328,25771479040,0,931766272,32777703424,32777703424,196,0,0,1,SCHED_OTHER,0,3.38689e+06,2.20159e+06,1,1.53829
65536,2,64,65536,2,64,524288,16,64,6291456,48,64,0,0,0,12, Six-Core AMD Opteron(tm) Processor 2431,2412481024,Linux,cinnaproa.int.seas.wustl.edu,3.0.27,#1 SMP Tue Apr 17 10:58:24 CDT 2012,x86_64,7263807,79808,57856,62560,32883171328,25769250816,0,931774464,32777703424,32777703424,198,0,0,1,SCHED_OTHER,0,4.61893e+06,3.91514e+06,1,1.17953
65536,2,64,65536,2,64,524288,16,64,6291456,48,64,0,0,0,12, Six-Core AMD Opteron(tm) Processor 2431,2412481024,Linux,cinnaproa.int.seas.wustl.edu,3.0.27,#1 SMP Tue Apr 17 10:58:24 CDT 2012,x86_64,7263807,79808,57856,62560,32883171328,25769250816,0,931774464,32777703424,32777703424,198,0,0,1,SCHED_OTHER,0,4.67334e+06,2.75614e+06,1,1.69561
65536,2,64,65536,2,64,524288,16,64,6291456,48,64,0,0,0,12, Six-Core AMD Opteron(tm) Processor 2431,2412481024,Linux,cinnaproa.int.seas.wustl.edu,3.0.27,#1 SMP Tue Apr 17 10:58:24 CDT 2012,x86_64,7263807,79808,57856,62560,32883171328,25769250816,0,931774464,32777703424,32777703424,198,0,0,1,SCHED_OTHER,0,4.60671e+06,3.98038e+06,1,1.15734
65536,2,64,65536,2,64,524288,16,64,6291456,48,64,0,0,0,12, Six-Core AMD Opteron(tm) Processor 2431,2412481024,Linux,cinnaproa.int.seas.wustl.edu,3.0.27,#1 SMP Tue Apr 17 10:58:24 CDT 2012,x86_64,7263807,79808,57856,62560,32883171328,25769250816,0,931774464,32777703424,32777703424,198,0,0,1,SCHED_OTHER,0,4.10535e+06,2.11686e+06,1,1.93925
65536,2,64,65536,2,64,524288,16,64,6291456,48,64,0,0,0,12, Six-Core AMD Opteron(tm) Processor 2431,2412481024,Linux,cinnaproa.int.seas.wustl.edu,3.0.27,#1 SMP Tue Apr 17 10:58:24 CDT 2012,x86_64,7263807,79808,57856,62560,32883171328,25769250816,0,931774464,32777703424,32777703424,198,0,0,1,SCHED_OTHER,0,5.16511e+06,2.20638e+06,1,2.34086
65536,2,64,65536,2,64,524288,16,64,6291456,48,64,0,0,0,12, Six-Core AMD Opteron(tm) Processor 2431,2412481024,Linux,cinnaproa.int.seas.wustl.edu,3.0.27,#1 SMP Tue Apr 17 10:58:24 CDT 2012,x86_64,7263807,79808,57856,62560,32883171328,25769250816,0,931774464,32777703424,32777703424,198,0,0,1,SCHED_OTHER,0,4.59083e+06,2.07155e+06,1,2.21614
65536,2,64,65536,2,64,524288,16,64,6291456,48,64,0,0,0,12, Six-Core AMD Opteron(tm) Processor 2431,2412481024,Linux,cinnaproa.int.seas.wustl.edu,3.0.27,#1 SMP Tue Apr 17 10:58:24 CDT 2012,x86_64,7263810,83904,59072,62912,32883171328,25768112128,0,931774464,32777703424,32777703424,198,0,0,1,SCHED_OTHER,0,4.59607e+06,2.96271e+06,1,1.551
65536,2,64,65536,2,64,524288,16,64,6291456,48,64,0,0,0,12, Six-Core AMD Opteron(tm) Processor 2431,2412481024,Linux,cinnaproa.int.seas.wustl.edu,3.0.27,#1 SMP Tue Apr 17 10:58:24 CDT 2012,x86_64,7263810,83904,59072,62912,32883171328,25768112128,0,931774464,32777703424,32777703424,198,0,0,1,SCHED_OTHER,0,4.61832e+06,2.16975e+06,1,2.12836
65536,2,64,65536,2,64,524288,16,64,6291456,48,64,0,0,0,12, Six-Core AMD Opteron(tm) Processor 2431,2412481024,Linux,cinnaproa.int.seas.wustl.edu,3.0.27,#1 SMP Tue Apr 17 10:58:24 CDT 2012,x86_64,7263810,83904,59072,62912,32883171328,25768112128,0,931774464,32777703424,32777703424,198,0,0,1,SCHED_OTHER,0,4.56986e+06,2.05842e+06,1,2.21993
65536,2,64,65536,2,64,524288,16,64,6291456,48,64,0,0,0,12, Six-Core AMD Opteron(tm) Processor 2431,2412481024,Linux,cinnaproa.int.seas.wustl.edu,3.0.27,#1 SMP Tue Apr 17 10:58:24 CDT 2012,x86_64,7263810,83904,59072,62912,32883171328,25768112128,0,931774464,32777703424,32777703424,198,0,0,1,SCHED_OTHER,0,3.14984e+06,2.19979e+06,1,1.43181
65536,2,64,65536,2,64,524288,16,64,6291456,48,64,0,0,0,12, Six-Core AMD Opteron(tm) Processor 2431,2412481024,Linux,cinnaproa.int.seas.wustl.edu,3.0.27,#1 SMP Tue Apr 17 10:58:24 CDT 2012,x86_64,7263810,83904,59072,62912,32883171328,25768112128,0,931774464,32777703424,32777703424,198,0,0,1,SCHED_OTHER,0,3.94979e+06,2.3395e+06,1,1.68821
65536,2,64,65536,2,64,524288,16,64,6291456,48,64,0,0,0,12, Six-Core AMD Opteron(tm) Processor 2431,2412481024,Linux,cinnaproa.int.seas.wustl.edu,3.0.27,#1 SMP Tue Apr 17 10:58:24 CDT 2012,x86_64,7263810,83904,59072,62912,32883171328,25768112128,0,931774464,32777703424,32777703424,198,0,0,1,SCHED_OTHER,0,2.5356e+06,2.16345e+06,1,1.17202
65536,2,64,65536,2,64,524288,16,64,6291456,48,64,0,0,0,12, Six-Core AMD Opteron(tm) Processor 2431,2412481024,Linux,cinnaproa.int.seas.wustl.edu,3.0.27,#1 SMP Tue Apr 17 10:58:24 CDT 2012,x86_64,7263814,87680,60256,63264,32883171328,25766506496,0,931778560,32777703424,32777703424,198,0,0,1,SCHED_OTHER,0,4.57185e+06,3.25425e+06,1,1.40459
65536,2,64,65536,2,64,524288,16,64,6291456,48,64,0,0,0,12, Six-Core AMD Opteron(tm) Processor 2431,2412481024,Linux,cinnaproa.int.seas.wustl.edu,3.0.27,#1 SMP Tue Apr 17 10:58:24 CDT 2012,x86_64,7263814,87680,60256,63264,32883171328,25766506496,0,931778560,32777703424,32777703424,198,0,0,1,SCHED_OTHER,0,4.61425e+06,2.25854e+06,1,2.04289
65536,2,64,65536,2,64,524288,16,64,6291456,48,64,0,0,0,12, Six-Core AMD Opteron(tm) Processor 2431,2412481024,Linux,cinnaproa.int.seas.wustl.edu,3.0.27,#1 SMP Tue Apr 17 10:58:24 CDT 2012,x86_64,7263814,87680,60256,63264,32883171328,25766506496,0,931778560,32777703424,32777703424,198,0,0,1,SCHED_OTHER,0,4.57654e+06,3.18784e+06,1,1.43561
65536,2,64,65536,2,64,524288,16,64,6291456,48,64,0,0,0,12, Six-Core AMD Opteron(tm) Processor 2431,2412481024,Linux,cinnaproa.int.seas.wustl.edu,3.0.27,#1 SMP Tue Apr 17 10:58:24 CDT 2012,x86_64,7263814,87680,60256,63264,32883171328,25766506496,0,931778560,32777703424,32777703424,198,0,0,1,SCHED_OTHER,0,3.30861e+06,2.16488e+06,1,1.52831
65536,2,64,65536,2,64,524288,16,64,6291456,48,64,0,0,0,12, Six-Core AMD Opteron(tm) Processor 2431,2412481024,Linux,cinnaproa.int.seas.wustl.edu,3.0.27,#1 SMP Tue Apr 17 10:58:24 CDT 2012,x86_64,7263814,87680,60256,63264,32883171328,25766506496,0,931778560,32777703424,32777703424,198,0,0,1,SCHED_OTHER,0,4.25557e+06,2.28658e+06,1,1.8611
65536,2,64,65536,2,64,524288,16,64,6291456,48,64,0,0,0,12, Six-Core AMD Opteron(tm) Processor 2431,2412481024,Linux,cinnaproa.int.seas.wustl.edu,3.0.27,#1 SMP Tue Apr 17 10:58:24 CDT 2012,x86_64,7263814,87680,60256,63264,32883171328,25766506496,0,931778560,32777703424,32777703424,198,0,0,1,SCHED_OTHER,0,3.37438e+06,2.19035e+06,1,1.54048
65536,2,64,65536,2,64,524288,16,64,6291456,48,64,0,0,0,12, Six-Core AMD Opteron(tm) Processor 2431,2412481024,Linux,cinnaproa.int.seas.wustl.edu,3.0.27,#1 SMP Tue Apr 17 10:58:24 CDT 2012,x86_64,7263816,87680,60256,63264,32883171328,25765986304,0,931778560,32777703424,32777703424,198,0,0,1,SCHED_OTHER,0,4.66962e+06,3.24188e+06,1,1.44019
65536,2,64,65536,2,64,524288,16,64,6291456,48,64,0,0,0,12, Six-Core AMD Opteron(tm) Processor 2431,2412481024,Linux,cinnaproa.int.seas.wustl.edu,3.0.27,#1 SMP Tue Apr 17 10:58:24 CDT 2012,x86_64,7263816,87680,60256,63264,32883171328,25765986304,0,931778560,32777703424,32777703424,198,0,0,1,SCHED_OTHER,0,4.68446e+06,2.24977e+06,1,2.08206
65536,2,64,65536,2,64,524288,16,64,6291456,48,64,0,0,0,12, Six-Core AMD Opteron(tm) Processor 2431,2412481024,Linux,cinnaproa.int.seas.wustl.edu,3.0.27,#1 SMP Tue Apr 17 10:58:24 CDT 2012,x86_64,7263816,87680,60256,63264,32883171328,25765986304,0,931778560,32777703424,32777703424,198,0,0,1,SCHED_OTHER,0,4.62951e+06,3.15029e+06,1,1.46946
65536,2,64,65536,2,64,524288,16,64,6291456,48,64,0,0,0,12, Six-Core AMD Opteron(tm) Processor 2431,2412481024,Linux,cinnaproa.int.seas.wustl.edu,3.0.27,#1 SMP Tue Apr 17 10:58:24 CDT 2012,x86_64,7263816,87680,60256,63264,32883171328,25765986304,0,931778560,32777703424,32777703424,198,0,0,1,SCHED_OTHER,0,3.51678e+06,2.14386e+06,1,1.6403
65536,2,64,65536,2,64,524288,16,64,6291456,48,64,0,0,0,12, Six-Core AMD Opteron(tm) Processor 2431,2412481024,Linux,cinnaproa.int.seas.wustl.edu,3.0.27,#1 SMP Tue Apr 17 10:58:24 CDT 2012,x86_64,7263816,87680,60256,63264,32883171328,25765986304,0,931778560,32777703424,32777703424,198,0,0,1,SCHED_OTHER,0,4.31901e+06,2.28744e+06,1,1.88803
65536,2,64,65536,2,64,524288,16,64,6291456,48,64,0,0,0,12, Six-Core AMD Opteron(tm) Processor 2431,2412481024,Linux,cinnaproa.int.seas.wustl.edu,3.0.27,#1 SMP Tue Apr 17 10:58:24 CDT 2012,x86_64,7263816,87680,60256,63264,32883171328,25765986304,0,931778560,32777703424,32777703424,198,0,0,1,SCHED_OTHER,0,3.34845e+06,2.19799e+06,1,1.52341
65536,2,64,65536,2,64,524288,16,64,6291456,48,64,0,0,0,12, Six-Core AMD Opteron(tm) Processor 2431,2412481024,Linux,cinnaproa.int.seas.wustl.edu,3.0.27,#1 SMP Tue Apr 17 10:58:24 CDT 2012,x86_64,7263818,143648,72320,67136,32883171328,25767522304,0,931778560,32777703424,32777703424,198,0,0,1,SCHED_OTHER,0,4.55306e+06,3.16912e+06,1,1.4364
65536,2,64,65536,2,64,524288,16,64,6291456,48,64,0,0,0,12, Six-Core AMD Opteron(tm) Processor 2431,2412481024,Linux,cinnaproa.int.seas.wustl.edu,3.0.27,#1 SMP Tue Apr 17 10:58:24 CDT 2012,x86_64,7263818,143648,72320,67136,32883171328,25767522304,0,931778560,32777703424,32777703424,198,0,0,1,SCHED_OTHER,0,4.59453e+06,2.19738e+06,1,2.09078
65536,2,64,65536,2,64,524288,16,64,6291456,48,64,0,0,0,12, Six-Core AMD Opteron(tm) Processor 2431,2412481024,Linux,cinnaproa.int.seas.wustl.edu,3.0.27,#1 SMP Tue Apr 17 10:58:24 CDT 2012,x86_64,7263818,143648,72320,67136,32883171328,25767522304,0,931778560,32777703424,32777703424,198,0,0,1,SCHED_OTHER,0,4.43738e+06,2.80335e+06,1,1.58278
65536,2,64,65536,2,64,524288,16,64,6291456,48,64,0,0,0,12, Six-Core AMD Opteron(tm) Processor 2431,2412481024,Linux,cinnaproa.int.seas.wustl.edu,3.0.27,#1 SMP Tue Apr 17 10:58:24 CDT 2012,x86_64,7263818,143648,72320,67136,32883171328,25767522304,0,931778560,32777703424,32777703424,198,0,0,1,SCHED_OTHER,0,3.33877e+06,2.18314e+06,1,1.52935
65536,2,64,65536,2,64,524288,16,64,6291456,48,64,0,0,0,12, Six-Core AMD Opteron(tm) Processor 2431,2412481024,Linux,cinnaproa.int.seas.wustl.edu,3.0.27,#1 SMP Tue Apr 17 10:58:24 CDT 2012,x86_64,7263818,143648,72320,67136,32883171328,25767522304,0,931778560,32777703424,32777703424,198,0,0,1,SCHED_OTHER,0,4.18634e+06,2.33317e+06,1,1.79417
65536,2,64,65536,2,64,524288,16,64,6291456,48,64,0,0,0,12, Six-Core AMD Opteron(tm) Processor 2431,2412481024,Linux,cinnaproa.int.seas.wustl.edu,3.0.27,#1 SMP Tue Apr 17 10:58:24 CDT 2012,x86_64,7263818,143648,72320,67136,32883171328,25767522304,0,931778560,32777703424,32777703424,198,0,0,1,SCHED_OTHER,0,3.70001e+06,2.18614e+06,1,1.69248
65536,2,64,65536,2,64,524288,16,64,6291456,48,64,0,0,0,12, Six-Core AMD Opteron(tm) Processor 2431,2412481024,Linux,cinnaproa.int.seas.wustl.edu,3.0.27,#1 SMP Tue Apr 17 10:58:24 CDT 2012,x86_64,7263820,143648,72320,67136,32883171328,25765429248,0,931786752,32777703424,32777703424,198,0,0,1,SCHED_OTHER,0,4.5769e+06,4.16063e+06,1,1.09982
65536,2,64,65536,2,64,524288,16,64,6291456,48,64,0,0,0,12, Six-Core AMD Opteron(tm) Processor 2431,2412481024,Linux,cinnaproa.int.seas.wustl.edu,3.0.27,#1 SMP Tue Apr 17 10:58:24 CDT 2012,x86_64,7263820,143648,72320,67136,32883171328,25765429248,0,931786752,32777703424,32777703424,198,0,0,1,SCHED_OTHER,0,4.56922e+06,2.76282e+06,1,1.65372
65536,2,64,65536,2,64,524288,16,64,6291456,48,64,0,0,0,12, Six-Core AMD Opteron(tm) Processor 2431,2412481024,Linux,cinnaproa.int.seas.wustl.edu,3.0.27,#1 SMP Tue Apr 17 10:58:24 CDT 2012,x86_64,7263820,143648,72320,67136,32883171328,25765429248,0,931786752,32777703424,32777703424,198,0,0,1,SCHED_OTHER,0,4.47733e+06,4.03679e+06,1,1.10906
65536,2,64,65536,2,64,524288,16,64,6291456,48,64,0,0,0,12, Six-Core AMD Opteron(tm) Processor 2431,2412481024,Linux,cinnaproa.int.seas.wustl.edu,3.0.27,#1 SMP Tue Apr 17 10:58:24 CDT 2012,x86_64,7263820,143648,72320,67136,32883171328,25765429248,0,931786752,32777703424,32777703424,198,0,0,1,SCHED_OTHER,0,4.3746e+06,2.08314e+06,1,2.1
65536,2,64,65536,2,64,524288,16,64,6291456,48,64,0,0,0,12, Six-Core AMD Opteron(tm) Processor 2431,2412481024,Linux,cinnaproa.int.seas.wustl.edu,3.0.27,#1 SMP Tue Apr 17 10:58:24 CDT 2012,x86_64,7263820,143648,72320,67136,32883171328,25765429248,0,931786752,32777703424,32777703424,198,0,0,1,SCHED_OTHER,0,5.31304e+06,2.21905e+06,1,2.39429
65536,2,64,65536,2,64,524288,16,64,6291456,48,64,0,0,0,12, Six-Core AMD Opteron(tm) Processor 2431,2412481024,Linux,cinnaproa.int.seas.wustl.edu,3.0.27,#1 SMP Tue Apr 17 10:58:24 CDT 2012,x86_64,7263820,143648,72320,67136,32883171328,25765429248,0,931786752,32777703424,32777703424,198,0,0,1,SCHED_OTHER,0,4.61182e+06,2.08247e+06,1,2.21459
65536,2,64,65536,2,64,524288,16,64,6291456,48,64,0,0,0,12, Six-Core AMD Opteron(tm) Processor 2431,2412481024,Linux,cinnaproa.int.seas.wustl.edu,3.0.27,#1 SMP Tue Apr 17 10:58:24 CDT 2012,x86_64,7263824,142656,73280,67488,32883171328,25765359616,0,931786752,32777703424,32777703424,198,0,0,1,SCHED_OTHER,0,4.60316e+06,3.06392e+06,1,1.50208
65536,2,64,65536,2,64,524288,16,64,6291456,48,64,0,0,0,12, Six-Core AMD Opteron(tm) Processor 2431,2412481024,Linux,cinnaproa.int.seas.wustl.edu,3.0.27,#1 SMP Tue Apr 17 10:58:24 CDT 2012,x86_64,7263824,142656,73280,67488,32883171328,25765359616,0,931786752,32777703424,32777703424,198,0,0,1,SCHED_OTHER,0,4.59147e+06,2.16492e+06,1,2.12071
65536,2,64,65536,2,64,524288,16,64,6291456,48,64,0,0,0,12, Six-Core AMD Opteron(tm) Processor 2431,2412481024,Linux,cinnaproa.int.seas.wustl.edu,3.0.27,#1 SMP Tue Apr 17 10:58:24 CDT 2012,x86_64,7263824,142656,73280,67488,32883171328,25765359616,0,931786752,32777703424,32777703424,198,0,0,1,SCHED_OTHER,0,4.57219e+06,3.05456e+06,1,1.49682
65536,2,64,65536,2,64,524288,16,64,6291456,48,64,0,0,0,12, Six-Core AMD Opteron(tm) Processor 2431,2412481024,Linux,cinnaproa.int.seas.wustl.edu,3.0.27,#1 SMP Tue Apr 17 10:58:24 CDT 2012,x86_64,7263824,142656,73280,67488,32883171328,25765359616,0,931786752,32777703424,32777703424,198,0,0,1,SCHED_OTHER,0,3.31126e+06,2.16722e+06,1,1.5278
65536,2,64,65536,2,64,524288,16,64,6291456,48,64,0,0,0,12, Six-Core AMD Opteron(tm) Processor 2431,2412481024,Linux,cinnaproa.int.seas.wustl.edu,3.0.27,#1 SMP Tue Apr 17 10:58:24 CDT 2012,x86_64,7263824,142656,73280,67488,32883171328,25765359616,0,931786752,32777703424,32777703424,198,0,0,1,SCHED_OTHER,0,4.25965e+06,2.32696e+06,1,1.83046
65536,2,64,65536,2,64,524288,16,64,6291456,48,64,0,0,0,12, Six-Core AMD Opteron(tm) Processor 2431,2412481024,Linux,cinnaproa.int.seas.wustl.edu,3.0.27,#1 SMP Tue Apr 17 10:58:24 CDT 2012,x86_64,7263824,142656,73280,67488,32883171328,25765359616,0,931786752,32777703424,32777703424,198,0,0,1,SCHED_OTHER,0,3.51491e+06,2.18702e+06,1,1.60716
65536,2,64,65536,2,64,524288,16,64,6291456,48,64,0,0,0,12, Six-Core AMD Opteron(tm) Processor 2431,2412481024,Linux,cinnaproa.int.seas.wustl.edu,3.0.27,#1 SMP Tue Apr 17 10:58:24 CDT 2012,x86_64,7263826,142656,73280,67488,32883171328,25765638144,0,931794944,32777703424,32777703424,198,0,0,1,SCHED_OTHER,0,4.75472e+06,3.25292e+06,1,1.46138
65536,2,64,65536,2,64,524288,16,64,6291456,48,64,0,0,0,12, Six-Core AMD Opteron(tm) Processor 2431,2412481024,Linux,cinnaproa.int.seas.wustl.edu,3.0.27,#1 SMP Tue Apr 17 10:58:24 CDT 2012,x86_64,7263826,142656,73280,67488,32883171328,25765638144,0,931794944,32777703424,32777703424,198,0,0,1,SCHED_OTHER,0,4.77534e+06,2.25967e+06,1,2.11315
65536,2,64,65536,2,64,524288,16,64,6291456,48,64,0,0,0,12, Six-Core AMD Opteron(tm) Processor 2431,2412481024,Linux,cinnaproa.int.seas.wustl.edu,3.0.27,#1 SMP Tue Apr 17 10:58:24 CDT 2012,x86_64,7263826,142656,73280,67488,32883171328,25765638144,0,931794944,32777703424,32777703424,198,0,0,1,SCHED_OTHER,0,4.73279e+06,3.28961e+06,1,1.43861
65536,2,64,65536,2,64,524288,16,64,6291456,48,64,0,0,0,12, Six-Core AMD Opteron(tm) Processor 2431,2412481024,Linux,cinnaproa.int.seas.wustl.edu,3.0.27,#1 SMP Tue Apr 17 10:58:24 CDT 2012,x86_64,7263826,142656,73280,67488,32883171328,25765638144,0,931794944,32777703424,32777703424,198,0,0,1,SCHED_OTHER,0,3.61111e+06,2.17569e+06,1,1.65966
65536,2,64,65536,2,64,524288,16,64,6291456,48,64,0,0,0,12, Six-Core AMD Opteron(tm) Processor 2431,2412481024,Linux,cinnaproa.int.seas.wustl.edu,3.0.27,#1 SMP Tue Apr 17 10:58:24 CDT 2012,x86_64,7263826,142656,73280,67488,32883171328,25765638144,0,931794944,32777703424,32777703424,198,0,0,1,SCHED_OTHER,0,4.42808e+06,2.33524e+06,1,1.89609
65536,2,64,65536,2,64,524288,16,64,6291456,48,64,0,0,0,12, Six-Core AMD Opteron(tm) Processor 2431,2412481024,Linux,cinnaproa.int.seas.wustl.edu,3.0.27,#1 SMP Tue Apr 17 10:58:24 CDT 2012,x86_64,7263826,142656,73280,67488,32883171328,25765638144,0,931794944,32777703424,32777703424,198,0,0,1,SCHED_OTHER,0,3.85396e+06,2.16859e+06,1,1.77707
65536,2,64,65536,2,64,524288,16,64,6291456,48,64,0,0,0,12, Six-Core AMD Opteron(tm) Processor 2431,2412481024,Linux,cinnaproa.int.seas.wustl.edu,3.0.27,#1 SMP Tue Apr 17 10:58:24 CDT 2012,x86_64,7263829,141728,74240,67840,32883171328,25765953536,0,931794944,32777703424,32777703424,198,0,0,1,SCHED_OTHER,0,4.63961e+06,4.04548e+06,1,1.14663
65536,2,64,65536,2,64,524288,16,64,6291456,48,64,0,0,0,12, Six-Core AMD Opteron(tm) Processor 2431,2412481024,Linux,cinnaproa.int.seas.wustl.edu,3.0.27,#1 SMP Tue Apr 17 10:58:24 CDT 2012,x86_64,7263829,141728,74240,67840,32883171328,25765953536,0,931794944,32777703424,32777703424,198,0,0,1,SCHED_OTHER,0,4.64043e+06,2.74973e+06,1,1.68748
65536,2,64,65536,2,64,524288,16,64,6291456,48,64,0,0,0,12, Six-Core AMD Opteron(tm) Processor 2431,2412481024,Linux,cinnaproa.int.seas.wustl.edu,3.0.27,#1 SMP Tue Apr 17 10:58:24 CDT 2012,x86_64,7263829,141728,74240,67840,32883171328,25765953536,0,931794944,32777703424,32777703424,198,0,0,1,SCHED_OTHER,0,4.60118e+06,3.96469e+06,1,1.16046
65536,2,64,65536,2,64,524288,16,64,6291456,48,64,0,0,0,12, Six-Core AMD Opteron(tm) Processor 2431,2412481024,Linux,cinnaproa.int.seas.wustl.edu,3.0.27,#1 SMP Tue Apr 17 10:58:24 CDT 2012,x86_64,7263829,141728,74240,67840,32883171328,25765953536,0,931794944,32777703424,32777703424,198,0,0,1,SCHED_OTHER,0,4.28367e+06,2.08026e+06,1,2.05909
65536,2,64,65536,2,64,524288,16,64,6291456,48,64,0,0,0,12, Six-Core AMD Opteron(tm) Processor 2431,2412481024,Linux,cinnaproa.int.seas.wustl.edu,3.0.27,#1 SMP Tue Apr 17 10:58:24 CDT 2012,x86_64,7263829,141728,74240,67840,32883171328,25765953536,0,931794944,32777703424,32777703424,198,0,0,1,SCHED_OTHER,0,5.23148e+06,2.26551e+06,1,2.30919
65536,2,64,65536,2,64,524288,16,64,6291456,48,64,0,0,0,12, Six-Core AMD Opteron(tm) Processor 2431,2412481024,Linux,cinnaproa.int.seas.wustl.edu,3.0.27,#1 SMP Tue Apr 17 10:58:24 CDT 2012,x86_64,7263829,141728,74240,67840,32883171328,25765953536,0,931794944,32777703424,32777703424,198,0,0,1,SCHED_OTHER,0,4.63139e+06,2.07573e+06,1,2.23121
65536,2,64,65536,2,64,524288,16,64,6291456,48,64,0,0,0,12, Six-Core AMD Opteron(tm) Processor 2431,2412481024,Linux,cinnaproa.int.seas.wustl.edu,3.0.27,#1 SMP Tue Apr 17 10:58:24 CDT 2012,x86_64,7263831,141728,74240,67840,32883171328,25766473728,0,931794944,32777703424,32777703424,198,0,0,1,SCHED_OTHER,0,4.52474e+06,3.10423e+06,1,1.45732
65536,2,64,65536,2,64,524288,16,64,6291456,48,64,0,0,0,12, Six-Core AMD Opteron(tm) Processor 2431,2412481024,Linux,cinnaproa.int.seas.wustl.edu,3.0.27,#1 SMP Tue Apr 17 10:58:24 CDT 2012,x86_64,7263831,141728,74240,67840,32883171328,25766473728,0,931794944,32777703424,32777703424,198,0,0,1,SCHED_OTHER,0,4.55355e+06,2.13264e+06,1,2.13515
65536,2,64,65536,2,64,524288,16,64,6291456,48,64,0,0,0,12, Six-Core AMD Opteron(tm) Processor 2431,2412481024,Linux,cinnaproa.int.seas.wustl.edu,3.0.27,#1 SMP Tue Apr 17 10:58:24 CDT 2012,x86_64,7263831,141728,74240,67840,32883171328,25766473728,0,931794944,32777703424,32777703424,198,0,0,1,SCHED_OTHER,0,4.55166e+06,3.11773e+06,1,1.45991
65536,2,64,65536,2,64,524288,16,64,6291456,48,64,0,0,0,12, Six-Core AMD Opteron(tm) Processor 2431,2412481024,Linux,cinnaproa.int.seas.wustl.edu,3.0.27,#1 SMP Tue Apr 17 10:58:24 CDT 2012,x86_64,7263831,141728,74240,67840,32883171328,25766473728,0,931794944,32777703424,32777703424,198,0,0,1,SCHED_OTHER,0,3.31059e+06,2.16437e+06,1,1.52959
65536,2,64,65536,2,64,524288,16,64,6291456,48,64,0,0,0,12, Six-Core AMD Opteron(tm) Processor 2431,2412481024,Linux,cinnaproa.int.seas.wustl.edu,3.0.27,#1 SMP Tue Apr 17 10:58:24 CDT 2012,x86_64,7263831,141728,74240,67840,32883171328,25766473728,0,931794944,32777703424,32777703424,198,0,0,1,SCHED_OTHER,0,4.04482e+06,2.32387e+06,1,1.74045
65536,2,64,65536,2,64,524288,16,64,6291456,48,64,0,0,0,12, Six-Core AMD Opteron(tm) Processor 2431,2412481024,Linux,cinnaproa.int.seas.wustl.edu,3.0.27,#1 SMP Tue Apr 17 10:58:24 CDT 2012,x86_64,7263831,141728,74240,67840,32883171328,25766473728,0,931794944,32777703424,32777703424,198,0,0,1,SCHED_OTHER,0,3.56329e+06,2.17564e+06,1,1.63772
65536,2,64,65536,2,64,524288,16,64,6291456,48,64,0,0,0,12, Six-Core AMD Opteron(tm) Processor 2431,2412481024,Linux,cinnaproa.int.seas.wustl.edu,3.0.27,#1 SMP Tue Apr 17 10:58:24 CDT 2012,x86_64,7263833,140864,75168,68192,32883171328,25766334464,0,931799040,32777703424,32777703424,198,0,0,1,SCHED_OTHER,0,4.61658e+06,3.21927e+06,1,1.43376
65536,2,64,65536,2,64,524288,16,64,6291456,48,64,0,0,0,12, Six-Core AMD Opteron(tm) Processor 2431,2412481024,Linux,cinnaproa.int.seas.wustl.edu,3.0.27,#1 SMP Tue Apr 17 10:58:24 CDT 2012,x86_64,7263833,140864,75168,68192,32883171328,25766334464,0,931799040,32777703424,32777703424,198,0,0,1,SCHED_OTHER,0,4.63365e+06,2.17296e+06,1,2.13228
65536,2,64,65536,2,64,524288,16,64,6291456,48,64,0,0,0,12, Six-Core AMD Opteron(tm) Processor 2431,2412481024,Linux,cinnaproa.int.seas.wustl.edu,3.0.27,#1 SMP Tue Apr 17 10:58:24 CDT 2012,x86_64,7263833,140864,75168,68192,32883171328,25766334464,0,931799040,32777703424,32777703424,198,0,0,1,SCHED_OTHER,0,4.59881e+06,3.15721e+06,1,1.45651
65536,2,64,65536,2,64,524288,16,64,6291456,48,64,0,0,0,12, Six-Core AMD Opteron(tm) Processor 2431,2412481024,Linux,cinnaproa.int.seas.wustl.edu,3.0.27,#1 SMP Tue Apr 17 10:58:24 CDT 2012,x86_64,7263833,140864,75168,68192,32883171328,25766334464,0,931799040,32777703424,32777703424,198,0,0,1,SCHED_OTHER,0,3.11636e+06,2.18118e+06,1,1.42875
65536,2,64,65536,2,64,524288,16,64,6291456,48,64,0,0,0,12, Six-Core AMD Opteron(tm) Processor 2431,2412481024,Linux,cinnaproa.int.seas.wustl.edu,3.0.27,#1 SMP Tue Apr 17 10:58:24 CDT 2012,x86_64,7263833,140864,75168,68192,32883171328,25766334464,0,931799040,32777703424,32777703424,198,0,0,1,SCHED_OTHER,0,4.12803e+06,2.28397e+06,1,1.80729
65536,2,64,65536,2,64,524288,16,64,6291456,48,64,0,0,0,12, Six-Core AMD Opteron(tm) Processor 2431,2412481024,Linux,cinnaproa.int.seas.wustl.edu,3.0.27,#1 SMP Tue Apr 17 10:58:24 CDT 2012,x86_64,7263833,140864,75168,68192,32883171328,25766334464,0,931799040,32777703424,32777703424,198,0,0,1,SCHED_OTHER,0,3.49515e+06,2.1342e+06,1,1.63759
65536,2,64,65536,2,64,524288,16,64,6291456,48,64,0,0,0,12, Six-Core AMD Opteron(tm) Processor 2431,2412481024,Linux,cinnaproa.int.seas.wustl.edu,3.0.27,#1 SMP Tue Apr 17 10:58:24 CDT 2012,x86_64,7263837,140864,75168,68192,32883171328,25765634048,0,931799040,32777703424,32777703424,198,0,0,1,SCHED_OTHER,0,4.60944e+06,3.20787e+06,1,1.43663
65536,2,64,65536,2,64,524288,16,64,6291456,48,64,0,0,0,12, Six-Core AMD Opteron(tm) Processor 2431,2412481024,Linux,cinnaproa.int.seas.wustl.edu,3.0.27,#1 SMP Tue Apr 17 10:58:24 CDT 2012,x86_64,7263837,140864,75168,68192,32883171328,25765634048,0,931799040,32777703424,32777703424,198,0,0,1,SCHED_OTHER,0,4.65239e+06,2.24902e+06,1,2.06861
65536,2,64,65536,2,64,524288,16,64,6291456,48,64,0,0,0,12, Six-Core AMD Opteron(tm) Processor 2431,2412481024,Linux,cinnaproa.int.seas.wustl.edu,3.0.27,#1 SMP Tue Apr 17 10:58:24 CDT 2012,x86_64,7263837,140864,75168,68192,32883171328,25765634048,0,931799040,32777703424,32777703424,198,0,0,1,SCHED_OTHER,0,4.5657e+06,3.13272e+06,1,1.45733
65536,2,64,65536,2,64,524288,16,64,6291456,48,64,0,0,0,12, Six-Core AMD Opteron(tm) Processor 2431,2412481024,Linux,cinnaproa.int.seas.wustl.edu,3.0.27,#1 SMP Tue Apr 17 10:58:24 CDT 2012,x86_64,7263837,140864,75168,68192,32883171328,25765634048,0,931799040,32777703424,32777703424,198,0,0,1,SCHED_OTHER,0,3.52907e+06,2.14072e+06,1,1.64845
65536,2,64,65536,2,64,524288,16,64,6291456,48,64,0,0,0,12, Six-Core AMD Opteron(tm) Processor 2431,2412481024,Linux,cinnaproa.int.seas.wustl.edu,3.0.27,#1 SMP Tue Apr 17 10:58:24 CDT 2012,x86_64,7263837,140864,75168,68192,32883171328,25765634048,0,931799040,32777703424,32777703424,198,0,0,1,SCHED_OTHER,0,4.09937e+06,2.33468e+06,1,1.75576
65536,2,64,65536,2,64,524288,16,64,6291456,48,64,0,0,0,12, Six-Core AMD Opteron(tm) Processor 2431,2412481024,Linux,cinnaproa.int.seas.wustl.edu,3.0.27,#1 SMP Tue Apr 17 10:58:24 CDT 2012,x86_64,7263837,140864,75168,68192,32883171328,25765634048,0,931799040,32777703424,32777703424,198,0,0,1,SCHED_OTHER,0,3.64628e+06,2.14521e+06,1,1.69963
65536,2,64,65536,2,64,524288,16,64,6291456,48,64,0,0,0,12, Six-Core AMD Opteron(tm) Processor 2431,2412481024,Linux,cinnaproa.int.seas.wustl.edu,3.0.27,#1 SMP Tue Apr 17 10:58:24 CDT 2012,x86_64,7263841,140064,76096,68544,32883171328,25767829504,0,931807232,32777703424,32777703424,198,0,0,1,SCHED_OTHER,0,4.56363e+06,3.26996e+06,1,1.39535
65536,2,64,65536,2,64,524288,16,64,6291456,48,64,0,0,0,12, Six-Core AMD Opteron(tm) Processor 2431,2412481024,Linux,cinnaproa.int.seas.wustl.edu,3.0.27,#1 SMP Tue Apr 17 10:58:24 CDT 2012,x86_64,7263841,140064,76096,68544,32883171328,25767829504,0,931807232,32777703424,32777703424,198,0,0,1,SCHED_OTHER,0,4.59229e+06,2.16794e+06,1,2.11813
65536,2,64,65536,2,64,524288,16,64,6291456,48,64,0,0,0,12, Six-Core AMD Opteron(tm) Processor 2431,2412481024,Linux,cinnaproa.int.seas.wustl.edu,3.0.27,#1 SMP Tue Apr 17 10:58:24 CDT 2012,x86_64,7263841,140064,76096,68544,32883171328,25767829504,0,931807232,32777703424,32777703424,198,0,0,1,SCHED_OTHER,0,4.46154e+06,2.84807e+06,1,1.56641
65536,2,64,65536,2,64,524288,16,64,6291456,48,64,0,0,0,12, Six-Core AMD Opteron(tm) Processor 2431,2412481024,Linux,cinnaproa.int.seas.wustl.edu,3.0.27,#1 SMP Tue Apr 17 10:58:24 CDT 2012,x86_64,7263841,140064,76096,68544,32883171328,25767829504,0,931807232,32777703424,32777703424,198,0,0,1,SCHED_OTHER,0,3.38191e+06,2.17394e+06,1,1.55565
65536,2,64,65536,2,64,524288,16,64,6291456,48,64,0,0,0,12, Six-Core AMD Opteron(tm) Processor 2431,2412481024,Linux,cinnaproa.int.seas.wustl.edu,3.0.27,#1 SMP Tue Apr 17 10:58:24 CDT 2012,x86_64,7263841,140064,76096,68544,32883171328,25767829504,0,931807232,32777703424,32777703424,198,0,0,1,SCHED_OTHER,0,4.0447e+06,2.32809e+06,1,1.73735
65536,2,64,65536,2,64,524288,16,64,6291456,48,64,0,0,0,12, Six-Core AMD Opteron(tm) Processor 2431,2412481024,Linux,cinnaproa.int.seas.wustl.edu,3.0.27,#1 SMP Tue Apr 17 10:58:24 CDT 2012,x86_64,7263841,140064,76096,68544,32883171328,25767829504,0,931807232,32777703424,32777703424,198,0,0,1,SCHED_OTHER,0,3.50323e+06,2.17535e+06,1,1.61042
65536,2,64,65536,2,64,524288,16,64,6291456,48,64,0,0,0,12, Six-Core AMD Opteron(tm) Processor 2431,2412481024,Linux,cinnaproa.int.seas.wustl.edu,3.0.27,#1 SMP Tue Apr 17 10:58:24 CDT 2012,x86_64,7263843,191808,87904,72384,32883171328,25766559744,0,931807232,32777703424,32777703424,198,0,0,1,SCHED_OTHER,0,4.61497e+06,3.49465e+06,1,1.32032
65536,2,64,65536,2,64,524288,16,64,6291456,48,64,0,0,0,12, Six-Core AMD Opteron(tm) Processor 2431,2412481024,Linux,cinnaproa.int.seas.wustl.edu,3.0.27,#1 SMP Tue Apr 17 10:58:24 CDT 2012,x86_64,7263843,191808,87904,72384,32883171328,25766559744,0,931807232,32777703424,32777703424,198,0,0,1,SCHED_OTHER,0,4.60935e+06,3.64417e+06,1,1.26477
65536,2,64,65536,2,64,524288,16,64,6291456,48,64,0,0,0,12, Six-Core AMD Opteron(tm) Processor 2431,2412481024,Linux,cinnaproa.int.seas.wustl.edu,3.0.27,#1 SMP Tue Apr 17 10:58:24 CDT 2012,x86_64,7263843,191808,87904,72384,32883171328,25766559744,0,931807232,32777703424,32777703424,198,0,0,1,SCHED_OTHER,0,4.54231e+06,2.17081e+06,1,2.09232
65536,2,64,65536,2,64,524288,16,64,6291456,48,64,0,0,0,12, Six-Core AMD Opteron(tm) Processor 2431,2412481024,Linux,cinnaproa.int.seas.wustl.edu,3.0.27,#1 SMP Tue Apr 17 10:58:24 CDT 2012,x86_64,7263843,191808,87904,72384,32883171328,25766559744,0,931807232,32777703424,32777703424,198,0,0,1,SCHED_OTHER,0,3.66236e+06,2.10709e+06,1,1.73811
65536,2,64,65536,2,64,524288,16,64,6291456,48,64,0,0,0,12, Six-Core AMD Opteron(tm) Processor 2431,2412481024,Linux,cinnaproa.int.seas.wustl.edu,3.0.27,#1 SMP Tue Apr 17 10:58:24 CDT 2012,x86_64,7263843,191808,87904,72384,32883171328,25766559744,0,931807232,32777703424,32777703424,198,0,0,1,SCHED_OTHER,0,4.28053e+06,2.31315e+06,1,1.85041
65536,2,64,65536,2,64,524288,16,64,6291456,48,64,0,0,0,12, Six-Core AMD Opteron(tm) Processor 2431,2412481024,Linux,cinnaproa.int.seas.wustl.edu,3.0.27,#1 SMP Tue Apr 17 10:58:24 CDT 2012,x86_64,7263843,191808,87904,72384,32883171328,25766559744,0,931807232,32777703424,32777703424,198,0,0,1,SCHED_OTHER,0,2.93787e+06,2.29052e+06,1,1.28255
65536,2,64,65536,2,64,524288,16,64,6291456,48,64,0,0,0,12, Six-Core AMD Opteron(tm) Processor 2431,2412481024,Linux,cinnaproa.int.seas.wustl.edu,3.0.27,#1 SMP Tue Apr 17 10:58:24 CDT 2012,x86_64,7263845,191808,87904,72384,32883171328,25766162432,0,931807232,32777703424,32777703424,198,0,0,1,SCHED_OTHER,0,4.61225e+06,3.41469e+06,1,1.35044
65536,2,64,65536,2,64,524288,16,64,6291456,48,64,0,0,0,12, Six-Core AMD Opteron(tm) Processor 2431,2412481024,Linux,cinnaproa.int.seas.wustl.edu,3.0.27,#1 SMP Tue Apr 17 10:58:24 CDT 2012,x86_64,7263845,191808,87904,72384,32883171328,25766162432,0,931807232,32777703424,32777703424,198,0,0,1,SCHED_OTHER,0,4.7493e+06,2.28817e+06,1,2.07557
65536,2,64,65536,2,64,524288,16,64,6291456,48,64,0,0,0,12, Six-Core AMD Opteron(tm) Processor 2431,2412481024,Linux,cinnaproa.int.seas.wustl.edu,3.0.27,#1 SMP Tue Apr 17 10:58:24 CDT 2012,x86_64,7263845,191808,87904,72384,32883171328,25766162432,0,931807232,32777703424,32777703424,198,0,0,1,SCHED_OTHER,0,4.60763e+06,3.20633e+06,1,1.43703
65536,2,64,65536,2,64,524288,16,64,6291456,48,64,0,0,0,12, Six-Core AMD Opteron(tm) Processor 2431,2412481024,Linux,cinnaproa.int.seas.wustl.edu,3.0.27,#1 SMP Tue Apr 17 10:58:24 CDT 2012,x86_64,7263845,191808,87904,72384,32883171328,25766162432,0,931807232,32777703424,32777703424,198,0,0,1,SCHED_OTHER,0,3.62961e+06,2.15872e+06,1,1.68127
65536,2,64,65536,2,64,524288,16,64,6291456,48,64,0,0,0,12, Six-Core AMD Opteron(tm) Processor 2431,2412481024,Linux,cinnaproa.int.seas.wustl.edu,3.0.27,#1 SMP Tue Apr 17 10:58:24 CDT 2012,x86_64,7263845,191808,87904,72384,32883171328,25766162432,0,931807232,32777703424,32777703424,198,0,0,1,SCHED_OTHER,0,4.29782e+06,2.31446e+06,1,1.85684
65536,2,64,65536,2,64,524288,16,64,6291456,48,64,0,0,0,12, Six-Core AMD Opteron(tm) Processor 2431,2412481024,Linux,cinnaproa.int.seas.wustl.edu,3.0.27,#1 SMP Tue Apr 17 10:58:24 CDT 2012,x86_64,7263845,191808,87904,72384,32883171328,25766162432,0,931807232,32777703424,32777703424,198,0,0,1,SCHED_OTHER,0,3.63409e+06,2.16217e+06,1,1.68076
65536,2,64,65536,2,64,524288,16,64,6291456,48,64,0,0,0,12, Six-Core AMD Opteron(tm) Processor 2431,2412481024,Linux,cinnaproa.int.seas.wustl.edu,3.0.27,#1 SMP Tue Apr 17 10:58:24 CDT 2012,x86_64,7263848,191808,87904,72384,32883171328,25768517632,0,931815424,32777703424,32777703424,198,0,0,1,SCHED_OTHER,0,4.58246e+06,3.08918e+06,1,1.4831
65536,2,64,65536,2,64,524288,16,64,6291456,48,64,0,0,0,12, Six-Core AMD Opteron(tm) Processor 2431,2412481024,Linux,cinnaproa.int.seas.wustl.edu,3.0.27,#1 SMP Tue Apr 17 10:58:24 CDT 2012,x86_64,7263848,191808,87904,72384,32883171328,25768517632,0,931815424,32777703424,32777703424,198,0,0,1,SCHED_OTHER,0,4.65822e+06,2.15841e+06,1,2.15803
65536,2,64,65536,2,64,524288,16,64,6291456,48,64,0,0,0,12, Six-Core AMD Opteron(tm) Processor 2431,2412481024,Linux,cinnaproa.int.seas.wustl.edu,3.0.27,#1 SMP Tue Apr 17 10:58:24 CDT 2012,x86_64,7263848,191808,87904,72384,32883171328,25768517632,0,931815424,32777703424,32777703424,198,0,0,1,SCHED_OTHER,0,4.58043e+06,3.05161e+06,1,1.50097
65536,2,64,65536,2,64,524288,16,64,6291456,48,64,0,0,0,12, Six-Core AMD Opteron(tm) Processor 2431,2412481024,Linux,cinnaproa.int.seas.wustl.edu,3.0.27,#1 SMP Tue Apr 17 10:58:24 CDT 2012,x86_64,7263848,191808,87904,72384,32883171328,25768517632,0,931815424,32777703424,32777703424,198,0,0,1,SCHED_OTHER,0,3.30346e+06,2.15992e+06,1,1.52943
65536,2,64,65536,2,64,524288,16,64,6291456,48,64,0,0,0,12, Six-Core AMD Opteron(tm) Processor 2431,2412481024,Linux,cinnaproa.int.seas.wustl.edu,3.0.27,#1 SMP Tue Apr 17 10:58:24 CDT 2012,x86_64,7263848,191808,87904,72384,32883171328,25768517632,0,931815424,32777703424,32777703424,198,0,0,1,SCHED_OTHER,0,3.99347e+06,2.31849e+06,1,1.72245
65536,2,64,65536,2,64,524288,16,64,6291456,48,64,0,0,0,12, Six-Core AMD Opteron(tm) Processor 2431,2412481024,Linux,cinnaproa.int.seas.wustl.edu,3.0.27,#1 SMP Tue Apr 17 10:58:24 CDT 2012,x86_64,7263848,191808,87904,72384,32883171328,25768517632,0,931815424,32777703424,32777703424,198,0,0,1,SCHED_OTHER,0,3.4618e+06,2.1579e+06,1,1.60424
65536,2,64,65536,2,64,524288,16,64,6291456,48,64,0,0,0,12, Six-Core AMD Opteron(tm) Processor 2431,2412481024,Linux,cinnaproa.int.seas.wustl.edu,3.0.27,#1 SMP Tue Apr 17 10:58:24 CDT 2012,x86_64,7263850,186944,88608,72704,32883171328,25767030784,0,931815424,32777703424,32777703424,198,0,0,1,SCHED_OTHER,0,4.60274e+06,3.12329e+06,1,1.47337
65536,2,64,65536,2,64,524288,16,64,6291456,48,64,0,0,0,12, Six-Core AMD Opteron(tm) Processor 2431,2412481024,Linux,cinnaproa.int.seas.wustl.edu,3.0.27,#1 SMP Tue Apr 17 10:58:24 CDT 2012,x86_64,7263850,186944,88608,72704,32883171328,25767030784,0,931815424,32777703424,32777703424,198,0,0,1,SCHED_OTHER,0,4.61221e+06,2.15108e+06,1,2.14412
65536,2,64,65536,2,64,524288,16,64,6291456,48,64,0,0,0,12, Six-Core AMD Opteron(tm) Processor 2431,2412481024,Linux,cinnaproa.int.seas.wustl.edu,3.0.27,#1 SMP Tue Apr 17 10:58:24 CDT 2012,x86_64,7263850,186944,88608,72704,32883171328,25767030784,0,931815424,32777703424,32777703424,198,0,0,1,SCHED_OTHER,0,4.56986e+06,3.03118e+06,1,1.50752
65536,2,64,65536,2,64,524288,16,64,6291456,48,64,0,0,0,12, Six-Core AMD Opteron(tm) Processor 2431,2412481024,Linux,cinnaproa.int.seas.wustl.edu,3.0.27,#1 SMP Tue Apr 17 10:58:24 CDT 2012,x86_64,7263850,186944,88608,72704,32883171328,25767030784,0,931815424,32777703424,32777703424,198,0,0,1,SCHED_OTHER,0,3.25313e+06,2.15479e+06,1,1.50963
65536,2,64,65536,2,64,524288,16,64,6291456,48,64,0,0,0,12, Six-Core AMD Opteron(tm) Processor 2431,2412481024,Linux,cinnaproa.int.seas.wustl.edu,3.0.27,#1 SMP Tue Apr 17 10:58:24 CDT 2012,x86_64,7263850,186944,88608,72704,32883171328,25767030784,0,931815424,32777703424,32777703424,198,0,0,1,SCHED_OTHER,0,3.95875e+06,2.31043e+06,1,1.71333
65536,2,64,65536,2,64,524288,16,64,6291456,48,64,0,0,0,12, Six-Core AMD Opteron(tm) Processor 2431,2412481024,Linux,cinnaproa.int.seas.wustl.edu,3.0.27,#1 SMP Tue Apr 17 10:58:24 CDT 2012,x86_64,7263850,186944,88608,72704,32883171328,25767030784,0,931815424,32777703424,32777703424,198,0,0,1,SCHED_OTHER,0,3.5138e+06,2.16757e+06,1,1.62098
65536,2,64,65536,2,64,524288,16,64,6291456,48,64,0,0,0,12, Six-Core AMD Opteron(tm) Processor 2431,2412481024,Linux,cinnaproa.int.seas.wustl.edu,3.0.27,#1 SMP Tue Apr 17 10:58:24 CDT 2012,x86_64,7263852,186944,88608,72704,32883171328,25767194624,0,931815424,32777703424,32777703424,198,0,0,1,SCHED_OTHER,0,4.67766e+06,3.13052e+06,1,1.49389
65536,2,64,65536,2,64,524288,16,64,6291456,48,64,0,0,0,12, Six-Core AMD Opteron(tm) Processor 2431,2412481024,Linux,cinnaproa.int.seas.wustl.edu,3.0.27,#1 SMP Tue Apr 17 10:58:24 CDT 2012,x86_64,7263852,186944,88608,72704,32883171328,25767194624,0,931815424,32777703424,32777703424,198,0,0,1,SCHED_OTHER,0,4.6807e+06,2.20452e+06,1,2.12321
65536,2,64,65536,2,64,524288,16,64,6291456,48,64,0,0,0,12, Six-Core AMD Opteron(tm) Processor 2431,2412481024,Linux,cinnaproa.int.seas.wustl.edu,3.0.27,#1 SMP Tue Apr 17 10:58:24 CDT 2012,x86_64,7263852,186944,88608,72704,32883171328,25767194624,0,931815424,32777703424,32777703424,198,0,0,1,SCHED_OTHER,0,4.63195e+06,3.13182e+06,1,1.4789
65536,2,64,65536,2,64,524288,16,64,6291456,48,64,0,0,0,12, Six-Core AMD Opteron(tm) Processor 2431,2412481024,Linux,cinnaproa.int.seas.wustl.edu,3.0.27,#1 SMP Tue Apr 17 10:58:24 CDT 2012,x86_64,7263852,186944,88608,72704,32883171328,25767194624,0,931815424,32777703424,32777703424,198,0,0,1,SCHED_OTHER,0,3.35512e+06,2.14638e+06,1,1.56307
65536,2,64,65536,2,64,524288,16,64,6291456,48,64,0,0,0,12, Six-Core AMD Opteron(tm) Processor 2431,2412481024,Linux,cinnaproa.int.seas.wustl.edu,3.0.27,#1 SMP Tue Apr 17 10:58:24 CDT 2012,x86_64,7263852,186944,88608,72704,32883171328,25767194624,0,931815424,32777703424,32777703424,198,0,0,1,SCHED_OTHER,0,4.1464e+06,2.29471e+06,1,1.80694
65536,2,64,65536,2,64,524288,16,64,6291456,48,64,0,0,0,12, Six-Core AMD Opteron(tm) Processor 2431,2412481024,Linux,cinnaproa.int.seas.wustl.edu,3.0.27,#1 SMP Tue Apr 17 10:58:24 CDT 2012,x86_64,7263852,186944,88608,72704,32883171328,25767194624,0,931815424,32777703424,32777703424,198,0,0,1,SCHED_OTHER,0,3.29257e+06,2.19481e+06,1,1.50007
65536,2,64,65536,2,64,524288,16,64,6291456,48,64,0,0,0,12, Six-Core AMD Opteron(tm) Processor 2431,2412481024,Linux,cinnaproa.int.seas.wustl.edu,3.0.27,#1 SMP Tue Apr 17 10:58:24 CDT 2012,x86_64,7263854,182464,89312,73024,32883171328,25767735296,0,931819520,32777703424,32777703424,198,0,0,1,SCHED_OTHER,0,4.59309e+06,3.23653e+06,1,1.41876
65536,2,64,65536,2,64,524288,16,64,6291456,48,64,0,0,0,12, Six-Core AMD Opteron(tm) Processor 2431,2412481024,Linux,cinnaproa.int.seas.wustl.edu,3.0.27,#1 SMP Tue Apr 17 10:58:24 CDT 2012,x86_64,7263854,182464,89312,73024,32883171328,25767735296,0,931819520,32777703424,32777703424,198,0,0,1,SCHED_OTHER,0,4.59354e+06,2.19532e+06,1,2.09229
65536,2,64,65536,2,64,524288,16,64,6291456,48,64,0,0,0,12, Six-Core AMD Opteron(tm) Processor 2431,2412481024,Linux,cinnaproa.int.seas.wustl.edu,3.0.27,#1 SMP Tue Apr 17 10:58:24 CDT 2012,x86_64,7263854,182464,89312,73024,32883171328,25767735296,0,931819520,32777703424,32777703424,198,0,0,1,SCHED_OTHER,0,4.55603e+06,3.13424e+06,1,1.45354
65536,2,64,65536,2,64,524288,16,64,6291456,48,64,0,0,0,12, Six-Core AMD Opteron(tm) Processor 2431,2412481024,Linux,cinnaproa.int.seas.wustl.edu,3.0.27,#1 SMP Tue Apr 17 10:58:24 CDT 2012,x86_64,7263854,182464,89312,73024,32883171328,25767735296,0,931819520,32777703424,32777703424,198,0,0,1,SCHED_OTHER,0,3.48744e+06,2.14034e+06,1,1.6293
65536,2,64,65536,2,64,524288,16,64,6291456,48,64,0,0,0,12, Six-Core AMD Opteron(tm) Processor 2431,2412481024,Linux,cinnaproa.int.seas.wustl.edu,3.0.27,#1 SMP Tue Apr 17 10:58:24 CDT 2012,x86_64,7263854,182464,89312,73024,32883171328,25767735296,0,931819520,32777703424,32777703424,198,0,0,1,SCHED_OTHER,0,4.12499e+06,2.27962e+06,1,1.8094
65536,2,64,65536,2,64,524288,16,64,6291456,48,64,0,0,0,12, Six-Core AMD Opteron(tm) Processor 2431,2412481024,Linux,cinnaproa.int.seas.wustl.edu,3.0.27,#1 SMP Tue Apr 17 10:58:24 CDT 2012,x86_64,7263854,182464,89312,73024,32883171328,25767735296,0,931819520,32777703424,32777703424,198,0,0,1,SCHED_OTHER,0,3.61387e+06,2.13781e+06,1,1.69045
65536,2,64,65536,2,64,524288,16,64,6291456,48,64,0,0,0,12, Six-Core AMD Opteron(tm) Processor 2431,2412481024,Linux,cinnaproa.int.seas.wustl.edu,3.0.27,#1 SMP Tue Apr 17 10:58:24 CDT 2012,x86_64,7263857,182464,89312,73024,32883171328,25765892096,0,931819520,32777703424,32777703424,198,0,0,1,SCHED_OTHER,0,4.54383e+06,3.21134e+06,1,1.41464
65536,2,64,65536,2,64,524288,16,64,6291456,48,64,0,0,0,12, Six-Core AMD Opteron(tm) Processor 2431,2412481024,Linux,cinnaproa.int.seas.wustl.edu,3.0.27,#1 SMP Tue Apr 17 10:58:24 CDT 2012,x86_64,7263857,182464,89312,73024,32883171328,25765892096,0,931819520,32777703424,32777703424,198,0,0,1,SCHED_OTHER,0,4.52372e+06,2.24359e+06,1,2.01616
65536,2,64,65536,2,64,524288,16,64,6291456,48,64,0,0,0,12, Six-Core AMD Opteron(tm) Processor 2431,2412481024,Linux,cinnaproa.int.seas.wustl.edu,3.0.27,#1 SMP Tue Apr 17 10:58:24 CDT 2012,x86_64,7263857,182464,89312,73024,32883171328,25765892096,0,931819520,32777703424,32777703424,198,0,0,1,SCHED_OTHER,0,4.47776e+06,3.2755e+06,1,1.36696
65536,2,64,65536,2,64,524288,16,64,6291456,48,64,0,0,0,12, Six-Core AMD Opteron(tm) Processor 2431,2412481024,Linux,cinnaproa.int.seas.wustl.edu,3.0.27,#1 SMP Tue Apr 17 10:58:24 CDT 2012,x86_64,7263857,182464,89312,73024,32883171328,25765892096,0,931819520,32777703424,32777703424,198,0,0,1,SCHED_OTHER,0,3.26528e+06,2.18883e+06,1,1.49171
65536,2,64,65536,2,64,524288,16,64,6291456,48,64,0,0,0,12, Six-Core AMD Opteron(tm) Processor 2431,2412481024,Linux,cinnaproa.int.seas.wustl.edu,3.0.27,#1 SMP Tue Apr 17 10:58:24 CDT 2012,x86_64,7263857,182464,89312,73024,32883171328,25765892096,0,931819520,32777703424,32777703424,198,0,0,1,SCHED_OTHER,0,4.17412e+06,2.27368e+06,1,1.83574
65536,2,64,65536,2,64,524288,16,64,6291456,48,64,0,0,0,12, Six-Core AMD Opteron(tm) Processor 2431,2412481024,Linux,cinnaproa.int.seas.wustl.edu,3.0.27,#1 SMP Tue Apr 17 10:58:24 CDT 2012,x86_64,7263857,182464,89312,73024,32883171328,25765892096,0,931819520,32777703424,32777703424,198,0,0,1,SCHED_OTHER,0,3.72043e+06,2.1302e+06,1,1.74652
65536,2,64,65536,2,64,524288,16,64,6291456,48,64,0,0,0,12, Six-Core AMD Opteron(tm) Processor 2431,2412481024,Linux,cinnaproa.int.seas.wustl.edu,3.0.27,#1 SMP Tue Apr 17 10:58:24 CDT 2012,x86_64,7263860,178336,90016,73344,32883171328,25766182912,0,931827712,32777703424,32777703424,197,0,0,1,SCHED_OTHER,0,4.71989e+06,3.17589e+06,1,1.48586
65536,2,64,65536,2,64,524288,16,64,6291456,48,64,0,0,0,12, Six-Core AMD Opteron(tm) Processor 2431,2412481024,Linux,cinnaproa.int.seas.wustl.edu,3.0.27,#1 SMP Tue Apr 17 10:58:24 CDT 2012,x86_64,7263860,178336,90016,73344,32883171328,25766182912,0,931827712,32777703424,32777703424,197,0,0,1,SCHED_OTHER,0,4.74198e+06,2.19655e+06,1,2.15869
65536,2,64,65536,2,64,524288,16,64,6291456,48,64,0,0,0,12, Six-Core AMD Opteron(tm) Processor 2431,2412481024,Linux,cinnaproa.int.seas.wustl.edu,3.0.27,#1 SMP Tue Apr 17 10:58:24 CDT 2012,x86_64,7263860,178336,90016,73344,32883171328,25766182912,0,931827712,32777703424,32777703424,197,0,0,1,SCHED_OTHER,0,4.70883e+06,3.09526e+06,1,1.52129
65536,2,64,65536,2,64,524288,16,64,6291456,48,64,0,0,0,12, Six-Core AMD Opteron(tm) Processor 2431,2412481024,Linux,cinnaproa.int.seas.wustl.edu,3.0.27,#1 SMP Tue Apr 17 10:58:24 CDT 2012,x86_64,7263860,178336,90016,73344,32883171328,25766182912,0,931827712,32777703424,32777703424,197,0,0,1,SCHED_OTHER,0,3.42056e+06,2.15062e+06,1,1.59041
65536,2,64,65536,2,64,524288,16,64,6291456,48,64,0,0,0,12, Six-Core AMD Opteron(tm) Processor 2431,2412481024,Linux,cinnaproa.int.seas.wustl.edu,3.0.27,#1 SMP Tue Apr 17 10:58:24 CDT 2012,x86_64,7263860,178336,90016,73344,32883171328,25766182912,0,931827712,32777703424,32777703424,197,0,0,1,SCHED_OTHER,0,4.15643e+06,2.2987e+06,1,1.80816
65536,2,64,65536,2,64,524288,16,64,6291456,48,64,0,0,0,12, Six-Core AMD Opteron(tm) Processor 2431,2412481024,Linux,cinnaproa.int.seas.wustl.edu,3.0.27,#1 SMP Tue Apr 17 10:58:24 CDT 2012,x86_64,7263860,178336,90016,73344,32883171328,25766182912,0,931827712,32777703424,32777703424,197,0,0,1,SCHED_OTHER,0,3.35047e+06,2.21035e+06,1,1.51581
65536,2,64,65536,2,64,524288,16,64,6291456,48,64,0,0,0,12, Six-Core AMD Opteron(tm) Processor 2431,2412481024,Linux,cinnaproa.int.seas.wustl.edu,3.0.27,#1 SMP Tue Apr 17 10:58:24 CDT 2012,x86_64,7263863,178336,90016,73344,32883171328,25766477824,0,931827712,32777703424,32777703424,198,0,0,1,SCHED_OTHER,0,4.60273e+06,3.98033e+06,1,1.15612
65536,2,64,65536,2,64,524288,16,64,6291456,48,64,0,0,0,12, Six-Core AMD Opteron(tm) Processor 2431,2412481024,Linux,cinnaproa.int.seas.wustl.edu,3.0.27,#1 SMP Tue Apr 17 10:58:24 CDT 2012,x86_64,7263863,178336,90016,73344,32883171328,25766477824,0,931827712,32777703424,32777703424,198,0,0,1,SCHED_OTHER,0,4.63676e+06,2.76697e+06,1,1.67564
65536,2,64,65536,2,64,524288,16,64,6291456,48,64,0,0,0,12, Six-Core AMD Opteron(tm) Processor 2431,2412481024,Linux,cinnaproa.int.seas.wustl.edu,3.0.27,#1 SMP Tue Apr 17 10:58:24 CDT 2012,x86_64,7263863,178336,90016,73344,32883171328,25766477824,0,931827712,32777703424,32777703424,198,0,0,1,SCHED_OTHER,0,4.58294e+06,3.93531e+06,1,1.16455
65536,2,64,65536,2,64,524288,16,64,6291456,48,64,0,0,0,12, Six-Core AMD Opteron(tm) Processor 2431,2412481024,Linux,cinnaproa.int.seas.wustl.edu,3.0.27,#1 SMP Tue Apr 17 10:58:24 CDT 2012,x86_64,7263863,178336,90016,73344,32883171328,25766477824,0,931827712,32777703424,32777703424,198,0,0,1,SCHED_OTHER,0,4.51644e+06,2.08293e+06,1,2.16831
65536,2,64,65536,2,64,524288,16,64,6291456,48,64,0,0,0,12, Six-Core AMD Opteron(tm) Processor 2431,2412481024,Linux,cinnaproa.int.seas.wustl.edu,3.0.27,#1 SMP Tue Apr 17 10:58:24 CDT 2012,x86_64,7263863,178336,90016,73344,32883171328,25766477824,0,931827712,32777703424,32777703424,198,0,0,1,SCHED_OTHER,0,5.25072e+06,2.21962e+06,1,2.36547
65536,2,64,65536,2,64,524288,16,64,6291456,48,64,0,0,0,12, Six-Core AMD Opteron(tm) Processor 2431,2412481024,Linux,cinnaproa.int.seas.wustl.edu,3.0.27,#1 SMP Tue Apr 17 10:58:24 CDT 2012,x86_64,7263863,178336,90016,73344,32883171328,25766477824,0,931827712,32777703424,32777703424,198,0,0,1,SCHED_OTHER,0,4.55294e+06,2.0824e+06,1,2.18639
65536,2,64,65536,2,64,524288,16,64,6291456,48,64,0,0,0,12, Six-Core AMD Opteron(tm) Processor 2431,2412481024,Linux,cinnaproa.int.seas.wustl.edu,3.0.27,#1 SMP Tue Apr 17 10:58:24 CDT 2012,x86_64,7263865,174560,90688,73664,32883171328,25766277120,0,931827712,32777703424,32777703424,198,0,0,1,SCHED_OTHER,0,4.60259e+06,3.08879e+06,1,1.48978
65536,2,64,65536,2,64,524288,16,64,6291456,48,64,0,0,0,12, Six-Core AMD Opteron(tm) Processor 2431,2412481024,Linux,cinnaproa.int.seas.wustl.edu,3.0.27,#1 SMP Tue Apr 17 10:58:24 CDT 2012,x86_64,7263865,174560,90688,73664,32883171328,25766277120,0,931827712,32777703424,32777703424,198,0,0,1,SCHED_OTHER,0,4.59237e+06,2.12505e+06,1,2.16092
65536,2,64,65536,2,64,524288,16,64,6291456,48,64,0,0,0,12, Six-Core AMD Opteron(tm) Processor 2431,2412481024,Linux,cinnaproa.int.seas.wustl.edu,3.0.27,#1 SMP Tue Apr 17 10:58:24 CDT 2012,x86_64,7263865,174560,90688,73664,32883171328,25766277120,0,931827712,32777703424,32777703424,198,0,0,1,SCHED_OTHER,0,4.52084e+06,3.03148e+06,1,1.4912
65536,2,64,65536,2,64,524288,16,64,6291456,48,64,0,0,0,12, Six-Core AMD Opteron(tm) Processor 2431,2412481024,Linux,cinnaproa.int.seas.wustl.edu,3.0.27,#1 SMP Tue Apr 17 10:58:24 CDT 2012,x86_64,7263865,174560,90688,73664,32883171328,25766277120,0,931827712,32777703424,32777703424,198,0,0,1,SCHED_OTHER,0,3.26227e+06,2.17142e+06,1,1.50237
65536,2,64,65536,2,64,524288,16,64,6291456,48,64,0,0,0,12, Six-Core AMD Opteron(tm) Processor 2431,2412481024,Linux,cinnaproa.int.seas.wustl.edu,3.0.27,#1 SMP Tue Apr 17 10:58:24 CDT 2012,x86_64,7263865,174560,90688,73664,32883171328,25766277120,0,931827712,32777703424,32777703424,198,0,0,1,SCHED_OTHER,0,3.97318e+06,2.30874e+06,1,1.72093
65536,2,64,65536,2,64,524288,16,64,6291456,48,64,0,0,0,12, Six-Core AMD Opteron(tm) Processor 2431,2412481024,Linux,cinnaproa.int.seas.wustl.edu,3.0.27,#1 SMP Tue Apr 17 10:58:24 CDT 2012,x86_64,7263865,174560,90688,73664,32883171328,25766277120,0,931827712,32777703424,32777703424,198,0,0,1,SCHED_OTHER,0,3.54649e+06,2.15981e+06,1,1.64204
65536,2,64,65536,2,64,524288,16,64,6291456,48,64,0,0,0,12, Six-Core AMD Opteron(tm) Processor 2431,2412481024,Linux,cinnaproa.int.seas.wustl.edu,3.0.27,#1 SMP Tue Apr 17 10:58:24 CDT 2012,x86_64,7263867,174560,90688,73664,32883171328,25766379520,0,931831808,32777703424,32777703424,198,0,0,1,SCHED_OTHER,0,4.61943e+06,3.19867e+06,1,1.44397
65536,2,64,65536,2,64,524288,16,64,6291456,48,64,0,0,0,12, Six-Core AMD Opteron(tm) Processor 2431,2412481024,Linux,cinnaproa.int.seas.wustl.edu,3.0.27,#1 SMP Tue Apr 17 10:58:24 CDT 2012,x86_64,7263867,174560,90688,73664,32883171328,25766379520,0,931831808,32777703424,32777703424,198,0,0,1,SCHED_OTHER,0,4.66339e+06,2.17804e+06,1,2.14096
65536,2,64,65536,2,64,524288,16,64,6291456,48,64,0,0,0,12, Six-Core AMD Opteron(tm) Processor 2431,2412481024,Linux,cinnaproa.int.seas.wustl.edu,3.0.27,#1 SMP Tue Apr 17 10:58:24 CDT 2012,x86_64,7263867,174560,90688,73664,32883171328,25766379520,0,931831808,32777703424,32777703424,198,0,0,1,SCHED_OTHER,0,4.59414e+06,3.22627e+06,1,1.42388
65536,2,64,65536,2,64,524288,16,64,6291456,48,64,0,0,0,12, Six-Core AMD Opteron(tm) Processor 2431,2412481024,Linux,cinnaproa.int.seas.wustl.edu,3.0.27,#1 SMP Tue Apr 17 10:58:24 CDT 2012,x86_64,7263867,174560,90688,73664,32883171328,25766379520,0,931831808,32777703424,32777703424,198,0,0,1,SCHED_OTHER,0,3.20721e+06,2.20222e+06,1,1.45627
65536,2,64,65536,2,64,524288,16,64,6291456,48,64,0,0,0,12, Six-Core AMD Opteron(tm) Processor 2431,2412481024,Linux,cinnaproa.int.seas.wustl.edu,3.0.27,#1 SMP Tue Apr 17 10:58:24 CDT 2012,x86_64,7263867,174560,90688,73664,32883171328,25766379520,0,931831808,32777703424,32777703424,198,0,0,1,SCHED_OTHER,0,4.21031e+06,2.29541e+06,1,1.83423
65536,2,64,65536,2,64,524288,16,64,6291456,48,64,0,0,0,12, Six-Core AMD Opteron(tm) Processor 2431,2412481024,Linux,cinnaproa.int.seas.wustl.edu,3.0.27,#1 SMP Tue Apr 17 10:58:24 CDT 2012,x86_64,7263867,174560,90688,73664,32883171328,25766379520,0,931831808,32777703424,32777703424,198,0,0,1,SCHED_OTHER,0,3.6406e+06,2.15662e+06,1,1.68811
65536,2,64,65536,2,64,524288,16,64,6291456,48,64,0,0,0,12, Six-Core AMD Opteron(tm) Processor 2431,2412481024,Linux,cinnaproa.int.seas.wustl.edu,3.0.27,#1 SMP Tue Apr 17 10:58:24 CDT 2012,x86_64,7263869,171072,91360,73984,32883171328,25766821888,0,931831808,32777703424,32777703424,198,0,0,1,SCHED_OTHER,0,4.59011e+06,3.15184e+06,1,1.45603
65536,2,64,65536,2,64,524288,16,64,6291456,48,64,0,0,0,12, Six-Core AMD Opteron(tm) Processor 2431,2412481024,Linux,cinnaproa.int.seas.wustl.edu,3.0.27,#1 SMP Tue Apr 17 10:58:24 CDT 2012,x86_64,7263869,171072,91360,73984,32883171328,25766821888,0,931831808,32777703424,32777703424,198,0,0,1,SCHED_OTHER,0,4.64134e+06,2.15584e+06,1,2.15277
65536,2,64,65536,2,64,524288,16,64,6291456,48,64,0,0,0,12, Six-Core AMD Opteron(tm) Processor 2431,2412481024,Linux,cinnaproa.int.seas.wustl.edu,3.0.27,#1 SMP Tue Apr 17 10:58:24 CDT 2012,x86_64,7263869,171072,91360,73984,32883171328,25766821888,0,931831808,32777703424,32777703424,198,0,0,1,SCHED_OTHER,0,4.57899e+06,3.01466e+06,1,1.51889
65536,2,64,65536,2,64,524288,16,64,6291456,48,64,0,0,0,12, Six-Core AMD Opteron(tm) Processor 2431,2412481024,Linux,cinnaproa.int.seas.wustl.edu,3.0.27,#1 SMP Tue Apr 17 10:58:24 CDT 2012,x86_64,7263869,171072,91360,73984,32883171328,25766821888,0,931831808,32777703424,32777703424,198,0,0,1,SCHED_OTHER,0,3.32022e+06,2.17176e+06,1,1.52882
65536,2,64,65536,2,64,524288,16,64,6291456,48,64,0,0,0,12, Six-Core AMD Opteron(tm) Processor 2431,2412481024,Linux,cinnaproa.int.seas.wustl.edu,3.0.27,#1 SMP Tue Apr 17 10:58:24 CDT 2012,x86_64,7263869,171072,91360,73984,32883171328,25766821888,0,931831808,32777703424,32777703424,198,0,0,1,SCHED_OTHER,0,4.0789e+06,2.32441e+06,1,1.75482
65536,2,64,65536,2,64,524288,16,64,6291456,48,64,0,0,0,12, Six-Core AMD Opteron(tm) Processor 2431,2412481024,Linux,cinnaproa.int.seas.wustl.edu,3.0.27,#1 SMP Tue Apr 17 10:58:24 CDT 2012,x86_64,7263869,171072,91360,73984,32883171328,25766821888,0,931831808,32777703424,32777703424,198,0,0,1,SCHED_OTHER,0,3.46785e+06,2.1602e+06,1,1.60524
65536,2,64,65536,2,64,524288,16,64,6291456,48,64,0,0,0,12, Six-Core AMD Opteron(tm) Processor 2431,2412481024,Linux,cinnaproa.int.seas.wustl.edu,3.0.27,#1 SMP Tue Apr 17 10:58:24 CDT 2012,x86_64,7263872,171072,91360,73984,32883171328,25766608896,0,931831808,32777703424,32777703424,198,0,0,1,SCHED_OTHER,0,4.62351e+06,3.25814e+06,1,1.41878
65536,2,64,65536,2,64,524288,16,64,6291456,48,64,0,0,0,12, Six-Core AMD Opteron(tm) Processor 2431,2412481024,Linux,cinnaproa.int.seas.wustl.edu,3.0.27,#1 SMP Tue Apr 17 10:58:24 CDT 2012,x86_64,7263872,171072,91360,73984,32883171328,25766608896,0,931831808,32777703424,32777703424,198,0,0,1,SCHED_OTHER,0,4.66799e+06,2.25411e+06,1,2.07074
65536,2,64,65536,2,64,524288,16,64,6291456,48,64,0,0,0,12, Six-Core AMD Opteron(tm) Processor 2431,2412481024,Linux,cinnaproa.int.seas.wustl.edu,3.0.27,#1 SMP Tue Apr 17 10:58:24 CDT 2012,x86_64,7263872,171072,91360,73984,32883171328,25766608896,0,931831808,32777703424,32777703424,198,0,0,1,SCHED_OTHER,0,4.57793e+06,3.21614e+06,1,1.42341
65536,2,64,65536,2,64,524288,16,64,6291456,48,64,0,0,0,12, Six-Core AMD Opteron(tm) Processor 2431,2412481024,Linux,cinnaproa.int.seas.wustl.edu,3.0.27,#1 SMP Tue Apr 17 10:58:24 CDT 2012,x86_64,7263872,171072,91360,73984,32883171328,25766608896,0,931831808,32777703424,32777703424,198,0,0,1,SCHED_OTHER,0,3.5454e+06,2.14261e+06,1,1.65461
65536,2,64,65536,2,64,524288,16,64,6291456,48,64,0,0,0,12, Six-Core AMD Opteron(tm) Processor 2431,2412481024,Linux,cinnaproa.int.seas.wustl.edu,3.0.27,#1 SMP Tue Apr 17 10:58:24 CDT 2012,x86_64,7263872,171072,91360,73984,32883171328,25766608896,0,931831808,32777703424,32777703424,198,0,0,1,SCHED_OTHER,0,4.18749e+06,2.29174e+06,1,1.82721
65536,2,64,65536,2,64,524288,16,64,6291456,48,64,0,0,0,12, Six-Core AMD Opteron(tm) Processor 2431,2412481024,Linux,cinnaproa.int.seas.wustl.edu,3.0.27,#1 SMP Tue Apr 17 10:58:24 CDT 2012,x86_64,7263872,171072,91360,73984,32883171328,25766608896,0,931831808,32777703424,32777703424,198,0,0,1,SCHED_OTHER,0,3.76399e+06,2.14439e+06,1,1.75527
65536,2,64,65536,2,64,524288,16,64,6291456,48,64,0,0,0,12, Six-Core AMD Opteron(tm) Processor 2431,2412481024,Linux,cinnaproa.int.seas.wustl.edu,3.0.27,#1 SMP Tue Apr 17 10:58:24 CDT 2012,x86_64,7263874,167872,92032,74304,32883171328,25769017344,0,931840000,32777703424,32777703424,198,0,0,1,SCHED_OTHER,0,4.61741e+06,3.08432e+06,1,1.49674
65536,2,64,65536,2,64,524288,16,64,6291456,48,64,0,0,0,12, Six-Core AMD Opteron(tm) Processor 2431,2412481024,Linux,cinnaproa.int.seas.wustl.edu,3.0.27,#1 SMP Tue Apr 17 10:58:24 CDT 2012,x86_64,7263874,167872,92032,74304,32883171328,25769017344,0,931840000,32777703424,32777703424,198,0,0,1,SCHED_OTHER,0,4.61307e+06,2.13411e+06,1,2.16157
65536,2,64,65536,2,64,524288,16,64,6291456,48,64,0,0,0,12, Six-Core AMD Opteron(tm) Processor 2431,2412481024,Linux,cinnaproa.int.seas.wustl.edu,3.0.27,#1 SMP Tue Apr 17 10:58:24 CDT 2012,x86_64,7263874,167872,92032,74304,32883171328,25769017344,0,931840000,32777703424,32777703424,198,0,0,1,SCHED_OTHER,0,4.48334e+06,2.7474e+06,1,1.63174
65536,2,64,65536,2,64,524288,16,64,6291456,48,64,0,0,0,12, Six-Core AMD Opteron(tm) Processor 2431,2412481024,Linux,cinnaproa.int.seas.wustl.edu,3.0.27,#1 SMP Tue Apr 17 10:58:24 CDT 2012,x86_64,7263874,167872,92032,74304,32883171328,25769017344,0,931840000,32777703424,32777703424,198,0,0,1,SCHED_OTHER,0,3.2442e+06,2.17758e+06,1,1.48973
65536,2,64,65536,2,64,524288,16,64,6291456,48,64,0,0,0,12, Six-Core AMD Opteron(tm) Processor 2431,2412481024,Linux,cinnaproa.int.seas.wustl.edu,3.0.27,#1 SMP Tue Apr 17 10:58:24 CDT 2012,x86_64,7263874,167872,92032,74304,32883171328,25769017344,0,931840000,32777703424,32777703424,198,0,0,1,SCHED_OTHER,0,4.10082e+06,2.3287e+06,1,1.761
65536,2,64,65536,2,64,524288,16,64,6291456,48,64,0,0,0,12, Six-Core AMD Opteron(tm) Processor 2431,2412481024,Linux,cinnaproa.int.seas.wustl.edu,3.0.27,#1 SMP Tue Apr 17 10:58:24 CDT 2012,x86_64,7263874,167872,92032,74304,32883171328,25769017344,0,931840000,32777703424,32777703424,198,0,0,1,SCHED_OTHER,0,3.38191e+06,2.1775e+06,1,1.55311
65536,2,64,65536,2,64,524288,16,64,6291456,48,64,0,0,0,12, Six-Core AMD Opteron(tm) Processor 2431,2412481024,Linux,cinnaproa.int.seas.wustl.edu,3.0.27,#1 SMP Tue Apr 17 10:58:24 CDT 2012,x86_64,7263876,167872,92032,74304,32883171328,25767010304,0,931840000,32777703424,32777703424,198,0,0,1,SCHED_OTHER,0,4.56268e+06,4.05046e+06,1,1.12624
65536,2,64,65536,2,64,524288,16,64,6291456,48,64,0,0,0,12, Six-Core AMD Opteron(tm) Processor 2431,2412481024,Linux,cinnaproa.int.seas.wustl.edu,3.0.27,#1 SMP Tue Apr 17 10:58:24 CDT 2012,x86_64,7263876,167872,92032,74304,32883171328,25767010304,0,931840000,32777703424,32777703424,198,0,0,1,SCHED_OTHER,0,4.51098e+06,2.82678e+06,1,1.59578
65536,2,64,65536,2,64,524288,16,64,6291456,48,64,0,0,0,12, Six-Core AMD Opteron(tm) Processor 2431,2412481024,Linux,cinnaproa.int.seas.wustl.edu,3.0.27,#1 SMP Tue Apr 17 10:58:24 CDT 2012,x86_64,7263876,167872,92032,74304,32883171328,25767010304,0,931840000,32777703424,32777703424,198,0,0,1,SCHED_OTHER,0,4.61632e+06,4.10643e+06,1,1.12415
65536,2,64,65536,2,64,524288,16,64,6291456,48,64,0,0,0,12, Six-Core AMD Opteron(tm) Processor 2431,2412481024,Linux,cinnaproa.int.seas.wustl.edu,3.0.27,#1 SMP Tue Apr 17 10:58:24 CDT 2012,x86_64,7263876,167872,92032,74304,32883171328,25767010304,0,931840000,32777703424,32777703424,198,0,0,1,SCHED_OTHER,0,4.00754e+06,1.97989e+06,1,2.02412
65536,2,64,65536,2,64,524288,16,64,6291456,48,64,0,0,0,12, Six-Core AMD Opteron(tm) Processor 2431,2412481024,Linux,cinnaproa.int.seas.wustl.edu,3.0.27,#1 SMP Tue Apr 17 10:58:24 CDT 2012,x86_64,7263876,167872,92032,74304,32883171328,25767010304,0,931840000,32777703424,32777703424,198,0,0,1,SCHED_OTHER,0,4.57678e+06,2.08354e+06,1,2.19653
65536,2,64,65536,2,64,524288,16,64,6291456,48,64,0,0,0,12, Six-Core AMD Opteron(tm) Processor 2431,2412481024,Linux,cinnaproa.int.seas.wustl.edu,3.0.27,#1 SMP Tue Apr 17 10:58:24 CDT 2012,x86_64,7263876,167872,92032,74304,32883171328,25767010304,0,931840000,32777703424,32777703424,198,0,0,1,SCHED_OTHER,0,4.24069e+06,1.96739e+06,1,2.1555
65536,2,64,65536,2,64,524288,16,64,6291456,48,64,0,0,0,12, Six-Core AMD Opteron(tm) Processor 2431,2412481024,Linux,cinnaproa.int.seas.wustl.edu,3.0.27,#1 SMP Tue Apr 17 10:58:24 CDT 2012,x86_64,7263878,164928,92672,74624,32883171328,25766907904,0,931840000,32777703424,32777703424,198,0,0,1,SCHED_OTHER,0,4.68035e+06,3.11355e+06,1,1.50292
65536,2,64,65536,2,64,524288,16,64,6291456,48,64,0,0,0,12, Six-Core AMD Opteron(tm) Processor 2431,2412481024,Linux,cinnaproa.int.seas.wustl.edu,3.0.27,#1 SMP Tue Apr 17 10:58:24 CDT 2012,x86_64,7263878,164928,92672,74624,32883171328,25766907904,0,931840000,32777703424,32777703424,198,0,0,1,SCHED_OTHER,0,4.69351e+06,2.17206e+06,1,2.16071
65536,2,64,65536,2,64,524288,16,64,6291456,48,64,0,0,0,12, Six-Core AMD Opteron(tm) Processor 2431,2412481024,Linux,cinnaproa.int.seas.wustl.edu,3.0.27,#1 SMP Tue Apr 17 10:58:24 CDT 2012,x86_64,7263878,164928,92672,74624,32883171328,25766907904,0,931840000,32777703424,32777703424,198,0,0,1,SCHED_OTHER,0,4.64869e+06,2.96408e+06,1,1.56832
65536,2,64,65536,2,64,524288,16,64,6291456,48,64,0,0,0,12, Six-Core AMD Opteron(tm) Processor 2431,2412481024,Linux,cinnaproa.int.seas.wustl.edu,3.0.27,#1 SMP Tue Apr 17 10:58:24 CDT 2012,x86_64,7263878,164928,92672,74624,32883171328,25766907904,0,931840000,32777703424,32777703424,198,0,0,1,SCHED_OTHER,0,3.44531e+06,2.16461e+06,1,1.59156
65536,2,64,65536,2,64,524288,16,64,6291456,48,64,0,0,0,12, Six-Core AMD Opteron(tm) Processor 2431,2412481024,Linux,cinnaproa.int.seas.wustl.edu,3.0.27,#1 SMP Tue Apr 17 10:58:24 CDT 2012,x86_64,7263878,164928,92672,74624,32883171328,25766907904,0,931840000,32777703424,32777703424,198,0,0,1,SCHED_OTHER,0,3.90135e+06,2.29742e+06,1,1.69805
65536,2,64,65536,2,64,524288,16,64,6291456,48,64,0,0,0,12, Six-Core AMD Opteron(tm) Processor 2431,2412481024,Linux,cinnaproa.int.seas.wustl.edu,3.0.27,#1 SMP Tue Apr 17 10:58:24 CDT 2012,x86_64,7263878,164928,92672,74624,32883171328,25766907904,0,931840000,32777703424,32777703424,198,0,0,1,SCHED_OTHER,0,3.21107e+06,2.20316e+06,1,1.4574
65536,2,64,65536,2,64,524288,16,64,6291456,48,64,0,0,0,12, Six-Core AMD Opteron(tm) Processor 2431,2412481024,Linux,cinnaproa.int.seas.wustl.edu,3.0.27,#1 SMP Tue Apr 17 10:58:24 CDT 2012,x86_64,7263881,164928,92672,74624,32883171328,25766715392,0,931848192,32777703424,32777703424,198,0,0,1,SCHED_OTHER,0,4.63657e+06,3.09759e+06,1,1.49653
65536,2,64,65536,2,64,524288,16,64,6291456,48,64,0,0,0,12, Six-Core AMD Opteron(tm) Processor 2431,2412481024,Linux,cinnaproa.int.seas.wustl.edu,3.0.27,#1 SMP Tue Apr 17 10:58:24 CDT 2012,x86_64,7263881,164928,92672,74624,32883171328,25766715392,0,931848192,32777703424,32777703424,198,0,0,1,SCHED_OTHER,0,4.67054e+06,2.15647e+06,1,2.16568
65536,2,64,65536,2,64,524288,16,64,6291456,48,64,0,0,0,12, Six-Core AMD Opteron(tm) Processor 2431,2412481024,Linux,cinnaproa.int.seas.wustl.edu,3.0.27,#1 SMP Tue Apr 17 10:58:24 CDT 2012,x86_64,7263881,164928,92672,74624,32883171328,25766715392,0,931848192,32777703424,32777703424,198,0,0,1,SCHED_OTHER,0,4.60178e+06,3.06958e+06,1,1.49906
65536,2,64,65536,2,64,524288,16,64,6291456,48,64,0,0,0,12, Six-Core AMD Opteron(tm) Processor 2431,2412481024,Linux,cinnaproa.int.seas.wustl.edu,3.0.27,#1 SMP Tue Apr 17 10:58:24 CDT 2012,x86_64,7263881,164928,92672,74624,32883171328,25766715392,0,931848192,32777703424,32777703424,198,0,0,1,SCHED_OTHER,0,3.38865e+06,2.15898e+06,1,1.56956
65536,2,64,65536,2,64,524288,16,64,6291456,48,64,0,0,0,12, Six-Core AMD Opteron(tm) Processor 2431,2412481024,Linux,cinnaproa.int.seas.wustl.edu,3.0.27,#1 SMP Tue Apr 17 10:58:24 CDT 2012,x86_64,7263881,164928,92672,74624,32883171328,25766715392,0,931848192,32777703424,32777703424,198,0,0,1,SCHED_OTHER,0,4.07756e+06,2.29797e+06,1,1.77442
65536,2,64,65536,2,64,524288,16,64,6291456,48,64,0,0,0,12, Six-Core AMD Opteron(tm) Processor 2431,2412481024,Linux,cinnaproa.int.seas.wustl.edu,3.0.27,#1 SMP Tue Apr 17 10:58:24 CDT 2012,x86_64,7263881,164928,92672,74624,32883171328,25766715392,0,931848192,32777703424,32777703424,198,0,0,1,SCHED_OTHER,0,3.26855e+06,2.18968e+06,1,1.49262
65536,2,64,65536,2,64,524288,16,64,6291456,48,64,0,0,0,12, Six-Core AMD Opteron(tm) Processor 2431,2412481024,Linux,cinnaproa.int.seas.wustl.edu,3.0.27,#1 SMP Tue Apr 17 10:58:24 CDT 2012,x86_64,7263883,164928,92672,74624,32883171328,25767178240,0,931848192,32777703424,32777703424,198,0,0,1,SCHED_OTHER,0,4.59887e+06,3.27664e+06,1,1.40325
65536,2,64,65536,2,64,524288,16,64,6291456,48,64,0,0,0,12, Six-Core AMD Opteron(tm) Processor 2431,2412481024,Linux,cinnaproa.int.seas.wustl.edu,3.0.27,#1 SMP Tue Apr 17 10:58:24 CDT 2012,x86_64,7263883,164928,92672,74624,32883171328,25767178240,0,931848192,32777703424,32777703424,198,0,0,1,SCHED_OTHER,0,4.64789e+06,2.1947e+06,1,2.11764
65536,2,64,65536,2,64,524288,16,64,6291456,48,64,0,0,0,12, Six-Core AMD Opteron(tm) Processor 2431,2412481024,Linux,cinnaproa.int.seas.wustl.edu,3.0.27,#1 SMP Tue Apr 17 10:58:24 CDT 2012,x86_64,7263883,164928,92672,74624,32883171328,25767178240,0,931848192,32777703424,32777703424,198,0,0,1,SCHED_OTHER,0,4.5536e+06,3.20473e+06,1,1.4208
65536,2,64,65536,2,64,524288,16,64,6291456,48,64,0,0,0,12, Six-Core AMD Opteron(tm) Processor 2431,2412481024,Linux,cinnaproa.int.seas.wustl.edu,3.0.27,#1 SMP Tue Apr 17 10:58:24 CDT 2012,x86_64,7263883,164928,92672,74624,32883171328,25767178240,0,931848192,32777703424,32777703424,198,0,0,1,SCHED_OTHER,0,3.34289e+06,2.18233e+06,1,1.5318
65536,2,64,65536,2,64,524288,16,64,6291456,48,64,0,0,0,12, Six-Core AMD Opteron(tm) Processor 2431,2412481024,Linux,cinnaproa.int.seas.wustl.edu,3.0.27,#1 SMP Tue Apr 17 10:58:24 CDT 2012,x86_64,7263883,164928,92672,74624,32883171328,25767178240,0,931848192,32777703424,32777703424,198,0,0,1,SCHED_OTHER,0,4.11677e+06,2.31477e+06,1,1.77838
65536,2,64,65536,2,64,524288,16,64,6291456,48,64,0,0,0,12, Six-Core AMD Opteron(tm) Processor 2431,2412481024,Linux,cinnaproa.int.seas.wustl.edu,3.0.27,#1 SMP Tue Apr 17 10:58:24 CDT 2012,x86_64,7263883,164928,92672,74624,32883171328,25767178240,0,931848192,32777703424,32777703424,198,0,0,1,SCHED_OTHER,0,3.61979e+06,2.16734e+06,1,1.67006
65536,2,64,65536,2,64,524288,16,64,6291456,48,64,0,0,0,12, Six-Core AMD Opteron(tm) Processor 2431,2412481024,Linux,cinnaproa.int.seas.wustl.edu,3.0.27,#1 SMP Tue Apr 17 10:58:24 CDT 2012,x86_64,7263887,167456,94400,75264,32883171328,25766830080,0,931848192,32777703424,32777703424,198,0,0,1,SCHED_OTHER,0,4.64028e+06,3.08391e+06,1,1.50436
65536,2,64,65536,2,64,524288,16,64,6291456,48,64,0,0,0,12, Six-Core AMD Opteron(tm) Processor 2431,2412481024,Linux,cinnaproa.int.seas.wustl.edu,3.0.27,#1 SMP Tue Apr 17 10:58:24 CDT 2012,x86_64,7263887,167456,94400,75264,32883171328,25766830080,0,931848192,32777703424,32777703424,198,0,0,1,SCHED_OTHER,0,4.58441e+06,2.15948e+06,1,2.1229
65536,2,64,65536,2,64,524288,16,64,6291456,48,64,0,0,0,12, Six-Core AMD Opteron(tm) Processor 2431,2412481024,Linux,cinnaproa.int.seas.wustl.edu,3.0.27,#1 SMP Tue Apr 17 10:58:24 CDT 2012,x86_64,7263887,167456,94400,75264,32883171328,25766830080,0,931848192,32777703424,32777703424,198,0,0,1,SCHED_OTHER,0,4.56171e+06,3.06602e+06,1,1.48773
65536,2,64,65536,2,64,524288,16,64,6291456,48,64,0,0,0,12, Six-Core AMD Opteron(tm) Processor 2431,2412481024,Linux,cinnaproa.int.seas.wustl.edu,3.0.27,#1 SMP Tue Apr 17 10:58:24 CDT 2012,x86_64,7263887,167456,94400,75264,32883171328,25766830080,0,931848192,32777703424,32777703424,198,0,0,1,SCHED_OTHER,0,3.41841e+06,2.14473e+06,1,1.59386
65536,2,64,65536,2,64,524288,16,64,6291456,48,64,0,0,0,12, Six-Core AMD Opteron(tm) Processor 2431,2412481024,Linux,cinnaproa.int.seas.wustl.edu,3.0.27,#1 SMP Tue Apr 17 10:58:24 CDT 2012,x86_64,7263887,167456,94400,75264,32883171328,25766830080,0,931848192,32777703424,32777703424,198,0,0,1,SCHED_OTHER,0,3.90475e+06,2.29771e+06,1,1.69931
65536,2,64,65536,2,64,524288,16,64,6291456,48,64,0,0,0,12, Six-Core AMD Opteron(tm) Processor 2431,2412481024,Linux,cinnaproa.int.seas.wustl.edu,3.0.27,#1 SMP Tue Apr 17 10:58:24 CDT 2012,x86_64,7263887,167456,94400,75264,32883171328,25766830080,0,931848192,32777703424,32777703424,198,0,0,1,SCHED_OTHER,0,3.25873e+06,2.20112e+06,1,1.4804
65536,2,64,65536,2,64,524288,16,64,6291456,48,64,0,0,0,12, Six-Core AMD Opteron(tm) Processor 2431,2412481024,Linux,cinnaproa.int.seas.wustl.edu,3.0.27,#1 SMP Tue Apr 17 10:58:24 CDT 2012,x86_64,7263889,164544,95008,75552,32883171328,25766506496,0,931856384,32777703424,32777703424,198,0,0,1,SCHED_OTHER,0,4.57486e+06,3.20183e+06,1,1.42852
65536,2,64,65536,2,64,524288,16,64,6291456,48,64,0,0,0,12, Six-Core AMD Opteron(tm) Processor 2431,2412481024,Linux,cinnaproa.int.seas.wustl.edu,3.0.27,#1 SMP Tue Apr 17 10:58:24 CDT 2012,x86_64,7263889,164544,95008,75552,32883171328,25766506496,0,931856384,32777703424,32777703424,198,0,0,1,SCHED_OTHER,0,4.62589e+06,2.20265e+06,1,2.10012
65536,2,64,65536,2,64,524288,16,64,6291456,48,64,0,0,0,12, Six-Core AMD Opteron(tm) Processor 2431,2412481024,Linux,cinnaproa.int.seas.wustl.edu,3.0.27,#1 SMP Tue Apr 17 10:58:24 CDT 2012,x86_64,7263889,164544,95008,75552,32883171328,25766506496,0,931856384,32777703424,32777703424,198,0,0,1,SCHED_OTHER,0,4.58539e+06,3.15473e+06,1,1.4534
65536,2,64,65536,2,64,524288,16,64,6291456,48,64,0,0,0,12, Six-Core AMD Opteron(tm) Processor 2431,2412481024,Linux,cinnaproa.int.seas.wustl.edu,3.0.27,#1 SMP Tue Apr 17 10:58:24 CDT 2012,x86_64,7263889,164544,95008,75552,32883171328,25766506496,0,931856384,32777703424,32777703424,198,0,0,1,SCHED_OTHER,0,3.41573e+06,2.14506e+06,1,1.59237
65536,2,64,65536,2,64,524288,16,64,6291456,48,64,0,0,0,12, Six-Core AMD Opteron(tm) Processor 2431,2412481024,Linux,cinnaproa.int.seas.wustl.edu,3.0.27,#1 SMP Tue Apr 17 10:58:24 CDT 2012,x86_64,7263889,164544,95008,75552,32883171328,25766506496,0,931856384,32777703424,32777703424,198,0,0,1,SCHED_OTHER,0,4.28129e+06,2.30599e+06,1,1.85649
65536,2,64,65536,2,64,524288,16,64,6291456,48,64,0,0,0,12, Six-Core AMD Opteron(tm) Processor 2431,2412481024,Linux,cinnaproa.int.seas.wustl.edu,3.0.27,#1 SMP Tue Apr 17 10:58:24 CDT 2012,x86_64,7263889,164544,95008,75552,32883171328,25766506496,0,931856384,32777703424,32777703424,198,0,0,1,SCHED_OTHER,0,3.28731e+06,2.2058e+06,1,1.4903
65536,2,64,65536,2,64,524288,16,64,6291456,48,64,0,0,0,12, Six-Core AMD Opteron(tm) Processor 2431,2412481024,Linux,cinnaproa.int.seas.wustl.edu,3.0.27,#1 SMP Tue Apr 17 10:58:24 CDT 2012,x86_64,7263893,164544,95008,75552,32883171328,25766379520,0,931856384,32777703424,32777703424,198,0,0,1,SCHED_OTHER,0,4.59196e+06,3.27756e+06,1,1.40074
65536,2,64,65536,2,64,524288,16,64,6291456,48,64,0,0,0,12, Six-Core AMD Opteron(tm) Processor 2431,2412481024,Linux,cinnaproa.int.seas.wustl.edu,3.0.27,#1 SMP Tue Apr 17 10:58:24 CDT 2012,x86_64,7263893,164544,95008,75552,32883171328,25766379520,0,931856384,32777703424,32777703424,198,0,0,1,SCHED_OTHER,0,4.60221e+06,2.24808e+06,1,2.04704
65536,2,64,65536,2,64,524288,16,64,6291456,48,64,0,0,0,12, Six-Core AMD Opteron(tm) Processor 2431,2412481024,Linux,cinnaproa.int.seas.wustl.edu,3.0.27,#1 SMP Tue Apr 17 10:58:24 CDT 2012,x86_64,7263893,164544,95008,75552,32883171328,25766379520,0,931856384,32777703424,32777703424,198,0,0,1,SCHED_OTHER,0,4.5436e+06,3.23474e+06,1,1.40453
65536,2,64,65536,2,64,524288,16,64,6291456,48,64,0,0,0,12, Six-Core AMD Opteron(tm) Processor 2431,2412481024,Linux,cinnaproa.int.seas.wustl.edu,3.0.27,#1 SMP Tue Apr 17 10:58:24 CDT 2012,x86_64,7263893,164544,95008,75552,32883171328,25766379520,0,931856384,32777703424,32777703424,198,0,0,1,SCHED_OTHER,0,3.60902e+06,2.16191e+06,1,1.66927
65536,2,64,65536,2,64,524288,16,64,6291456,48,64,0,0,0,12, Six-Core AMD Opteron(tm) Processor 2431,2412481024,Linux,cinnaproa.int.seas.wustl.edu,3.0.27,#1 SMP Tue Apr 17 10:58:24 CDT 2012,x86_64,7263893,164544,95008,75552,32883171328,25766379520,0,931856384,32777703424,32777703424,198,0,0,1,SCHED_OTHER,0,4.21497e+06,2.30105e+06,1,1.83166
65536,2,64,65536,2,64,524288,16,64,6291456,48,64,0,0,0,12, Six-Core AMD Opteron(tm) Processor 2431,2412481024,Linux,cinnaproa.int.seas.wustl.edu,3.0.27,#1 SMP Tue Apr 17 10:58:24 CDT 2012,x86_64,7263893,164544,95008,75552,32883171328,25766379520,0,931856384,32777703424,32777703424,198,0,0,1,SCHED_OTHER,0,3.72549e+06,2.15441e+06,1,1.72914
65536,2,64,65536,2,64,524288,16,64,6291456,48,64,0,0,0,12, Six-Core AMD Opteron(tm) Processor 2431,2412481024,Linux,cinnaproa.int.seas.wustl.edu,3.0.27,#1 SMP Tue Apr 17 10:58:24 CDT 2012,x86_64,7263895,161856,95616,75840,32883171328,25767890944,0,931864576,32777703424,32777703424,198,0,0,1,SCHED_OTHER,0,4.58501e+06,3.15794e+06,1,1.45161
65536,2,64,65536,2,64,524288,16,64,6291456,48,64,0,0,0,12, Six-Core AMD Opteron(tm) Processor 2431,2412481024,Linux,cinnaproa.int.seas.wustl.edu,3.0.27,#1 SMP Tue Apr 17 10:58:24 CDT 2012,x86_64,7263895,161856,95616,75840,32883171328,25767890944,0,931864576,32777703424,32777703424,198,0,0,1,SCHED_OTHER,0,4.61482e+06,2.21388e+06,1,2.08436
65536,2,64,65536,2,64,524288,16,64,6291456,48,64,0,0,0,12, Six-Core AMD Opteron(tm) Processor 2431,2412481024,Linux,cinnaproa.int.seas.wustl.edu,3.0.27,#1 SMP Tue Apr 17 10:58:24 CDT 2012,x86_64,7263895,161856,95616,75840,32883171328,25767890944,0,931864576,32777703424,32777703424,198,0,0,1,SCHED_OTHER,0,4.68274e+06,3.16233e+06,1,1.48077
65536,2,64,65536,2,64,524288,16,64,6291456,48,64,0,0,0,12, Six-Core AMD Opteron(tm) Processor 2431,2412481024,Linux,cinnaproa.int.seas.wustl.edu,3.0.27,#1 SMP Tue Apr 17 10:58:24 CDT 2012,x86_64,7263895,161856,95616,75840,32883171328,25767890944,0,931864576,32777703424,32777703424,198,0,0,1,SCHED_OTHER,0,3.38815e+06,2.13287e+06,1,1.58845
65536,2,64,65536,2,64,524288,16,64,6291456,48,64,0,0,0,12, Six-Core AMD Opteron(tm) Processor 2431,2412481024,Linux,cinnaproa.int.seas.wustl.edu,3.0.27,#1 SMP Tue Apr 17 10:58:24 CDT 2012,x86_64,7263895,161856,95616,75840,32883171328,25767890944,0,931864576,32777703424,32777703424,198,0,0,1,SCHED_OTHER,0,4.07435e+06,2.31047e+06,1,1.76333
65536,2,64,65536,2,64,524288,16,64,6291456,48,64,0,0,0,12, Six-Core AMD Opteron(tm) Processor 2431,2412481024,Linux,cinnaproa.int.seas.wustl.edu,3.0.27,#1 SMP Tue Apr 17 10:58:24 CDT 2012,x86_64,7263895,161856,95616,75840,32883171328,25767890944,0,931864576,32777703424,32777703424,198,0,0,1,SCHED_OTHER,0,3.63094e+06,2.13088e+06,1,1.70396
65536,2,64,65536,2,64,524288,16,64,6291456,48,64,0,0,0,12, Six-Core AMD Opteron(tm) Processor 2431,2412481024,Linux,cinnaproa.int.seas.wustl.edu,3.0.27,#1 SMP Tue Apr 17 10:58:24 CDT 2012,x86_64,7263897,161856,95616,75840,32883171328,25768546304,0,931864576,32777703424,32777703424,198,0,0,1,SCHED_OTHER,0,4.62214e+06,3.09443e+06,1,1.49338
65536,2,64,65536,2,64,524288,16,64,6291456,48,64,0,0,0,12, Six-Core AMD Opteron(tm) Processor 2431,2412481024,Linux,cinnaproa.int.seas.wustl.edu,3.0.27,#1 SMP Tue Apr 17 10:58:24 CDT 2012,x86_64,7263897,161856,95616,75840,32883171328,25768546304,0,931864576,32777703424,32777703424,198,0,0,1,SCHED_OTHER,0,4.62372e+06,2.15689e+06,1,2.14355
65536,2,64,65536,2,64,524288,16,64,6291456,48,64,0,0,0,12, Six-Core AMD Opteron(tm) Processor 2431,2412481024,Linux,cinnaproa.int.seas.wustl.edu,3.0.27,#1 SMP Tue Apr 17 10:58:24 CDT 2012,x86_64,7263897,161856,95616,75840,32883171328,25768546304,0,931864576,32777703424,32777703424,198,0,0,1,SCHED_OTHER,0,4.47429e+06,2.93325e+06,1,1.52527
65536,2,64,65536,2,64,524288,16,64,6291456,48,64,0,0,0,12, Six-Core AMD Opteron(tm) Processor 2431,2412481024,Linux,cinnaproa.int.seas.wustl.edu,3.0.27,#1 SMP Tue Apr 17 10:58:24 CDT 2012,x86_64,7263897,161856,95616,75840,32883171328,25768546304,0,931864576,32777703424,32777703424,198,0,0,1,SCHED_OTHER,0,3.33707e+06,2.17078e+06,1,1.53718
65536,2,64,65536,2,64,524288,16,64,6291456,48,64,0,0,0,12, Six-Core AMD Opteron(tm) Processor 2431,2412481024,Linux,cinnaproa.int.seas.wustl.edu,3.0.27,#1 SMP Tue Apr 17 10:58:24 CDT 2012,x86_64,7263897,161856,95616,75840,32883171328,25768546304,0,931864576,32777703424,32777703424,198,0,0,1,SCHED_OTHER,0,3.91828e+06,2.31839e+06,1,1.69009
65536,2,64,65536,2,64,524288,16,64,6291456,48,64,0,0,0,12, Six-Core AMD Opteron(tm) Processor 2431,2412481024,Linux,cinnaproa.int.seas.wustl.edu,3.0.27,#1 SMP Tue Apr 17 10:58:24 CDT 2012,x86_64,7263897,161856,95616,75840,32883171328,25768546304,0,931864576,32777703424,32777703424,198,0,0,1,SCHED_OTHER,0,3.41905e+06,2.17436e+06,1,1.57235
65536,2,64,65536,2,64,524288,16,64,6291456,48,64,0,0,0,12, Six-Core AMD Opteron(tm) Processor 2431,2412481024,Linux,cinnaproa.int.seas.wustl.edu,3.0.27,#1 SMP Tue Apr 17 10:58:24 CDT 2012,x86_64,7263900,159392,96192,76128,32883171328,25767084032,0,931868672,32777703424,32777703424,198,0,0,1,SCHED_OTHER,0,4.54743e+06,3.09876e+06,1,1.46721
65536,2,64,65536,2,64,524288,16,64,6291456,48,64,0,0,0,12, Six-Core AMD Opteron(tm) Processor 2431,2412481024,Linux,cinnaproa.int.seas.wustl.edu,3.0.27,#1 SMP Tue Apr 17 10:58:24 CDT 2012,x86_64,7263900,159392,96192,76128,32883171328,25767084032,0,931868672,32777703424,32777703424,198,0,0,1,SCHED_OTHER,0,4.57572e+06,2.18298e+06,1,2.09606
65536,2,64,65536,2,64,524288,16,64,6291456,48,64,0,0,0,12, Six-Core AMD Opteron(tm) Processor 2431,2412481024,Linux,cinnaproa.int.seas.wustl.edu,3.0.27,#1 SMP Tue Apr 17 10:58:24 CDT 2012,x86_64,7263900,159392,96192,76128,32883171328,25767084032,0,931868672,32777703424,32777703424,198,0,0,1,SCHED_OTHER,0,4.56522e+06,2.99816e+06,1,1.52265
65536,2,64,65536,2,64,524288,16,64,6291456,48,64,0,0,0,12, Six-Core AMD Opteron(tm) Processor 2431,2412481024,Linux,cinnaproa.int.seas.wustl.edu,3.0.27,#1 SMP Tue Apr 17 10:58:24 CDT 2012,x86_64,7263900,159392,96192,76128,32883171328,25767084032,0,931868672,32777703424,32777703424,198,0,0,1,SCHED_OTHER,0,3.42576e+06,2.15767e+06,1,1.58762
65536,2,64,65536,2,64,524288,16,64,6291456,48,64,0,0,0,12, Six-Core AMD Opteron(tm) Processor 2431,2412481024,Linux,cinnaproa.int.seas.wustl.edu,3.0.27,#1 SMP Tue Apr 17 10:58:24 CDT 2012,x86_64,7263900,159392,96192,76128,32883171328,25767084032,0,931868672,32777703424,32777703424,198,0,0,1,SCHED_OTHER,0,4.035e+06,2.30666e+06,1,1.74928
65536,2,64,65536,2,64,524288,16,64,6291456,48,64,0,0,0,12, Six-Core AMD Opteron(tm) Processor 2431,2412481024,Linux,cinnaproa.int.seas.wustl.edu,3.0.27,#1 SMP Tue Apr 17 10:58:24 CDT 2012,x86_64,7263900,159392,96192,76128,32883171328,25767084032,0,931868672,32777703424,32777703424,198,0,0,1,SCHED_OTHER,0,3.27095e+06,2.20174e+06,1,1.48553
65536,2,64,65536,2,64,524288,16,64,6291456,48,64,0,0,0,12, Six-Core AMD Opteron(tm) Processor 2431,2412481024,Linux,cinnaproa.int.seas.wustl.edu,3.0.27,#1 SMP Tue Apr 17 10:58:24 CDT 2012,x86_64,7263903,157120,96768,76416,32883171328,25767235584,0,931868672,32777703424,32777703424,198,0,0,1,SCHED_OTHER,0,4.57278e+06,2.04017e+06,1,2.24091
65536,2,64,65536,2,64,524288,16,64,6291456,48,64,0,0,0,12, Six-Core AMD Opteron(tm) Processor 2431,2412481024,Linux,cinnaproa.int.seas.wustl.edu,3.0.27,#1 SMP Tue Apr 17 10:58:24 CDT 2012,x86_64,7263903,157120,96768,76416,32883171328,25767235584,0,931868672,32777703424,32777703424,198,0,0,1,SCHED_OTHER,0,4.58462e+06,2.19255e+06,1,2.09086
65536,2,64,65536,2,64,524288,16,64,6291456,48,64,0,0,0,12, Six-Core AMD Opteron(tm) Processor 2431,2412481024,Linux,cinnaproa.int.seas.wustl.edu,3.0.27,#1 SMP Tue Apr 17 10:58:24 CDT 2012,x86_64,7263903,157120,96768,76416,32883171328,25767235584,0,931868672,32777703424,32777703424,198,0,0,1,SCHED_OTHER,0,4.53704e+06,3.12336e+06,1,1.45261
65536,2,64,65536,2,64,524288,16,64,6291456,48,64,0,0,0,12, Six-Core AMD Opteron(tm) Processor 2431,2412481024,Linux,cinnaproa.int.seas.wustl.edu,3.0.27,#1 SMP Tue Apr 17 10:58:24 CDT 2012,x86_64,7263903,157120,96768,76416,32883171328,25767235584,0,931868672,32777703424,32777703424,198,0,0,1,SCHED_OTHER,0,2.77332e+06,2.71382e+06,1,1.02187
65536,2,64,65536,2,64,524288,16,64,6291456,48,64,0,0,0,12, Six-Core AMD Opteron(tm) Processor 2431,2412481024,Linux,cinnaproa.int.seas.wustl.edu,3.0.27,#1 SMP Tue Apr 17 10:58:24 CDT 2012,x86_64,7263903,157120,96768,76416,32883171328,25767235584,0,931868672,32777703424,32777703424,198,0,0,1,SCHED_OTHER,0,3.96606e+06,2.67171e+06,1,1.48447
65536,2,64,65536,2,64,524288,16,64,6291456,48,64,0,0,0,12, Six-Core AMD Opteron(tm) Processor 2431,2412481024,Linux,cinnaproa.int.seas.wustl.edu,3.0.27,#1 SMP Tue Apr 17 10:58:24 CDT 2012,x86_64,7263903,157120,96768,76416,32883171328,25767235584,0,931868672,32777703424,32777703424,198,0,0,1,SCHED_OTHER,0,4.16251e+06,2.35194e+06,1,1.76982
65536,2,64,65536,2,64,524288,16,64,6291456,48,64,0,0,0,12, Six-Core AMD Opteron(tm) Processor 2431,2412481024,Linux,cinnaproa.int.seas.wustl.edu,3.0.27,#1 SMP Tue Apr 17 10:58:24 CDT 2012,x86_64,7263906,157120,96768,76416,32883171328,25767010304,0,931868672,32777703424,32777703424,198,0,0,1,SCHED_OTHER,0,4.63318e+06,3.02111e+06,1,1.53328
65536,2,64,65536,2,64,524288,16,64,6291456,48,64,0,0,0,12, Six-Core AMD Opteron(tm) Processor 2431,2412481024,Linux,cinnaproa.int.seas.wustl.edu,3.0.27,#1 SMP Tue Apr 17 10:58:24 CDT 2012,x86_64,7263906,157120,96768,76416,32883171328,25767010304,0,931868672,32777703424,32777703424,198,0,0,1,SCHED_OTHER,0,4.63418e+06,2.15558e+06,1,2.14971
65536,2,64,65536,2,64,524288,16,64,6291456,48,64,0,0,0,12, Six-Core AMD Opteron(tm) Processor 2431,2412481024,Linux,cinnaproa.int.seas.wustl.edu,3.0.27,#1 SMP Tue Apr 17 10:58:24 CDT 2012,x86_64,7263906,157120,96768,76416,32883171328,25767010304,0,931868672,32777703424,32777703424,198,0,0,1,SCHED_OTHER,0,4.70135e+06,2.99232e+06,1,1.57112
65536,2,64,65536,2,64,524288,16,64,6291456,48,64,0,0,0,12, Six-Core AMD Opteron(tm) Processor 2431,2412481024,Linux,cinnaproa.int.seas.wustl.edu,3.0.27,#1 SMP Tue Apr 17 10:58:24 CDT 2012,x86_64,7263906,157120,96768,76416,32883171328,25767010304,0,931868672,32777703424,32777703424,198,0,0,1,SCHED_OTHER,0,3.13354e+06,2.18181e+06,1,1.43613
65536,2,64,65536,2,64,524288,16,64,6291456,48,64,0,0,0,12, Six-Core AMD Opteron(tm) Processor 2431,2412481024,Linux,cinnaproa.int.seas.wustl.edu,3.0.27,#1 SMP Tue Apr 17 10:58:24 CDT 2012,x86_64,7263906,157120,96768,76416,32883171328,25767010304,0,931868672,32777703424,32777703424,198,0,0,1,SCHED_OTHER,0,4.01397e+06,2.27925e+06,1,1.76109
65536,2,64,65536,2,64,524288,16,64,6291456,48,64,0,0,0,12, Six-Core AMD Opteron(tm) Processor 2431,2412481024,Linux,cinnaproa.int.seas.wustl.edu,3.0.27,#1 SMP Tue Apr 17 10:58:24 CDT 2012,x86_64,7263906,157120,96768,76416,32883171328,25767010304,0,931868672,32777703424,32777703424,198,0,0,1,SCHED_OTHER,0,3.24179e+06,2.18601e+06,1,1.48297
65536,2,64,65536,2,64,524288,16,64,6291456,48,64,0,0,0,12, Six-Core AMD Opteron(tm) Processor 2431,2412481024,Linux,cinnaproa.int.seas.wustl.edu,3.0.27,#1 SMP Tue Apr 17 10:58:24 CDT 2012,x86_64,7263908,157120,96768,76416,32883171328,25767202816,0,931876864,32777703424,32777703424,198,0,0,1,SCHED_OTHER,0,4.6172e+06,4.25734e+06,1,1.08437
65536,2,64,65536,2,64,524288,16,64,6291456,48,64,0,0,0,12, Six-Core AMD Opteron(tm) Processor 2431,2412481024,Linux,cinnaproa.int.seas.wustl.edu,3.0.27,#1 SMP Tue Apr 17 10:58:24 CDT 2012,x86_64,7263908,157120,96768,76416,32883171328,25767202816,0,931876864,32777703424,32777703424,198,0,0,1,SCHED_OTHER,0,4.62255e+06,2.80163e+06,1,1.64992
65536,2,64,65536,2,64,524288,16,64,6291456,48,64,0,0,0,12, Six-Core AMD Opteron(tm) Processor 2431,2412481024,Linux,cinnaproa.int.seas.wustl.edu,3.0.27,#1 SMP Tue Apr 17 10:58:24 CDT 2012,x86_64,7263908,157120,96768,76416,32883171328,25767202816,0,931876864,32777703424,32777703424,198,0,0,1,SCHED_OTHER,0,4.5646e+06,4.08265e+06,1,1.11797
65536,2,64,65536,2,64,524288,16,64,6291456,48,64,0,0,0,12, Six-Core AMD Opteron(tm) Processor 2431,2412481024,Linux,cinnaproa.int.seas.wustl.edu,3.0.27,#1 SMP Tue Apr 17 10:58:24 CDT 2012,x86_64,7263908,157120,96768,76416,32883171328,25767202816,0,931876864,32777703424,32777703424,198,0,0,1,SCHED_OTHER,0,4.36907e+06,2.06842e+06,1,2.11216
65536,2,64,65536,2,64,524288,16,64,6291456,48,64,0,0,0,12, Six-Core AMD Opteron(tm) Processor 2431,2412481024,Linux,cinnaproa.int.seas.wustl.edu,3.0.27,#1 SMP Tue Apr 17 10:58:24 CDT 2012,x86_64,7263908,157120,96768,76416,32883171328,25767202816,0,931876864,32777703424,32777703424,198,0,0,1,SCHED_OTHER,0,5.39529e+06,2.1968e+06,1,2.45585
65536,2,64,65536,2,64,524288,16,64,6291456,48,64,0,0,0,12, Six-Core AMD Opteron(tm) Processor 2431,2412481024,Linux,cinnaproa.int.seas.wustl.edu,3.0.27,#1 SMP Tue Apr 17 10:58:24 CDT 2012,x86_64,7263908,157120,96768,76416,32883171328,25767202816,0,931876864,32777703424,32777703424,198,0,0,1,SCHED_OTHER,0,4.6559e+06,2.08042e+06,1,2.23796
65536,2,64,65536,2,64,524288,16,64,6291456,48,64,0,0,0,12, Six-Core AMD Opteron(tm) Processor 2431,2412481024,Linux,cinnaproa.int.seas.wustl.edu,3.0.27,#1 SMP Tue Apr 17 10:58:24 CDT 2012,x86_64,7263910,155040,97344,76704,32883171328,25767387136,0,931876864,32777703424,32777703424,198,0,0,1,SCHED_OTHER,0,4.57697e+06,3.24904e+06,1,1.40842
65536,2,64,65536,2,64,524288,16,64,6291456,48,64,0,0,0,12, Six-Core AMD Opteron(tm) Processor 2431,2412481024,Linux,cinnaproa.int.seas.wustl.edu,3.0.27,#1 SMP Tue Apr 17 10:58:24 CDT 2012,x86_64,7263910,155040,97344,76704,32883171328,25767387136,0,931876864,32777703424,32777703424,198,0,0,1,SCHED_OTHER,0,4.63446e+06,2.17799e+06,1,2.12772
65536,2,64,65536,2,64,524288,16,64,6291456,48,64,0,0,0,12, Six-Core AMD Opteron(tm) Processor 2431,2412481024,Linux,cinnaproa.int.seas.wustl.edu,3.0.27,#1 SMP Tue Apr 17 10:58:24 CDT 2012,x86_64,7263910,155040,97344,76704,32883171328,25767387136,0,931876864,32777703424,32777703424,198,0,0,1,SCHED_OTHER,0,4.57433e+06,3.07717e+06,1,1.48652
65536,2,64,65536,2,64,524288,16,64,6291456,48,64,0,0,0,12, Six-Core AMD Opteron(tm) Processor 2431,2412481024,Linux,cinnaproa.int.seas.wustl.edu,3.0.27,#1 SMP Tue Apr 17 10:58:24 CDT 2012,x86_64,7263910,155040,97344,76704,32883171328,25767387136,0,931876864,32777703424,32777703424,198,0,0,1,SCHED_OTHER,0,3.40044e+06,2.15896e+06,1,1.57503
65536,2,64,65536,2,64,524288,16,64,6291456,48,64,0,0,0,12, Six-Core AMD Opteron(tm) Processor 2431,2412481024,Linux,cinnaproa.int.seas.wustl.edu,3.0.27,#1 SMP Tue Apr 17 10:58:24 CDT 2012,x86_64,7263910,155040,97344,76704,32883171328,25767387136,0,931876864,32777703424,32777703424,198,0,0,1,SCHED_OTHER,0,4.09569e+06,2.29785e+06,1,1.7824
65536,2,64,65536,2,64,524288,16,64,6291456,48,64,0,0,0,12, Six-Core AMD Opteron(tm) Processor 2431,2412481024,Linux,cinnaproa.int.seas.wustl.edu,3.0.27,#1 SMP Tue Apr 17 10:58:24 CDT 2012,x86_64,7263910,155040,97344,76704,32883171328,25767387136,0,931876864,32777703424,32777703424,198,0,0,1,SCHED_OTHER,0,3.57315e+06,2.17143e+06,1,1.64553
