65536,2,64,65536,2,64,524288,16,64,6291456,48,64,0,0,0,12, Six-Core AMD Opteron(tm) Processor 2431,2412481024,Linux,cinnaproa.int.seas.wustl.edu,3.0.27,#1 SMP Tue Apr 17 10:58:24 CDT 2012,x86_64,7262509,68416,15104,7552,32883171328,25840787456,0,931524608,32777703424,32777703424,194,0,0,1,SCHED_OTHER,0,119524,111403,1,1.0729
65536,2,64,65536,2,64,524288,16,64,6291456,48,64,0,0,0,12, Six-Core AMD Opteron(tm) Processor 2431,2412481024,Linux,cinnaproa.int.seas.wustl.edu,3.0.27,#1 SMP Tue Apr 17 10:58:24 CDT 2012,x86_64,7262509,68416,15104,7552,32883171328,25840787456,0,931524608,32777703424,32777703424,194,0,0,1,SCHED_OTHER,0,132370,126655,98,1.04513
65536,2,64,65536,2,64,524288,16,64,6291456,48,64,0,0,0,12, Six-Core AMD Opteron(tm) Processor 2431,2412481024,Linux,cinnaproa.int.seas.wustl.edu,3.0.27,#1 SMP Tue Apr 17 10:58:24 CDT 2012,x86_64,7262509,68416,15104,7552,32883171328,25840787456,0,931524608,32777703424,32777703424,194,0,0,1,SCHED_OTHER,0,126081,118362,0,1.06521
65536,2,64,65536,2,64,524288,16,64,6291456,48,64,0,0,0,12, Six-Core AMD Opteron(tm) Processor 2431,2412481024,Linux,cinnaproa.int.seas.wustl.edu,3.0.27,#1 SMP Tue Apr 17 10:58:24 CDT 2012,x86_64,7262509,68416,15104,7552,32883171328,25840787456,0,931524608,32777703424,32777703424,194,0,0,1,SCHED_OTHER,0,121761,120089,0,1.01392
65536,2,64,65536,2,64,524288,16,64,6291456,48,64,0,0,0,12, Six-Core AMD Opteron(tm) Processor 2431,2412481024,Linux,cinnaproa.int.seas.wustl.edu,3.0.27,#1 SMP Tue Apr 17 10:58:24 CDT 2012,x86_64,7262509,68416,15104,7552,32883171328,25840787456,0,931524608,32777703424,32777703424,194,0,0,1,SCHED_OTHER,0,121772,120385,0,1.01153
65536,2,64,65536,2,64,524288,16,64,6291456,48,64,0,0,0,12, Six-Core AMD Opteron(tm) Processor 2431,2412481024,Linux,cinnaproa.int.seas.wustl.edu,3.0.27,#1 SMP Tue Apr 17 10:58:24 CDT 2012,x86_64,7262509,68416,15104,7552,32883171328,25840787456,0,931524608,32777703424,32777703424,194,0,0,1,SCHED_OTHER,0,121637,120140,0,1.01246
65536,2,64,65536,2,64,524288,16,64,6291456,48,64,0,0,0,12, Six-Core AMD Opteron(tm) Processor 2431,2412481024,Linux,cinnaproa.int.seas.wustl.edu,3.0.27,#1 SMP Tue Apr 17 10:58:24 CDT 2012,x86_64,7262514,125920,27904,11744,32883171328,25840484352,0,931528704,32777703424,32777703424,194,0,0,1,SCHED_OTHER,0,109695,117684,98,0.932113
65536,2,64,65536,2,64,524288,16,64,6291456,48,64,0,0,0,12, Six-Core AMD Opteron(tm) Processor 2431,2412481024,Linux,cinnaproa.int.seas.wustl.edu,3.0.27,#1 SMP Tue Apr 17 10:58:24 CDT 2012,x86_64,7262514,125920,27904,11744,32883171328,25840484352,0,931528704,32777703424,32777703424,194,0,0,1,SCHED_OTHER,0,117665,119773,0,0.982402
65536,2,64,65536,2,64,524288,16,64,6291456,48,64,0,0,0,12, Six-Core AMD Opteron(tm) Processor 2431,2412481024,Linux,cinnaproa.int.seas.wustl.edu,3.0.27,#1 SMP Tue Apr 17 10:58:24 CDT 2012,x86_64,7262514,125920,27904,11744,32883171328,25840484352,0,931528704,32777703424,32777703424,194,0,0,1,SCHED_OTHER,0,116684,121535,1,0.960087
65536,2,64,65536,2,64,524288,16,64,6291456,48,64,0,0,0,12, Six-Core AMD Opteron(tm) Processor 2431,2412481024,Linux,cinnaproa.int.seas.wustl.edu,3.0.27,#1 SMP Tue Apr 17 10:58:24 CDT 2012,x86_64,7262514,125920,27904,11744,32883171328,25840484352,0,931528704,32777703424,32777703424,194,0,0,1,SCHED_OTHER,0,120852,118963,0,1.01588
65536,2,64,65536,2,64,524288,16,64,6291456,48,64,0,0,0,12, Six-Core AMD Opteron(tm) Processor 2431,2412481024,Linux,cinnaproa.int.seas.wustl.edu,3.0.27,#1 SMP Tue Apr 17 10:58:24 CDT 2012,x86_64,7262514,125920,27904,11744,32883171328,25840484352,0,931528704,32777703424,32777703424,194,0,0,1,SCHED_OTHER,0,122816,121603,0,1.00997
65536,2,64,65536,2,64,524288,16,64,6291456,48,64,0,0,0,12, Six-Core AMD Opteron(tm) Processor 2431,2412481024,Linux,cinnaproa.int.seas.wustl.edu,3.0.27,#1 SMP Tue Apr 17 10:58:24 CDT 2012,x86_64,7262514,125920,27904,11744,32883171328,25840484352,0,931528704,32777703424,32777703424,194,0,0,1,SCHED_OTHER,0,121008,119291,0,1.01439
65536,2,64,65536,2,64,524288,16,64,6291456,48,64,0,0,0,12, Six-Core AMD Opteron(tm) Processor 2431,2412481024,Linux,cinnaproa.int.seas.wustl.edu,3.0.27,#1 SMP Tue Apr 17 10:58:24 CDT 2012,x86_64,7262519,178816,40512,15904,32883171328,25839247360,0,931528704,32777703424,32777703424,194,0,0,1,SCHED_OTHER,0,126205,117591,99,1.07326
65536,2,64,65536,2,64,524288,16,64,6291456,48,64,0,0,0,12, Six-Core AMD Opteron(tm) Processor 2431,2412481024,Linux,cinnaproa.int.seas.wustl.edu,3.0.27,#1 SMP Tue Apr 17 10:58:24 CDT 2012,x86_64,7262519,178816,40512,15904,32883171328,25839247360,0,931528704,32777703424,32777703424,194,0,0,1,SCHED_OTHER,0,117898,119838,1,0.983811
65536,2,64,65536,2,64,524288,16,64,6291456,48,64,0,0,0,12, Six-Core AMD Opteron(tm) Processor 2431,2412481024,Linux,cinnaproa.int.seas.wustl.edu,3.0.27,#1 SMP Tue Apr 17 10:58:24 CDT 2012,x86_64,7262519,178816,40512,15904,32883171328,25839247360,0,931528704,32777703424,32777703424,194,0,0,1,SCHED_OTHER,0,116958,121756,0,0.960595
65536,2,64,65536,2,64,524288,16,64,6291456,48,64,0,0,0,12, Six-Core AMD Opteron(tm) Processor 2431,2412481024,Linux,cinnaproa.int.seas.wustl.edu,3.0.27,#1 SMP Tue Apr 17 10:58:24 CDT 2012,x86_64,7262519,178816,40512,15904,32883171328,25839247360,0,931528704,32777703424,32777703424,194,0,0,1,SCHED_OTHER,0,120815,118992,0,1.01532
65536,2,64,65536,2,64,524288,16,64,6291456,48,64,0,0,0,12, Six-Core AMD Opteron(tm) Processor 2431,2412481024,Linux,cinnaproa.int.seas.wustl.edu,3.0.27,#1 SMP Tue Apr 17 10:58:24 CDT 2012,x86_64,7262519,178816,40512,15904,32883171328,25839247360,0,931528704,32777703424,32777703424,194,0,0,1,SCHED_OTHER,0,122958,121731,0,1.01008
65536,2,64,65536,2,64,524288,16,64,6291456,48,64,0,0,0,12, Six-Core AMD Opteron(tm) Processor 2431,2412481024,Linux,cinnaproa.int.seas.wustl.edu,3.0.27,#1 SMP Tue Apr 17 10:58:24 CDT 2012,x86_64,7262519,178816,40512,15904,32883171328,25839247360,0,931528704,32777703424,32777703424,194,0,0,1,SCHED_OTHER,0,121096,119303,0,1.01503
65536,2,64,65536,2,64,524288,16,64,6291456,48,64,0,0,0,12, Six-Core AMD Opteron(tm) Processor 2431,2412481024,Linux,cinnaproa.int.seas.wustl.edu,3.0.27,#1 SMP Tue Apr 17 10:58:24 CDT 2012,x86_64,7262524,227488,52896,20032,32883171328,25839452160,0,931536896,32777703424,32777703424,194,0,0,1,SCHED_OTHER,0,124574,119141,0,1.0456
65536,2,64,65536,2,64,524288,16,64,6291456,48,64,0,0,0,12, Six-Core AMD Opteron(tm) Processor 2431,2412481024,Linux,cinnaproa.int.seas.wustl.edu,3.0.27,#1 SMP Tue Apr 17 10:58:24 CDT 2012,x86_64,7262524,227488,52896,20032,32883171328,25839452160,0,931536896,32777703424,32777703424,194,0,0,1,SCHED_OTHER,0,124643,120449,1,1.03482
65536,2,64,65536,2,64,524288,16,64,6291456,48,64,0,0,0,12, Six-Core AMD Opteron(tm) Processor 2431,2412481024,Linux,cinnaproa.int.seas.wustl.edu,3.0.27,#1 SMP Tue Apr 17 10:58:24 CDT 2012,x86_64,7262524,227488,52896,20032,32883171328,25839452160,0,931536896,32777703424,32777703424,194,0,0,1,SCHED_OTHER,0,127479,124515,99,1.02381
65536,2,64,65536,2,64,524288,16,64,6291456,48,64,0,0,0,12, Six-Core AMD Opteron(tm) Processor 2431,2412481024,Linux,cinnaproa.int.seas.wustl.edu,3.0.27,#1 SMP Tue Apr 17 10:58:24 CDT 2012,x86_64,7262524,227488,52896,20032,32883171328,25839452160,0,931536896,32777703424,32777703424,194,0,0,1,SCHED_OTHER,0,128166,126163,0,1.01588
65536,2,64,65536,2,64,524288,16,64,6291456,48,64,0,0,0,12, Six-Core AMD Opteron(tm) Processor 2431,2412481024,Linux,cinnaproa.int.seas.wustl.edu,3.0.27,#1 SMP Tue Apr 17 10:58:24 CDT 2012,x86_64,7262524,227488,52896,20032,32883171328,25839452160,0,931536896,32777703424,32777703424,194,0,0,1,SCHED_OTHER,0,128560,127412,0,1.00901
65536,2,64,65536,2,64,524288,16,64,6291456,48,64,0,0,0,12, Six-Core AMD Opteron(tm) Processor 2431,2412481024,Linux,cinnaproa.int.seas.wustl.edu,3.0.27,#1 SMP Tue Apr 17 10:58:24 CDT 2012,x86_64,7262524,227488,52896,20032,32883171328,25839452160,0,931536896,32777703424,32777703424,194,0,0,1,SCHED_OTHER,0,130003,127563,0,1.01913
65536,2,64,65536,2,64,524288,16,64,6291456,48,64,0,0,0,12, Six-Core AMD Opteron(tm) Processor 2431,2412481024,Linux,cinnaproa.int.seas.wustl.edu,3.0.27,#1 SMP Tue Apr 17 10:58:24 CDT 2012,x86_64,7262529,272256,65088,24160,32883171328,25839308800,0,931540992,32777703424,32777703424,194,0,0,1,SCHED_OTHER,0,123041,117704,0,1.04534
65536,2,64,65536,2,64,524288,16,64,6291456,48,64,0,0,0,12, Six-Core AMD Opteron(tm) Processor 2431,2412481024,Linux,cinnaproa.int.seas.wustl.edu,3.0.27,#1 SMP Tue Apr 17 10:58:24 CDT 2012,x86_64,7262529,272256,65088,24160,32883171328,25839308800,0,931540992,32777703424,32777703424,194,0,0,1,SCHED_OTHER,0,123270,119838,6,1.02864
65536,2,64,65536,2,64,524288,16,64,6291456,48,64,0,0,0,12, Six-Core AMD Opteron(tm) Processor 2431,2412481024,Linux,cinnaproa.int.seas.wustl.edu,3.0.27,#1 SMP Tue Apr 17 10:58:24 CDT 2012,x86_64,7262529,272256,65088,24160,32883171328,25839308800,0,931540992,32777703424,32777703424,194,0,0,1,SCHED_OTHER,0,123272,122827,97,1.00362
65536,2,64,65536,2,64,524288,16,64,6291456,48,64,0,0,0,12, Six-Core AMD Opteron(tm) Processor 2431,2412481024,Linux,cinnaproa.int.seas.wustl.edu,3.0.27,#1 SMP Tue Apr 17 10:58:24 CDT 2012,x86_64,7262529,272256,65088,24160,32883171328,25839308800,0,931540992,32777703424,32777703424,194,0,0,1,SCHED_OTHER,0,126619,124253,0,1.01904
65536,2,64,65536,2,64,524288,16,64,6291456,48,64,0,0,0,12, Six-Core AMD Opteron(tm) Processor 2431,2412481024,Linux,cinnaproa.int.seas.wustl.edu,3.0.27,#1 SMP Tue Apr 17 10:58:24 CDT 2012,x86_64,7262529,272256,65088,24160,32883171328,25839308800,0,931540992,32777703424,32777703424,194,0,0,1,SCHED_OTHER,0,127210,125767,0,1.01147
65536,2,64,65536,2,64,524288,16,64,6291456,48,64,0,0,0,12, Six-Core AMD Opteron(tm) Processor 2431,2412481024,Linux,cinnaproa.int.seas.wustl.edu,3.0.27,#1 SMP Tue Apr 17 10:58:24 CDT 2012,x86_64,7262529,272256,65088,24160,32883171328,25839308800,0,931540992,32777703424,32777703424,194,0,0,1,SCHED_OTHER,0,128280,125505,0,1.02211
65536,2,64,65536,2,64,524288,16,64,6291456,48,64,0,0,0,12, Six-Core AMD Opteron(tm) Processor 2431,2412481024,Linux,cinnaproa.int.seas.wustl.edu,3.0.27,#1 SMP Tue Apr 17 10:58:24 CDT 2012,x86_64,7262534,313440,77056,28256,32883171328,25840640000,0,931540992,32777703424,32777703424,194,0,0,1,SCHED_OTHER,0,125924,126366,36,0.996501
65536,2,64,65536,2,64,524288,16,64,6291456,48,64,0,0,0,12, Six-Core AMD Opteron(tm) Processor 2431,2412481024,Linux,cinnaproa.int.seas.wustl.edu,3.0.27,#1 SMP Tue Apr 17 10:58:24 CDT 2012,x86_64,7262534,313440,77056,28256,32883171328,25840640000,0,931540992,32777703424,32777703424,194,0,0,1,SCHED_OTHER,0,126286,125942,26,1.00274
65536,2,64,65536,2,64,524288,16,64,6291456,48,64,0,0,0,12, Six-Core AMD Opteron(tm) Processor 2431,2412481024,Linux,cinnaproa.int.seas.wustl.edu,3.0.27,#1 SMP Tue Apr 17 10:58:24 CDT 2012,x86_64,7262534,313440,77056,28256,32883171328,25840640000,0,931540992,32777703424,32777703424,194,0,0,1,SCHED_OTHER,0,125397,125983,69,0.995349
65536,2,64,65536,2,64,524288,16,64,6291456,48,64,0,0,0,12, Six-Core AMD Opteron(tm) Processor 2431,2412481024,Linux,cinnaproa.int.seas.wustl.edu,3.0.27,#1 SMP Tue Apr 17 10:58:24 CDT 2012,x86_64,7262534,313440,77056,28256,32883171328,25840640000,0,931540992,32777703424,32777703424,194,0,0,1,SCHED_OTHER,0,130330,128508,0,1.01418
65536,2,64,65536,2,64,524288,16,64,6291456,48,64,0,0,0,12, Six-Core AMD Opteron(tm) Processor 2431,2412481024,Linux,cinnaproa.int.seas.wustl.edu,3.0.27,#1 SMP Tue Apr 17 10:58:24 CDT 2012,x86_64,7262534,313440,77056,28256,32883171328,25840640000,0,931540992,32777703424,32777703424,194,0,0,1,SCHED_OTHER,0,130902,129504,0,1.0108
65536,2,64,65536,2,64,524288,16,64,6291456,48,64,0,0,0,12, Six-Core AMD Opteron(tm) Processor 2431,2412481024,Linux,cinnaproa.int.seas.wustl.edu,3.0.27,#1 SMP Tue Apr 17 10:58:24 CDT 2012,x86_64,7262534,313440,77056,28256,32883171328,25840640000,0,931540992,32777703424,32777703424,194,0,0,1,SCHED_OTHER,0,130722,128557,0,1.01684
65536,2,64,65536,2,64,524288,16,64,6291456,48,64,0,0,0,12, Six-Core AMD Opteron(tm) Processor 2431,2412481024,Linux,cinnaproa.int.seas.wustl.edu,3.0.27,#1 SMP Tue Apr 17 10:58:24 CDT 2012,x86_64,7262539,351328,88832,32320,32883171328,25841332224,0,931540992,32777703424,32777703424,194,0,0,1,SCHED_OTHER,0,125377,124923,3,1.00364
65536,2,64,65536,2,64,524288,16,64,6291456,48,64,0,0,0,12, Six-Core AMD Opteron(tm) Processor 2431,2412481024,Linux,cinnaproa.int.seas.wustl.edu,3.0.27,#1 SMP Tue Apr 17 10:58:24 CDT 2012,x86_64,7262539,351328,88832,32320,32883171328,25841332224,0,931540992,32777703424,32777703424,194,0,0,1,SCHED_OTHER,0,125842,124687,6,1.00927
65536,2,64,65536,2,64,524288,16,64,6291456,48,64,0,0,0,12, Six-Core AMD Opteron(tm) Processor 2431,2412481024,Linux,cinnaproa.int.seas.wustl.edu,3.0.27,#1 SMP Tue Apr 17 10:58:24 CDT 2012,x86_64,7262539,351328,88832,32320,32883171328,25841332224,0,931540992,32777703424,32777703424,194,0,0,1,SCHED_OTHER,0,126222,125591,98,1.00502
65536,2,64,65536,2,64,524288,16,64,6291456,48,64,0,0,0,12, Six-Core AMD Opteron(tm) Processor 2431,2412481024,Linux,cinnaproa.int.seas.wustl.edu,3.0.27,#1 SMP Tue Apr 17 10:58:24 CDT 2012,x86_64,7262539,351328,88832,32320,32883171328,25841332224,0,931540992,32777703424,32777703424,194,0,0,1,SCHED_OTHER,0,129832,127954,0,1.01468
65536,2,64,65536,2,64,524288,16,64,6291456,48,64,0,0,0,12, Six-Core AMD Opteron(tm) Processor 2431,2412481024,Linux,cinnaproa.int.seas.wustl.edu,3.0.27,#1 SMP Tue Apr 17 10:58:24 CDT 2012,x86_64,7262539,351328,88832,32320,32883171328,25841332224,0,931540992,32777703424,32777703424,194,0,0,1,SCHED_OTHER,0,130717,129591,0,1.00869
65536,2,64,65536,2,64,524288,16,64,6291456,48,64,0,0,0,12, Six-Core AMD Opteron(tm) Processor 2431,2412481024,Linux,cinnaproa.int.seas.wustl.edu,3.0.27,#1 SMP Tue Apr 17 10:58:24 CDT 2012,x86_64,7262539,351328,88832,32320,32883171328,25841332224,0,931540992,32777703424,32777703424,194,0,0,1,SCHED_OTHER,0,130059,128175,0,1.0147
65536,2,64,65536,2,64,524288,16,64,6291456,48,64,0,0,0,12, Six-Core AMD Opteron(tm) Processor 2431,2412481024,Linux,cinnaproa.int.seas.wustl.edu,3.0.27,#1 SMP Tue Apr 17 10:58:24 CDT 2012,x86_64,7262545,386176,100416,36384,32883171328,25842114560,0,931540992,32777703424,32777703424,194,0,0,1,SCHED_OTHER,0,125798,125484,98,1.0025
65536,2,64,65536,2,64,524288,16,64,6291456,48,64,0,0,0,12, Six-Core AMD Opteron(tm) Processor 2431,2412481024,Linux,cinnaproa.int.seas.wustl.edu,3.0.27,#1 SMP Tue Apr 17 10:58:24 CDT 2012,x86_64,7262545,386176,100416,36384,32883171328,25842114560,0,931540992,32777703424,32777703424,194,0,0,1,SCHED_OTHER,0,125621,123602,4,1.01634
65536,2,64,65536,2,64,524288,16,64,6291456,48,64,0,0,0,12, Six-Core AMD Opteron(tm) Processor 2431,2412481024,Linux,cinnaproa.int.seas.wustl.edu,3.0.27,#1 SMP Tue Apr 17 10:58:24 CDT 2012,x86_64,7262545,386176,100416,36384,32883171328,25842114560,0,931540992,32777703424,32777703424,194,0,0,1,SCHED_OTHER,0,124854,125000,3,0.998827
65536,2,64,65536,2,64,524288,16,64,6291456,48,64,0,0,0,12, Six-Core AMD Opteron(tm) Processor 2431,2412481024,Linux,cinnaproa.int.seas.wustl.edu,3.0.27,#1 SMP Tue Apr 17 10:58:24 CDT 2012,x86_64,7262545,386176,100416,36384,32883171328,25842114560,0,931540992,32777703424,32777703424,194,0,0,1,SCHED_OTHER,0,129847,127884,0,1.01535
65536,2,64,65536,2,64,524288,16,64,6291456,48,64,0,0,0,12, Six-Core AMD Opteron(tm) Processor 2431,2412481024,Linux,cinnaproa.int.seas.wustl.edu,3.0.27,#1 SMP Tue Apr 17 10:58:24 CDT 2012,x86_64,7262545,386176,100416,36384,32883171328,25842114560,0,931540992,32777703424,32777703424,194,0,0,1,SCHED_OTHER,0,130317,129258,0,1.00819
65536,2,64,65536,2,64,524288,16,64,6291456,48,64,0,0,0,12, Six-Core AMD Opteron(tm) Processor 2431,2412481024,Linux,cinnaproa.int.seas.wustl.edu,3.0.27,#1 SMP Tue Apr 17 10:58:24 CDT 2012,x86_64,7262545,386176,100416,36384,32883171328,25842114560,0,931540992,32777703424,32777703424,194,0,0,1,SCHED_OTHER,0,130030,128178,0,1.01445
65536,2,64,65536,2,64,524288,16,64,6291456,48,64,0,0,0,12, Six-Core AMD Opteron(tm) Processor 2431,2412481024,Linux,cinnaproa.int.seas.wustl.edu,3.0.27,#1 SMP Tue Apr 17 10:58:24 CDT 2012,x86_64,7262550,418240,111808,40416,32883171328,25839939584,0,931549184,32777703424,32777703424,194,0,0,1,SCHED_OTHER,0,124562,123831,2,1.0059
65536,2,64,65536,2,64,524288,16,64,6291456,48,64,0,0,0,12, Six-Core AMD Opteron(tm) Processor 2431,2412481024,Linux,cinnaproa.int.seas.wustl.edu,3.0.27,#1 SMP Tue Apr 17 10:58:24 CDT 2012,x86_64,7262550,418240,111808,40416,32883171328,25839939584,0,931549184,32777703424,32777703424,194,0,0,1,SCHED_OTHER,0,125069,123883,9,1.00958
65536,2,64,65536,2,64,524288,16,64,6291456,48,64,0,0,0,12, Six-Core AMD Opteron(tm) Processor 2431,2412481024,Linux,cinnaproa.int.seas.wustl.edu,3.0.27,#1 SMP Tue Apr 17 10:58:24 CDT 2012,x86_64,7262550,418240,111808,40416,32883171328,25839939584,0,931549184,32777703424,32777703424,194,0,0,1,SCHED_OTHER,0,124956,124509,97,1.00359
65536,2,64,65536,2,64,524288,16,64,6291456,48,64,0,0,0,12, Six-Core AMD Opteron(tm) Processor 2431,2412481024,Linux,cinnaproa.int.seas.wustl.edu,3.0.27,#1 SMP Tue Apr 17 10:58:24 CDT 2012,x86_64,7262550,418240,111808,40416,32883171328,25839939584,0,931549184,32777703424,32777703424,194,0,0,1,SCHED_OTHER,0,128945,126901,0,1.01611
65536,2,64,65536,2,64,524288,16,64,6291456,48,64,0,0,0,12, Six-Core AMD Opteron(tm) Processor 2431,2412481024,Linux,cinnaproa.int.seas.wustl.edu,3.0.27,#1 SMP Tue Apr 17 10:58:24 CDT 2012,x86_64,7262550,418240,111808,40416,32883171328,25839939584,0,931549184,32777703424,32777703424,194,0,0,1,SCHED_OTHER,0,129434,128254,0,1.0092
65536,2,64,65536,2,64,524288,16,64,6291456,48,64,0,0,0,12, Six-Core AMD Opteron(tm) Processor 2431,2412481024,Linux,cinnaproa.int.seas.wustl.edu,3.0.27,#1 SMP Tue Apr 17 10:58:24 CDT 2012,x86_64,7262550,418240,111808,40416,32883171328,25839939584,0,931549184,32777703424,32777703424,194,0,0,1,SCHED_OTHER,0,129126,127102,0,1.01592
65536,2,64,65536,2,64,524288,16,64,6291456,48,64,0,0,0,12, Six-Core AMD Opteron(tm) Processor 2431,2412481024,Linux,cinnaproa.int.seas.wustl.edu,3.0.27,#1 SMP Tue Apr 17 10:58:24 CDT 2012,x86_64,7262555,447712,123008,44416,32883171328,25840087040,0,931549184,32777703424,32777703424,194,0,0,1,SCHED_OTHER,0,114968,117768,98,0.976223
65536,2,64,65536,2,64,524288,16,64,6291456,48,64,0,0,0,12, Six-Core AMD Opteron(tm) Processor 2431,2412481024,Linux,cinnaproa.int.seas.wustl.edu,3.0.27,#1 SMP Tue Apr 17 10:58:24 CDT 2012,x86_64,7262555,447712,123008,44416,32883171328,25840087040,0,931549184,32777703424,32777703424,194,0,0,1,SCHED_OTHER,0,117859,119762,0,0.984109
65536,2,64,65536,2,64,524288,16,64,6291456,48,64,0,0,0,12, Six-Core AMD Opteron(tm) Processor 2431,2412481024,Linux,cinnaproa.int.seas.wustl.edu,3.0.27,#1 SMP Tue Apr 17 10:58:24 CDT 2012,x86_64,7262555,447712,123008,44416,32883171328,25840087040,0,931549184,32777703424,32777703424,194,0,0,1,SCHED_OTHER,0,116651,121510,2,0.960012
65536,2,64,65536,2,64,524288,16,64,6291456,48,64,0,0,0,12, Six-Core AMD Opteron(tm) Processor 2431,2412481024,Linux,cinnaproa.int.seas.wustl.edu,3.0.27,#1 SMP Tue Apr 17 10:58:24 CDT 2012,x86_64,7262555,447712,123008,44416,32883171328,25840087040,0,931549184,32777703424,32777703424,194,0,0,1,SCHED_OTHER,0,120994,119080,0,1.01607
65536,2,64,65536,2,64,524288,16,64,6291456,48,64,0,0,0,12, Six-Core AMD Opteron(tm) Processor 2431,2412481024,Linux,cinnaproa.int.seas.wustl.edu,3.0.27,#1 SMP Tue Apr 17 10:58:24 CDT 2012,x86_64,7262555,447712,123008,44416,32883171328,25840087040,0,931549184,32777703424,32777703424,194,0,0,1,SCHED_OTHER,0,123044,121850,0,1.00979
65536,2,64,65536,2,64,524288,16,64,6291456,48,64,0,0,0,12, Six-Core AMD Opteron(tm) Processor 2431,2412481024,Linux,cinnaproa.int.seas.wustl.edu,3.0.27,#1 SMP Tue Apr 17 10:58:24 CDT 2012,x86_64,7262555,447712,123008,44416,32883171328,25840087040,0,931549184,32777703424,32777703424,194,0,0,1,SCHED_OTHER,0,121186,119372,0,1.01519
65536,2,64,65536,2,64,524288,16,64,6291456,48,64,0,0,0,12, Six-Core AMD Opteron(tm) Processor 2431,2412481024,Linux,cinnaproa.int.seas.wustl.edu,3.0.27,#1 SMP Tue Apr 17 10:58:24 CDT 2012,x86_64,7262560,474848,134016,48416,32883171328,25839734784,0,931557376,32777703424,32777703424,194,0,0,1,SCHED_OTHER,0,125604,125631,4,0.999784
65536,2,64,65536,2,64,524288,16,64,6291456,48,64,0,0,0,12, Six-Core AMD Opteron(tm) Processor 2431,2412481024,Linux,cinnaproa.int.seas.wustl.edu,3.0.27,#1 SMP Tue Apr 17 10:58:24 CDT 2012,x86_64,7262560,474848,134016,48416,32883171328,25839734784,0,931557376,32777703424,32777703424,194,0,0,1,SCHED_OTHER,0,126573,125410,13,1.00928
65536,2,64,65536,2,64,524288,16,64,6291456,48,64,0,0,0,12, Six-Core AMD Opteron(tm) Processor 2431,2412481024,Linux,cinnaproa.int.seas.wustl.edu,3.0.27,#1 SMP Tue Apr 17 10:58:24 CDT 2012,x86_64,7262560,474848,134016,48416,32883171328,25839734784,0,931557376,32777703424,32777703424,194,0,0,1,SCHED_OTHER,0,126079,125914,96,1.00132
65536,2,64,65536,2,64,524288,16,64,6291456,48,64,0,0,0,12, Six-Core AMD Opteron(tm) Processor 2431,2412481024,Linux,cinnaproa.int.seas.wustl.edu,3.0.27,#1 SMP Tue Apr 17 10:58:24 CDT 2012,x86_64,7262560,474848,134016,48416,32883171328,25839734784,0,931557376,32777703424,32777703424,194,0,0,1,SCHED_OTHER,0,130409,128524,0,1.01466
65536,2,64,65536,2,64,524288,16,64,6291456,48,64,0,0,0,12, Six-Core AMD Opteron(tm) Processor 2431,2412481024,Linux,cinnaproa.int.seas.wustl.edu,3.0.27,#1 SMP Tue Apr 17 10:58:24 CDT 2012,x86_64,7262560,474848,134016,48416,32883171328,25839734784,0,931557376,32777703424,32777703424,194,0,0,1,SCHED_OTHER,0,130742,129625,0,1.00861
65536,2,64,65536,2,64,524288,16,64,6291456,48,64,0,0,0,12, Six-Core AMD Opteron(tm) Processor 2431,2412481024,Linux,cinnaproa.int.seas.wustl.edu,3.0.27,#1 SMP Tue Apr 17 10:58:24 CDT 2012,x86_64,7262560,474848,134016,48416,32883171328,25839734784,0,931557376,32777703424,32777703424,194,0,0,1,SCHED_OTHER,0,130213,128292,0,1.01497
65536,2,64,65536,2,64,524288,16,64,6291456,48,64,0,0,0,12, Six-Core AMD Opteron(tm) Processor 2431,2412481024,Linux,cinnaproa.int.seas.wustl.edu,3.0.27,#1 SMP Tue Apr 17 10:58:24 CDT 2012,x86_64,7262565,499808,144832,52384,32883171328,25839427584,0,931557376,32777703424,32777703424,194,0,0,1,SCHED_OTHER,0,125486,125588,2,0.999186
65536,2,64,65536,2,64,524288,16,64,6291456,48,64,0,0,0,12, Six-Core AMD Opteron(tm) Processor 2431,2412481024,Linux,cinnaproa.int.seas.wustl.edu,3.0.27,#1 SMP Tue Apr 17 10:58:24 CDT 2012,x86_64,7262565,499808,144832,52384,32883171328,25839427584,0,931557376,32777703424,32777703424,194,0,0,1,SCHED_OTHER,0,590476,125973,99,4.68734
65536,2,64,65536,2,64,524288,16,64,6291456,48,64,0,0,0,12, Six-Core AMD Opteron(tm) Processor 2431,2412481024,Linux,cinnaproa.int.seas.wustl.edu,3.0.27,#1 SMP Tue Apr 17 10:58:24 CDT 2012,x86_64,7262565,499808,144832,52384,32883171328,25839427584,0,931557376,32777703424,32777703424,194,0,0,1,SCHED_OTHER,0,125064,125505,5,0.996485
65536,2,64,65536,2,64,524288,16,64,6291456,48,64,0,0,0,12, Six-Core AMD Opteron(tm) Processor 2431,2412481024,Linux,cinnaproa.int.seas.wustl.edu,3.0.27,#1 SMP Tue Apr 17 10:58:24 CDT 2012,x86_64,7262565,499808,144832,52384,32883171328,25839427584,0,931557376,32777703424,32777703424,194,0,0,1,SCHED_OTHER,0,130195,128214,0,1.01545
65536,2,64,65536,2,64,524288,16,64,6291456,48,64,0,0,0,12, Six-Core AMD Opteron(tm) Processor 2431,2412481024,Linux,cinnaproa.int.seas.wustl.edu,3.0.27,#1 SMP Tue Apr 17 10:58:24 CDT 2012,x86_64,7262565,499808,144832,52384,32883171328,25839427584,0,931557376,32777703424,32777703424,194,0,0,1,SCHED_OTHER,0,130389,129361,0,1.00795
65536,2,64,65536,2,64,524288,16,64,6291456,48,64,0,0,0,12, Six-Core AMD Opteron(tm) Processor 2431,2412481024,Linux,cinnaproa.int.seas.wustl.edu,3.0.27,#1 SMP Tue Apr 17 10:58:24 CDT 2012,x86_64,7262565,499808,144832,52384,32883171328,25839427584,0,931557376,32777703424,32777703424,194,0,0,1,SCHED_OTHER,0,130245,128326,0,1.01495
65536,2,64,65536,2,64,524288,16,64,6291456,48,64,0,0,0,12, Six-Core AMD Opteron(tm) Processor 2431,2412481024,Linux,cinnaproa.int.seas.wustl.edu,3.0.27,#1 SMP Tue Apr 17 10:58:24 CDT 2012,x86_64,7262570,522752,155488,56320,32883171328,25839869952,0,931557376,32777703424,32777703424,194,0,0,1,SCHED_OTHER,0,125651,125920,2,0.997864
65536,2,64,65536,2,64,524288,16,64,6291456,48,64,0,0,0,12, Six-Core AMD Opteron(tm) Processor 2431,2412481024,Linux,cinnaproa.int.seas.wustl.edu,3.0.27,#1 SMP Tue Apr 17 10:58:24 CDT 2012,x86_64,7262570,522752,155488,56320,32883171328,25839869952,0,931557376,32777703424,32777703424,194,0,0,1,SCHED_OTHER,0,786667,126551,99,6.21621
65536,2,64,65536,2,64,524288,16,64,6291456,48,64,0,0,0,12, Six-Core AMD Opteron(tm) Processor 2431,2412481024,Linux,cinnaproa.int.seas.wustl.edu,3.0.27,#1 SMP Tue Apr 17 10:58:24 CDT 2012,x86_64,7262570,522752,155488,56320,32883171328,25839869952,0,931557376,32777703424,32777703424,194,0,0,1,SCHED_OTHER,0,125377,125868,6,0.996103
65536,2,64,65536,2,64,524288,16,64,6291456,48,64,0,0,0,12, Six-Core AMD Opteron(tm) Processor 2431,2412481024,Linux,cinnaproa.int.seas.wustl.edu,3.0.27,#1 SMP Tue Apr 17 10:58:24 CDT 2012,x86_64,7262570,522752,155488,56320,32883171328,25839869952,0,931557376,32777703424,32777703424,194,0,0,1,SCHED_OTHER,0,130468,128604,0,1.01449
65536,2,64,65536,2,64,524288,16,64,6291456,48,64,0,0,0,12, Six-Core AMD Opteron(tm) Processor 2431,2412481024,Linux,cinnaproa.int.seas.wustl.edu,3.0.27,#1 SMP Tue Apr 17 10:58:24 CDT 2012,x86_64,7262570,522752,155488,56320,32883171328,25839869952,0,931557376,32777703424,32777703424,194,0,0,1,SCHED_OTHER,0,130763,129717,0,1.00807
65536,2,64,65536,2,64,524288,16,64,6291456,48,64,0,0,0,12, Six-Core AMD Opteron(tm) Processor 2431,2412481024,Linux,cinnaproa.int.seas.wustl.edu,3.0.27,#1 SMP Tue Apr 17 10:58:24 CDT 2012,x86_64,7262570,522752,155488,56320,32883171328,25839869952,0,931557376,32777703424,32777703424,194,0,0,1,SCHED_OTHER,0,130384,128420,0,1.01529
65536,2,64,65536,2,64,524288,16,64,6291456,48,64,0,0,0,12, Six-Core AMD Opteron(tm) Processor 2431,2412481024,Linux,cinnaproa.int.seas.wustl.edu,3.0.27,#1 SMP Tue Apr 17 10:58:24 CDT 2012,x86_64,7262575,543872,165952,60256,32883171328,25838772224,0,931561472,32777703424,32777703424,194,0,0,1,SCHED_OTHER,0,124106,119548,2,1.03813
65536,2,64,65536,2,64,524288,16,64,6291456,48,64,0,0,0,12, Six-Core AMD Opteron(tm) Processor 2431,2412481024,Linux,cinnaproa.int.seas.wustl.edu,3.0.27,#1 SMP Tue Apr 17 10:58:24 CDT 2012,x86_64,7262575,543872,165952,60256,32883171328,25838772224,0,931561472,32777703424,32777703424,194,0,0,1,SCHED_OTHER,0,124220,121088,3,1.02587
65536,2,64,65536,2,64,524288,16,64,6291456,48,64,0,0,0,12, Six-Core AMD Opteron(tm) Processor 2431,2412481024,Linux,cinnaproa.int.seas.wustl.edu,3.0.27,#1 SMP Tue Apr 17 10:58:24 CDT 2012,x86_64,7262575,543872,165952,60256,32883171328,25838772224,0,931561472,32777703424,32777703424,194,0,0,1,SCHED_OTHER,0,127353,124128,99,1.02598
65536,2,64,65536,2,64,524288,16,64,6291456,48,64,0,0,0,12, Six-Core AMD Opteron(tm) Processor 2431,2412481024,Linux,cinnaproa.int.seas.wustl.edu,3.0.27,#1 SMP Tue Apr 17 10:58:24 CDT 2012,x86_64,7262575,543872,165952,60256,32883171328,25838772224,0,931561472,32777703424,32777703424,194,0,0,1,SCHED_OTHER,0,128907,126861,0,1.01612
65536,2,64,65536,2,64,524288,16,64,6291456,48,64,0,0,0,12, Six-Core AMD Opteron(tm) Processor 2431,2412481024,Linux,cinnaproa.int.seas.wustl.edu,3.0.27,#1 SMP Tue Apr 17 10:58:24 CDT 2012,x86_64,7262575,543872,165952,60256,32883171328,25838772224,0,931561472,32777703424,32777703424,194,0,0,1,SCHED_OTHER,0,127692,126541,0,1.0091
65536,2,64,65536,2,64,524288,16,64,6291456,48,64,0,0,0,12, Six-Core AMD Opteron(tm) Processor 2431,2412481024,Linux,cinnaproa.int.seas.wustl.edu,3.0.27,#1 SMP Tue Apr 17 10:58:24 CDT 2012,x86_64,7262575,543872,165952,60256,32883171328,25838772224,0,931561472,32777703424,32777703424,194,0,0,1,SCHED_OTHER,0,129068,126752,0,1.01827
65536,2,64,65536,2,64,524288,16,64,6291456,48,64,0,0,0,12, Six-Core AMD Opteron(tm) Processor 2431,2412481024,Linux,cinnaproa.int.seas.wustl.edu,3.0.27,#1 SMP Tue Apr 17 10:58:24 CDT 2012,x86_64,7262580,563296,176256,64160,32883171328,25840652288,0,931565568,32777703424,32777703424,194,0,0,1,SCHED_OTHER,0,125993,126452,5,0.996373
65536,2,64,65536,2,64,524288,16,64,6291456,48,64,0,0,0,12, Six-Core AMD Opteron(tm) Processor 2431,2412481024,Linux,cinnaproa.int.seas.wustl.edu,3.0.27,#1 SMP Tue Apr 17 10:58:24 CDT 2012,x86_64,7262580,563296,176256,64160,32883171328,25840652288,0,931565568,32777703424,32777703424,194,0,0,1,SCHED_OTHER,0,727273,126896,99,5.73125
65536,2,64,65536,2,64,524288,16,64,6291456,48,64,0,0,0,12, Six-Core AMD Opteron(tm) Processor 2431,2412481024,Linux,cinnaproa.int.seas.wustl.edu,3.0.27,#1 SMP Tue Apr 17 10:58:24 CDT 2012,x86_64,7262580,563296,176256,64160,32883171328,25840652288,0,931565568,32777703424,32777703424,194,0,0,1,SCHED_OTHER,0,127499,126421,8,1.00853
65536,2,64,65536,2,64,524288,16,64,6291456,48,64,0,0,0,12, Six-Core AMD Opteron(tm) Processor 2431,2412481024,Linux,cinnaproa.int.seas.wustl.edu,3.0.27,#1 SMP Tue Apr 17 10:58:24 CDT 2012,x86_64,7262580,563296,176256,64160,32883171328,25840652288,0,931565568,32777703424,32777703424,194,0,0,1,SCHED_OTHER,0,130932,129057,0,1.01453
65536,2,64,65536,2,64,524288,16,64,6291456,48,64,0,0,0,12, Six-Core AMD Opteron(tm) Processor 2431,2412481024,Linux,cinnaproa.int.seas.wustl.edu,3.0.27,#1 SMP Tue Apr 17 10:58:24 CDT 2012,x86_64,7262580,563296,176256,64160,32883171328,25840652288,0,931565568,32777703424,32777703424,194,0,0,1,SCHED_OTHER,0,131228,130239,0,1.00759
65536,2,64,65536,2,64,524288,16,64,6291456,48,64,0,0,0,12, Six-Core AMD Opteron(tm) Processor 2431,2412481024,Linux,cinnaproa.int.seas.wustl.edu,3.0.27,#1 SMP Tue Apr 17 10:58:24 CDT 2012,x86_64,7262580,563296,176256,64160,32883171328,25840652288,0,931565568,32777703424,32777703424,194,0,0,1,SCHED_OTHER,0,130810,128947,0,1.01445
65536,2,64,65536,2,64,524288,16,64,6291456,48,64,0,0,0,12, Six-Core AMD Opteron(tm) Processor 2431,2412481024,Linux,cinnaproa.int.seas.wustl.edu,3.0.27,#1 SMP Tue Apr 17 10:58:24 CDT 2012,x86_64,7262586,581152,186400,68032,32883171328,25839177728,0,931565568,32777703424,32777703424,194,0,0,1,SCHED_OTHER,0,664706,116135,99,5.72357
65536,2,64,65536,2,64,524288,16,64,6291456,48,64,0,0,0,12, Six-Core AMD Opteron(tm) Processor 2431,2412481024,Linux,cinnaproa.int.seas.wustl.edu,3.0.27,#1 SMP Tue Apr 17 10:58:24 CDT 2012,x86_64,7262586,581152,186400,68032,32883171328,25839177728,0,931565568,32777703424,32777703424,194,0,0,1,SCHED_OTHER,0,116289,117469,0,0.989956
65536,2,64,65536,2,64,524288,16,64,6291456,48,64,0,0,0,12, Six-Core AMD Opteron(tm) Processor 2431,2412481024,Linux,cinnaproa.int.seas.wustl.edu,3.0.27,#1 SMP Tue Apr 17 10:58:24 CDT 2012,x86_64,7262586,581152,186400,68032,32883171328,25839177728,0,931565568,32777703424,32777703424,194,0,0,1,SCHED_OTHER,0,115360,120116,0,0.960405
65536,2,64,65536,2,64,524288,16,64,6291456,48,64,0,0,0,12, Six-Core AMD Opteron(tm) Processor 2431,2412481024,Linux,cinnaproa.int.seas.wustl.edu,3.0.27,#1 SMP Tue Apr 17 10:58:24 CDT 2012,x86_64,7262586,581152,186400,68032,32883171328,25839177728,0,931565568,32777703424,32777703424,194,0,0,1,SCHED_OTHER,0,119538,117731,0,1.01535
65536,2,64,65536,2,64,524288,16,64,6291456,48,64,0,0,0,12, Six-Core AMD Opteron(tm) Processor 2431,2412481024,Linux,cinnaproa.int.seas.wustl.edu,3.0.27,#1 SMP Tue Apr 17 10:58:24 CDT 2012,x86_64,7262586,581152,186400,68032,32883171328,25839177728,0,931565568,32777703424,32777703424,194,0,0,1,SCHED_OTHER,0,121555,120365,0,1.00989
65536,2,64,65536,2,64,524288,16,64,6291456,48,64,0,0,0,12, Six-Core AMD Opteron(tm) Processor 2431,2412481024,Linux,cinnaproa.int.seas.wustl.edu,3.0.27,#1 SMP Tue Apr 17 10:58:24 CDT 2012,x86_64,7262586,581152,186400,68032,32883171328,25839177728,0,931565568,32777703424,32777703424,194,0,0,1,SCHED_OTHER,0,119626,117871,0,1.01489
65536,2,64,65536,2,64,524288,16,64,6291456,48,64,0,0,0,12, Six-Core AMD Opteron(tm) Processor 2431,2412481024,Linux,cinnaproa.int.seas.wustl.edu,3.0.27,#1 SMP Tue Apr 17 10:58:24 CDT 2012,x86_64,7262591,545120,185472,68384,32883171328,25838542848,0,931573760,32777703424,32777703424,194,0,0,1,SCHED_OTHER,0,125011,125218,2,0.998352
65536,2,64,65536,2,64,524288,16,64,6291456,48,64,0,0,0,12, Six-Core AMD Opteron(tm) Processor 2431,2412481024,Linux,cinnaproa.int.seas.wustl.edu,3.0.27,#1 SMP Tue Apr 17 10:58:24 CDT 2012,x86_64,7262591,545120,185472,68384,32883171328,25838542848,0,931573760,32777703424,32777703424,194,0,0,1,SCHED_OTHER,0,648485,125541,99,5.16555
65536,2,64,65536,2,64,524288,16,64,6291456,48,64,0,0,0,12, Six-Core AMD Opteron(tm) Processor 2431,2412481024,Linux,cinnaproa.int.seas.wustl.edu,3.0.27,#1 SMP Tue Apr 17 10:58:24 CDT 2012,x86_64,7262591,545120,185472,68384,32883171328,25838542848,0,931573760,32777703424,32777703424,194,0,0,1,SCHED_OTHER,0,124637,125100,8,0.996295
65536,2,64,65536,2,64,524288,16,64,6291456,48,64,0,0,0,12, Six-Core AMD Opteron(tm) Processor 2431,2412481024,Linux,cinnaproa.int.seas.wustl.edu,3.0.27,#1 SMP Tue Apr 17 10:58:24 CDT 2012,x86_64,7262591,545120,185472,68384,32883171328,25838542848,0,931573760,32777703424,32777703424,194,0,0,1,SCHED_OTHER,0,130515,128071,0,1.01909
65536,2,64,65536,2,64,524288,16,64,6291456,48,64,0,0,0,12, Six-Core AMD Opteron(tm) Processor 2431,2412481024,Linux,cinnaproa.int.seas.wustl.edu,3.0.27,#1 SMP Tue Apr 17 10:58:24 CDT 2012,x86_64,7262591,545120,185472,68384,32883171328,25838542848,0,931573760,32777703424,32777703424,194,0,0,1,SCHED_OTHER,0,129511,128390,0,1.00873
65536,2,64,65536,2,64,524288,16,64,6291456,48,64,0,0,0,12, Six-Core AMD Opteron(tm) Processor 2431,2412481024,Linux,cinnaproa.int.seas.wustl.edu,3.0.27,#1 SMP Tue Apr 17 10:58:24 CDT 2012,x86_64,7262591,545120,185472,68384,32883171328,25838542848,0,931573760,32777703424,32777703424,194,0,0,1,SCHED_OTHER,0,128950,126998,0,1.01537
65536,2,64,65536,2,64,524288,16,64,6291456,48,64,0,0,0,12, Six-Core AMD Opteron(tm) Processor 2431,2412481024,Linux,cinnaproa.int.seas.wustl.edu,3.0.27,#1 SMP Tue Apr 17 10:58:24 CDT 2012,x86_64,7262596,511968,184576,68736,32883171328,25838612480,0,931577856,32777703424,32777703424,194,0,0,1,SCHED_OTHER,0,124508,119898,0,1.03845
65536,2,64,65536,2,64,524288,16,64,6291456,48,64,0,0,0,12, Six-Core AMD Opteron(tm) Processor 2431,2412481024,Linux,cinnaproa.int.seas.wustl.edu,3.0.27,#1 SMP Tue Apr 17 10:58:24 CDT 2012,x86_64,7262596,511968,184576,68736,32883171328,25838612480,0,931577856,32777703424,32777703424,194,0,0,1,SCHED_OTHER,0,124736,121507,1,1.02657
65536,2,64,65536,2,64,524288,16,64,6291456,48,64,0,0,0,12, Six-Core AMD Opteron(tm) Processor 2431,2412481024,Linux,cinnaproa.int.seas.wustl.edu,3.0.27,#1 SMP Tue Apr 17 10:58:24 CDT 2012,x86_64,7262596,511968,184576,68736,32883171328,25838612480,0,931577856,32777703424,32777703424,194,0,0,1,SCHED_OTHER,0,130658,124703,99,1.04775
65536,2,64,65536,2,64,524288,16,64,6291456,48,64,0,0,0,12, Six-Core AMD Opteron(tm) Processor 2431,2412481024,Linux,cinnaproa.int.seas.wustl.edu,3.0.27,#1 SMP Tue Apr 17 10:58:24 CDT 2012,x86_64,7262596,511968,184576,68736,32883171328,25838612480,0,931577856,32777703424,32777703424,194,0,0,1,SCHED_OTHER,0,128706,126697,0,1.01586
65536,2,64,65536,2,64,524288,16,64,6291456,48,64,0,0,0,12, Six-Core AMD Opteron(tm) Processor 2431,2412481024,Linux,cinnaproa.int.seas.wustl.edu,3.0.27,#1 SMP Tue Apr 17 10:58:24 CDT 2012,x86_64,7262596,511968,184576,68736,32883171328,25838612480,0,931577856,32777703424,32777703424,194,0,0,1,SCHED_OTHER,0,128570,127442,0,1.00885
65536,2,64,65536,2,64,524288,16,64,6291456,48,64,0,0,0,12, Six-Core AMD Opteron(tm) Processor 2431,2412481024,Linux,cinnaproa.int.seas.wustl.edu,3.0.27,#1 SMP Tue Apr 17 10:58:24 CDT 2012,x86_64,7262596,511968,184576,68736,32883171328,25838612480,0,931577856,32777703424,32777703424,194,0,0,1,SCHED_OTHER,0,130023,127633,0,1.01872
65536,2,64,65536,2,64,524288,16,64,6291456,48,64,0,0,0,12, Six-Core AMD Opteron(tm) Processor 2431,2412481024,Linux,cinnaproa.int.seas.wustl.edu,3.0.27,#1 SMP Tue Apr 17 10:58:24 CDT 2012,x86_64,7262601,481472,183680,69056,32883171328,25838714880,0,931581952,32777703424,32777703424,194,0,0,1,SCHED_OTHER,0,124620,123222,1,1.01134
65536,2,64,65536,2,64,524288,16,64,6291456,48,64,0,0,0,12, Six-Core AMD Opteron(tm) Processor 2431,2412481024,Linux,cinnaproa.int.seas.wustl.edu,3.0.27,#1 SMP Tue Apr 17 10:58:24 CDT 2012,x86_64,7262601,481472,183680,69056,32883171328,25838714880,0,931581952,32777703424,32777703424,194,0,0,1,SCHED_OTHER,0,747059,125303,99,5.962
65536,2,64,65536,2,64,524288,16,64,6291456,48,64,0,0,0,12, Six-Core AMD Opteron(tm) Processor 2431,2412481024,Linux,cinnaproa.int.seas.wustl.edu,3.0.27,#1 SMP Tue Apr 17 10:58:24 CDT 2012,x86_64,7262601,481472,183680,69056,32883171328,25838714880,0,931581952,32777703424,32777703424,194,0,0,1,SCHED_OTHER,0,124572,123008,1,1.01272
65536,2,64,65536,2,64,524288,16,64,6291456,48,64,0,0,0,12, Six-Core AMD Opteron(tm) Processor 2431,2412481024,Linux,cinnaproa.int.seas.wustl.edu,3.0.27,#1 SMP Tue Apr 17 10:58:24 CDT 2012,x86_64,7262601,481472,183680,69056,32883171328,25838714880,0,931581952,32777703424,32777703424,194,0,0,1,SCHED_OTHER,0,129351,127372,0,1.01554
65536,2,64,65536,2,64,524288,16,64,6291456,48,64,0,0,0,12, Six-Core AMD Opteron(tm) Processor 2431,2412481024,Linux,cinnaproa.int.seas.wustl.edu,3.0.27,#1 SMP Tue Apr 17 10:58:24 CDT 2012,x86_64,7262601,481472,183680,69056,32883171328,25838714880,0,931581952,32777703424,32777703424,194,0,0,1,SCHED_OTHER,0,129597,128586,0,1.00786
65536,2,64,65536,2,64,524288,16,64,6291456,48,64,0,0,0,12, Six-Core AMD Opteron(tm) Processor 2431,2412481024,Linux,cinnaproa.int.seas.wustl.edu,3.0.27,#1 SMP Tue Apr 17 10:58:24 CDT 2012,x86_64,7262601,481472,183680,69056,32883171328,25838714880,0,931581952,32777703424,32777703424,194,0,0,1,SCHED_OTHER,0,129187,127304,0,1.01479
65536,2,64,65536,2,64,524288,16,64,6291456,48,64,0,0,0,12, Six-Core AMD Opteron(tm) Processor 2431,2412481024,Linux,cinnaproa.int.seas.wustl.edu,3.0.27,#1 SMP Tue Apr 17 10:58:24 CDT 2012,x86_64,7262606,463904,184992,70080,32883171328,25838616576,0,931581952,32777703424,32777703424,194,0,0,1,SCHED_OTHER,0,124083,124249,4,0.998668
65536,2,64,65536,2,64,524288,16,64,6291456,48,64,0,0,0,12, Six-Core AMD Opteron(tm) Processor 2431,2412481024,Linux,cinnaproa.int.seas.wustl.edu,3.0.27,#1 SMP Tue Apr 17 10:58:24 CDT 2012,x86_64,7262606,463904,184992,70080,32883171328,25838616576,0,931581952,32777703424,32777703424,194,0,0,1,SCHED_OTHER,0,853333,124345,99,6.86262
65536,2,64,65536,2,64,524288,16,64,6291456,48,64,0,0,0,12, Six-Core AMD Opteron(tm) Processor 2431,2412481024,Linux,cinnaproa.int.seas.wustl.edu,3.0.27,#1 SMP Tue Apr 17 10:58:24 CDT 2012,x86_64,7262606,463904,184992,70080,32883171328,25838616576,0,931581952,32777703424,32777703424,194,0,0,1,SCHED_OTHER,0,123743,124128,7,0.996898
65536,2,64,65536,2,64,524288,16,64,6291456,48,64,0,0,0,12, Six-Core AMD Opteron(tm) Processor 2431,2412481024,Linux,cinnaproa.int.seas.wustl.edu,3.0.27,#1 SMP Tue Apr 17 10:58:24 CDT 2012,x86_64,7262606,463904,184992,70080,32883171328,25838616576,0,931581952,32777703424,32777703424,194,0,0,1,SCHED_OTHER,0,129719,127291,0,1.01908
65536,2,64,65536,2,64,524288,16,64,6291456,48,64,0,0,0,12, Six-Core AMD Opteron(tm) Processor 2431,2412481024,Linux,cinnaproa.int.seas.wustl.edu,3.0.27,#1 SMP Tue Apr 17 10:58:24 CDT 2012,x86_64,7262606,463904,184992,70080,32883171328,25838616576,0,931581952,32777703424,32777703424,194,0,0,1,SCHED_OTHER,0,128322,127255,0,1.00838
65536,2,64,65536,2,64,524288,16,64,6291456,48,64,0,0,0,12, Six-Core AMD Opteron(tm) Processor 2431,2412481024,Linux,cinnaproa.int.seas.wustl.edu,3.0.27,#1 SMP Tue Apr 17 10:58:24 CDT 2012,x86_64,7262606,463904,184992,70080,32883171328,25838616576,0,931581952,32777703424,32777703424,194,0,0,1,SCHED_OTHER,0,127990,125975,0,1.016
65536,2,64,65536,2,64,524288,16,64,6291456,48,64,0,0,0,12, Six-Core AMD Opteron(tm) Processor 2431,2412481024,Linux,cinnaproa.int.seas.wustl.edu,3.0.27,#1 SMP Tue Apr 17 10:58:24 CDT 2012,x86_64,7262611,437248,184096,70400,32883171328,25838645248,0,931581952,32777703424,32777703424,194,0,0,1,SCHED_OTHER,0,125731,125816,4,0.999323
65536,2,64,65536,2,64,524288,16,64,6291456,48,64,0,0,0,12, Six-Core AMD Opteron(tm) Processor 2431,2412481024,Linux,cinnaproa.int.seas.wustl.edu,3.0.27,#1 SMP Tue Apr 17 10:58:24 CDT 2012,x86_64,7262611,437248,184096,70400,32883171328,25838645248,0,931581952,32777703424,32777703424,194,0,0,1,SCHED_OTHER,0,126624,125398,15,1.00978
65536,2,64,65536,2,64,524288,16,64,6291456,48,64,0,0,0,12, Six-Core AMD Opteron(tm) Processor 2431,2412481024,Linux,cinnaproa.int.seas.wustl.edu,3.0.27,#1 SMP Tue Apr 17 10:58:24 CDT 2012,x86_64,7262611,437248,184096,70400,32883171328,25838645248,0,931581952,32777703424,32777703424,194,0,0,1,SCHED_OTHER,0,125957,126060,92,0.999188
65536,2,64,65536,2,64,524288,16,64,6291456,48,64,0,0,0,12, Six-Core AMD Opteron(tm) Processor 2431,2412481024,Linux,cinnaproa.int.seas.wustl.edu,3.0.27,#1 SMP Tue Apr 17 10:58:24 CDT 2012,x86_64,7262611,437248,184096,70400,32883171328,25838645248,0,931581952,32777703424,32777703424,194,0,0,1,SCHED_OTHER,0,130568,128370,0,1.01713
65536,2,64,65536,2,64,524288,16,64,6291456,48,64,0,0,0,12, Six-Core AMD Opteron(tm) Processor 2431,2412481024,Linux,cinnaproa.int.seas.wustl.edu,3.0.27,#1 SMP Tue Apr 17 10:58:24 CDT 2012,x86_64,7262611,437248,184096,70400,32883171328,25838645248,0,931581952,32777703424,32777703424,194,0,0,1,SCHED_OTHER,0,130827,129490,0,1.01033
65536,2,64,65536,2,64,524288,16,64,6291456,48,64,0,0,0,12, Six-Core AMD Opteron(tm) Processor 2431,2412481024,Linux,cinnaproa.int.seas.wustl.edu,3.0.27,#1 SMP Tue Apr 17 10:58:24 CDT 2012,x86_64,7262611,437248,184096,70400,32883171328,25838645248,0,931581952,32777703424,32777703424,194,0,0,1,SCHED_OTHER,0,130299,128025,0,1.01776
65536,2,64,65536,2,64,524288,16,64,6291456,48,64,0,0,0,12, Six-Core AMD Opteron(tm) Processor 2431,2412481024,Linux,cinnaproa.int.seas.wustl.edu,3.0.27,#1 SMP Tue Apr 17 10:58:24 CDT 2012,x86_64,7262616,412736,183200,70720,32883171328,25837318144,0,931581952,32777703424,32777703424,194,0,0,1,SCHED_OTHER,0,184941,117782,99,1.5702
65536,2,64,65536,2,64,524288,16,64,6291456,48,64,0,0,0,12, Six-Core AMD Opteron(tm) Processor 2431,2412481024,Linux,cinnaproa.int.seas.wustl.edu,3.0.27,#1 SMP Tue Apr 17 10:58:24 CDT 2012,x86_64,7262616,412736,183200,70720,32883171328,25837318144,0,931581952,32777703424,32777703424,194,0,0,1,SCHED_OTHER,0,117833,119551,0,0.98563
65536,2,64,65536,2,64,524288,16,64,6291456,48,64,0,0,0,12, Six-Core AMD Opteron(tm) Processor 2431,2412481024,Linux,cinnaproa.int.seas.wustl.edu,3.0.27,#1 SMP Tue Apr 17 10:58:24 CDT 2012,x86_64,7262616,412736,183200,70720,32883171328,25837318144,0,931581952,32777703424,32777703424,194,0,0,1,SCHED_OTHER,0,116778,121694,1,0.959602
65536,2,64,65536,2,64,524288,16,64,6291456,48,64,0,0,0,12, Six-Core AMD Opteron(tm) Processor 2431,2412481024,Linux,cinnaproa.int.seas.wustl.edu,3.0.27,#1 SMP Tue Apr 17 10:58:24 CDT 2012,x86_64,7262616,412736,183200,70720,32883171328,25837318144,0,931581952,32777703424,32777703424,194,0,0,1,SCHED_OTHER,0,121396,119552,0,1.01543
65536,2,64,65536,2,64,524288,16,64,6291456,48,64,0,0,0,12, Six-Core AMD Opteron(tm) Processor 2431,2412481024,Linux,cinnaproa.int.seas.wustl.edu,3.0.27,#1 SMP Tue Apr 17 10:58:24 CDT 2012,x86_64,7262616,412736,183200,70720,32883171328,25837318144,0,931581952,32777703424,32777703424,194,0,0,1,SCHED_OTHER,0,123291,122037,0,1.01028
65536,2,64,65536,2,64,524288,16,64,6291456,48,64,0,0,0,12, Six-Core AMD Opteron(tm) Processor 2431,2412481024,Linux,cinnaproa.int.seas.wustl.edu,3.0.27,#1 SMP Tue Apr 17 10:58:24 CDT 2012,x86_64,7262616,412736,183200,70720,32883171328,25837318144,0,931581952,32777703424,32777703424,194,0,0,1,SCHED_OTHER,0,121169,119384,0,1.01495
65536,2,64,65536,2,64,524288,16,64,6291456,48,64,0,0,0,12, Six-Core AMD Opteron(tm) Processor 2431,2412481024,Linux,cinnaproa.int.seas.wustl.edu,3.0.27,#1 SMP Tue Apr 17 10:58:24 CDT 2012,x86_64,7262621,390176,182336,71040,32883171328,25838727168,0,931590144,32777703424,32777703424,194,0,0,1,SCHED_OTHER,0,124553,122909,1,1.01338
65536,2,64,65536,2,64,524288,16,64,6291456,48,64,0,0,0,12, Six-Core AMD Opteron(tm) Processor 2431,2412481024,Linux,cinnaproa.int.seas.wustl.edu,3.0.27,#1 SMP Tue Apr 17 10:58:24 CDT 2012,x86_64,7262621,390176,182336,71040,32883171328,25838727168,0,931590144,32777703424,32777703424,194,0,0,1,SCHED_OTHER,0,696970,125174,99,5.56803
65536,2,64,65536,2,64,524288,16,64,6291456,48,64,0,0,0,12, Six-Core AMD Opteron(tm) Processor 2431,2412481024,Linux,cinnaproa.int.seas.wustl.edu,3.0.27,#1 SMP Tue Apr 17 10:58:24 CDT 2012,x86_64,7262621,390176,182336,71040,32883171328,25838727168,0,931590144,32777703424,32777703424,194,0,0,1,SCHED_OTHER,0,124336,122922,1,1.0115
65536,2,64,65536,2,64,524288,16,64,6291456,48,64,0,0,0,12, Six-Core AMD Opteron(tm) Processor 2431,2412481024,Linux,cinnaproa.int.seas.wustl.edu,3.0.27,#1 SMP Tue Apr 17 10:58:24 CDT 2012,x86_64,7262621,390176,182336,71040,32883171328,25838727168,0,931590144,32777703424,32777703424,194,0,0,1,SCHED_OTHER,0,129160,127203,0,1.01539
65536,2,64,65536,2,64,524288,16,64,6291456,48,64,0,0,0,12, Six-Core AMD Opteron(tm) Processor 2431,2412481024,Linux,cinnaproa.int.seas.wustl.edu,3.0.27,#1 SMP Tue Apr 17 10:58:24 CDT 2012,x86_64,7262621,390176,182336,71040,32883171328,25838727168,0,931590144,32777703424,32777703424,194,0,0,1,SCHED_OTHER,0,129477,128313,0,1.00907
65536,2,64,65536,2,64,524288,16,64,6291456,48,64,0,0,0,12, Six-Core AMD Opteron(tm) Processor 2431,2412481024,Linux,cinnaproa.int.seas.wustl.edu,3.0.27,#1 SMP Tue Apr 17 10:58:24 CDT 2012,x86_64,7262621,390176,182336,71040,32883171328,25838727168,0,931590144,32777703424,32777703424,194,0,0,1,SCHED_OTHER,0,129323,127358,0,1.01543
65536,2,64,65536,2,64,524288,16,64,6291456,48,64,0,0,0,12, Six-Core AMD Opteron(tm) Processor 2431,2412481024,Linux,cinnaproa.int.seas.wustl.edu,3.0.27,#1 SMP Tue Apr 17 10:58:24 CDT 2012,x86_64,7262626,369440,181472,71360,32883171328,25841332224,0,931590144,32777703424,32777703424,194,0,0,1,SCHED_OTHER,0,126010,126448,3,0.99654
65536,2,64,65536,2,64,524288,16,64,6291456,48,64,0,0,0,12, Six-Core AMD Opteron(tm) Processor 2431,2412481024,Linux,cinnaproa.int.seas.wustl.edu,3.0.27,#1 SMP Tue Apr 17 10:58:24 CDT 2012,x86_64,7262626,369440,181472,71360,32883171328,25841332224,0,931590144,32777703424,32777703424,194,0,0,1,SCHED_OTHER,0,756250,126475,99,5.97943
65536,2,64,65536,2,64,524288,16,64,6291456,48,64,0,0,0,12, Six-Core AMD Opteron(tm) Processor 2431,2412481024,Linux,cinnaproa.int.seas.wustl.edu,3.0.27,#1 SMP Tue Apr 17 10:58:24 CDT 2012,x86_64,7262626,369440,181472,71360,32883171328,25841332224,0,931590144,32777703424,32777703424,194,0,0,1,SCHED_OTHER,0,126095,126376,5,0.99778
65536,2,64,65536,2,64,524288,16,64,6291456,48,64,0,0,0,12, Six-Core AMD Opteron(tm) Processor 2431,2412481024,Linux,cinnaproa.int.seas.wustl.edu,3.0.27,#1 SMP Tue Apr 17 10:58:24 CDT 2012,x86_64,7262626,369440,181472,71360,32883171328,25841332224,0,931590144,32777703424,32777703424,194,0,0,1,SCHED_OTHER,0,130913,128775,0,1.0166
65536,2,64,65536,2,64,524288,16,64,6291456,48,64,0,0,0,12, Six-Core AMD Opteron(tm) Processor 2431,2412481024,Linux,cinnaproa.int.seas.wustl.edu,3.0.27,#1 SMP Tue Apr 17 10:58:24 CDT 2012,x86_64,7262626,369440,181472,71360,32883171328,25841332224,0,931590144,32777703424,32777703424,194,0,0,1,SCHED_OTHER,0,131018,129642,0,1.01062
65536,2,64,65536,2,64,524288,16,64,6291456,48,64,0,0,0,12, Six-Core AMD Opteron(tm) Processor 2431,2412481024,Linux,cinnaproa.int.seas.wustl.edu,3.0.27,#1 SMP Tue Apr 17 10:58:24 CDT 2012,x86_64,7262626,369440,181472,71360,32883171328,25841332224,0,931590144,32777703424,32777703424,194,0,0,1,SCHED_OTHER,0,131058,128947,0,1.01637
65536,2,64,65536,2,64,524288,16,64,6291456,48,64,0,0,0,12, Six-Core AMD Opteron(tm) Processor 2431,2412481024,Linux,cinnaproa.int.seas.wustl.edu,3.0.27,#1 SMP Tue Apr 17 10:58:24 CDT 2012,x86_64,7262632,350336,180640,71680,32883171328,25839820800,0,931598336,32777703424,32777703424,194,0,0,1,SCHED_OTHER,0,124421,123467,2,1.00773
65536,2,64,65536,2,64,524288,16,64,6291456,48,64,0,0,0,12, Six-Core AMD Opteron(tm) Processor 2431,2412481024,Linux,cinnaproa.int.seas.wustl.edu,3.0.27,#1 SMP Tue Apr 17 10:58:24 CDT 2012,x86_64,7262632,350336,180640,71680,32883171328,25839820800,0,931598336,32777703424,32777703424,194,0,0,1,SCHED_OTHER,0,800000,125299,99,6.38474
65536,2,64,65536,2,64,524288,16,64,6291456,48,64,0,0,0,12, Six-Core AMD Opteron(tm) Processor 2431,2412481024,Linux,cinnaproa.int.seas.wustl.edu,3.0.27,#1 SMP Tue Apr 17 10:58:24 CDT 2012,x86_64,7262632,350336,180640,71680,32883171328,25839820800,0,931598336,32777703424,32777703424,194,0,0,1,SCHED_OTHER,0,124291,123263,1,1.00834
65536,2,64,65536,2,64,524288,16,64,6291456,48,64,0,0,0,12, Six-Core AMD Opteron(tm) Processor 2431,2412481024,Linux,cinnaproa.int.seas.wustl.edu,3.0.27,#1 SMP Tue Apr 17 10:58:24 CDT 2012,x86_64,7262632,350336,180640,71680,32883171328,25839820800,0,931598336,32777703424,32777703424,194,0,0,1,SCHED_OTHER,0,130161,127771,0,1.01871
65536,2,64,65536,2,64,524288,16,64,6291456,48,64,0,0,0,12, Six-Core AMD Opteron(tm) Processor 2431,2412481024,Linux,cinnaproa.int.seas.wustl.edu,3.0.27,#1 SMP Tue Apr 17 10:58:24 CDT 2012,x86_64,7262632,350336,180640,71680,32883171328,25839820800,0,931598336,32777703424,32777703424,194,0,0,1,SCHED_OTHER,0,128725,127619,0,1.00866
65536,2,64,65536,2,64,524288,16,64,6291456,48,64,0,0,0,12, Six-Core AMD Opteron(tm) Processor 2431,2412481024,Linux,cinnaproa.int.seas.wustl.edu,3.0.27,#1 SMP Tue Apr 17 10:58:24 CDT 2012,x86_64,7262632,350336,180640,71680,32883171328,25839820800,0,931598336,32777703424,32777703424,194,0,0,1,SCHED_OTHER,0,128791,126806,0,1.01565
65536,2,64,65536,2,64,524288,16,64,6291456,48,64,0,0,0,12, Six-Core AMD Opteron(tm) Processor 2431,2412481024,Linux,cinnaproa.int.seas.wustl.edu,3.0.27,#1 SMP Tue Apr 17 10:58:24 CDT 2012,x86_64,7262637,332768,179808,72000,32883171328,25842384896,0,931598336,32777703424,32777703424,194,0,0,1,SCHED_OTHER,0,125936,125465,3,1.00376
65536,2,64,65536,2,64,524288,16,64,6291456,48,64,0,0,0,12, Six-Core AMD Opteron(tm) Processor 2431,2412481024,Linux,cinnaproa.int.seas.wustl.edu,3.0.27,#1 SMP Tue Apr 17 10:58:24 CDT 2012,x86_64,7262637,332768,179808,72000,32883171328,25842384896,0,931598336,32777703424,32777703424,194,0,0,1,SCHED_OTHER,0,126016,125583,31,1.00344
65536,2,64,65536,2,64,524288,16,64,6291456,48,64,0,0,0,12, Six-Core AMD Opteron(tm) Processor 2431,2412481024,Linux,cinnaproa.int.seas.wustl.edu,3.0.27,#1 SMP Tue Apr 17 10:58:24 CDT 2012,x86_64,7262637,332768,179808,72000,32883171328,25842384896,0,931598336,32777703424,32777703424,194,0,0,1,SCHED_OTHER,0,125624,125955,93,0.997375
65536,2,64,65536,2,64,524288,16,64,6291456,48,64,0,0,0,12, Six-Core AMD Opteron(tm) Processor 2431,2412481024,Linux,cinnaproa.int.seas.wustl.edu,3.0.27,#1 SMP Tue Apr 17 10:58:24 CDT 2012,x86_64,7262637,332768,179808,72000,32883171328,25842384896,0,931598336,32777703424,32777703424,194,0,0,1,SCHED_OTHER,0,130529,128573,0,1.01521
65536,2,64,65536,2,64,524288,16,64,6291456,48,64,0,0,0,12, Six-Core AMD Opteron(tm) Processor 2431,2412481024,Linux,cinnaproa.int.seas.wustl.edu,3.0.27,#1 SMP Tue Apr 17 10:58:24 CDT 2012,x86_64,7262637,332768,179808,72000,32883171328,25842384896,0,931598336,32777703424,32777703424,194,0,0,1,SCHED_OTHER,0,130815,129735,0,1.00832
65536,2,64,65536,2,64,524288,16,64,6291456,48,64,0,0,0,12, Six-Core AMD Opteron(tm) Processor 2431,2412481024,Linux,cinnaproa.int.seas.wustl.edu,3.0.27,#1 SMP Tue Apr 17 10:58:24 CDT 2012,x86_64,7262637,332768,179808,72000,32883171328,25842384896,0,931598336,32777703424,32777703424,194,0,0,1,SCHED_OTHER,0,130582,128687,0,1.01472
65536,2,64,65536,2,64,524288,16,64,6291456,48,64,0,0,0,12, Six-Core AMD Opteron(tm) Processor 2431,2412481024,Linux,cinnaproa.int.seas.wustl.edu,3.0.27,#1 SMP Tue Apr 17 10:58:24 CDT 2012,x86_64,7262642,316608,179008,72320,32883171328,25840431104,0,931606528,32777703424,32777703424,194,0,0,1,SCHED_OTHER,0,125304,125541,9,0.99811
65536,2,64,65536,2,64,524288,16,64,6291456,48,64,0,0,0,12, Six-Core AMD Opteron(tm) Processor 2431,2412481024,Linux,cinnaproa.int.seas.wustl.edu,3.0.27,#1 SMP Tue Apr 17 10:58:24 CDT 2012,x86_64,7262642,316608,179008,72320,32883171328,25840431104,0,931606528,32777703424,32777703424,194,0,0,1,SCHED_OTHER,0,125947,125011,9,1.00749
65536,2,64,65536,2,64,524288,16,64,6291456,48,64,0,0,0,12, Six-Core AMD Opteron(tm) Processor 2431,2412481024,Linux,cinnaproa.int.seas.wustl.edu,3.0.27,#1 SMP Tue Apr 17 10:58:24 CDT 2012,x86_64,7262642,316608,179008,72320,32883171328,25840431104,0,931606528,32777703424,32777703424,194,0,0,1,SCHED_OTHER,0,120122,125829,97,0.954646
65536,2,64,65536,2,64,524288,16,64,6291456,48,64,0,0,0,12, Six-Core AMD Opteron(tm) Processor 2431,2412481024,Linux,cinnaproa.int.seas.wustl.edu,3.0.27,#1 SMP Tue Apr 17 10:58:24 CDT 2012,x86_64,7262642,316608,179008,72320,32883171328,25840431104,0,931606528,32777703424,32777703424,194,0,0,1,SCHED_OTHER,0,129442,127320,0,1.01667
65536,2,64,65536,2,64,524288,16,64,6291456,48,64,0,0,0,12, Six-Core AMD Opteron(tm) Processor 2431,2412481024,Linux,cinnaproa.int.seas.wustl.edu,3.0.27,#1 SMP Tue Apr 17 10:58:24 CDT 2012,x86_64,7262642,316608,179008,72320,32883171328,25840431104,0,931606528,32777703424,32777703424,194,0,0,1,SCHED_OTHER,0,129833,128582,0,1.00973
65536,2,64,65536,2,64,524288,16,64,6291456,48,64,0,0,0,12, Six-Core AMD Opteron(tm) Processor 2431,2412481024,Linux,cinnaproa.int.seas.wustl.edu,3.0.27,#1 SMP Tue Apr 17 10:58:24 CDT 2012,x86_64,7262642,316608,179008,72320,32883171328,25840431104,0,931606528,32777703424,32777703424,194,0,0,1,SCHED_OTHER,0,130983,128439,0,1.0198
65536,2,64,65536,2,64,524288,16,64,6291456,48,64,0,0,0,12, Six-Core AMD Opteron(tm) Processor 2431,2412481024,Linux,cinnaproa.int.seas.wustl.edu,3.0.27,#1 SMP Tue Apr 17 10:58:24 CDT 2012,x86_64,7262647,301760,178208,72640,32883171328,25839669248,0,931610624,32777703424,32777703424,194,0,0,1,SCHED_OTHER,0,496774,116331,99,4.27037
65536,2,64,65536,2,64,524288,16,64,6291456,48,64,0,0,0,12, Six-Core AMD Opteron(tm) Processor 2431,2412481024,Linux,cinnaproa.int.seas.wustl.edu,3.0.27,#1 SMP Tue Apr 17 10:58:24 CDT 2012,x86_64,7262647,301760,178208,72640,32883171328,25839669248,0,931610624,32777703424,32777703424,194,0,0,1,SCHED_OTHER,0,116557,118065,0,0.987227
65536,2,64,65536,2,64,524288,16,64,6291456,48,64,0,0,0,12, Six-Core AMD Opteron(tm) Processor 2431,2412481024,Linux,cinnaproa.int.seas.wustl.edu,3.0.27,#1 SMP Tue Apr 17 10:58:24 CDT 2012,x86_64,7262647,301760,178208,72640,32883171328,25839669248,0,931610624,32777703424,32777703424,194,0,0,1,SCHED_OTHER,0,115478,120257,0,0.960265
65536,2,64,65536,2,64,524288,16,64,6291456,48,64,0,0,0,12, Six-Core AMD Opteron(tm) Processor 2431,2412481024,Linux,cinnaproa.int.seas.wustl.edu,3.0.27,#1 SMP Tue Apr 17 10:58:24 CDT 2012,x86_64,7262647,301760,178208,72640,32883171328,25839669248,0,931610624,32777703424,32777703424,194,0,0,1,SCHED_OTHER,0,119665,117841,0,1.01547
65536,2,64,65536,2,64,524288,16,64,6291456,48,64,0,0,0,12, Six-Core AMD Opteron(tm) Processor 2431,2412481024,Linux,cinnaproa.int.seas.wustl.edu,3.0.27,#1 SMP Tue Apr 17 10:58:24 CDT 2012,x86_64,7262647,301760,178208,72640,32883171328,25839669248,0,931610624,32777703424,32777703424,194,0,0,1,SCHED_OTHER,0,121660,120457,0,1.00999
65536,2,64,65536,2,64,524288,16,64,6291456,48,64,0,0,0,12, Six-Core AMD Opteron(tm) Processor 2431,2412481024,Linux,cinnaproa.int.seas.wustl.edu,3.0.27,#1 SMP Tue Apr 17 10:58:24 CDT 2012,x86_64,7262647,301760,178208,72640,32883171328,25839669248,0,931610624,32777703424,32777703424,194,0,0,1,SCHED_OTHER,0,119596,117758,0,1.01561
65536,2,64,65536,2,64,524288,16,64,6291456,48,64,0,0,0,12, Six-Core AMD Opteron(tm) Processor 2431,2412481024,Linux,cinnaproa.int.seas.wustl.edu,3.0.27,#1 SMP Tue Apr 17 10:58:24 CDT 2012,x86_64,7262652,288096,177440,72960,32883171328,25841508352,0,931610624,32777703424,32777703424,194,0,0,1,SCHED_OTHER,0,123894,120172,1,1.03098
65536,2,64,65536,2,64,524288,16,64,6291456,48,64,0,0,0,12, Six-Core AMD Opteron(tm) Processor 2431,2412481024,Linux,cinnaproa.int.seas.wustl.edu,3.0.27,#1 SMP Tue Apr 17 10:58:24 CDT 2012,x86_64,7262652,288096,177440,72960,32883171328,25841508352,0,931610624,32777703424,32777703424,194,0,0,1,SCHED_OTHER,0,124370,122613,5,1.01434
65536,2,64,65536,2,64,524288,16,64,6291456,48,64,0,0,0,12, Six-Core AMD Opteron(tm) Processor 2431,2412481024,Linux,cinnaproa.int.seas.wustl.edu,3.0.27,#1 SMP Tue Apr 17 10:58:24 CDT 2012,x86_64,7262652,288096,177440,72960,32883171328,25841508352,0,931610624,32777703424,32777703424,194,0,0,1,SCHED_OTHER,0,126879,124071,99,1.02263
65536,2,64,65536,2,64,524288,16,64,6291456,48,64,0,0,0,12, Six-Core AMD Opteron(tm) Processor 2431,2412481024,Linux,cinnaproa.int.seas.wustl.edu,3.0.27,#1 SMP Tue Apr 17 10:58:24 CDT 2012,x86_64,7262652,288096,177440,72960,32883171328,25841508352,0,931610624,32777703424,32777703424,194,0,0,1,SCHED_OTHER,0,128041,126107,0,1.01533
65536,2,64,65536,2,64,524288,16,64,6291456,48,64,0,0,0,12, Six-Core AMD Opteron(tm) Processor 2431,2412481024,Linux,cinnaproa.int.seas.wustl.edu,3.0.27,#1 SMP Tue Apr 17 10:58:24 CDT 2012,x86_64,7262652,288096,177440,72960,32883171328,25841508352,0,931610624,32777703424,32777703424,194,0,0,1,SCHED_OTHER,0,128968,2.00355e+06,33,0.0643698
65536,2,64,65536,2,64,524288,16,64,6291456,48,64,0,0,0,12, Six-Core AMD Opteron(tm) Processor 2431,2412481024,Linux,cinnaproa.int.seas.wustl.edu,3.0.27,#1 SMP Tue Apr 17 10:58:24 CDT 2012,x86_64,7262652,288096,177440,72960,32883171328,25841508352,0,931610624,32777703424,32777703424,194,0,0,1,SCHED_OTHER,0,129369,127147,0,1.01748
65536,2,64,65536,2,64,524288,16,64,6291456,48,64,0,0,0,12, Six-Core AMD Opteron(tm) Processor 2431,2412481024,Linux,cinnaproa.int.seas.wustl.edu,3.0.27,#1 SMP Tue Apr 17 10:58:24 CDT 2012,x86_64,7262657,275520,176672,73280,32883171328,25841668096,0,931610624,32777703424,32777703424,194,0,0,1,SCHED_OTHER,0,125844,126548,4,0.994439
65536,2,64,65536,2,64,524288,16,64,6291456,48,64,0,0,0,12, Six-Core AMD Opteron(tm) Processor 2431,2412481024,Linux,cinnaproa.int.seas.wustl.edu,3.0.27,#1 SMP Tue Apr 17 10:58:24 CDT 2012,x86_64,7262657,275520,176672,73280,32883171328,25841668096,0,931610624,32777703424,32777703424,194,0,0,1,SCHED_OTHER,0,1.144e+06,126562,99,9.03905
65536,2,64,65536,2,64,524288,16,64,6291456,48,64,0,0,0,12, Six-Core AMD Opteron(tm) Processor 2431,2412481024,Linux,cinnaproa.int.seas.wustl.edu,3.0.27,#1 SMP Tue Apr 17 10:58:24 CDT 2012,x86_64,7262657,275520,176672,73280,32883171328,25841668096,0,931610624,32777703424,32777703424,194,0,0,1,SCHED_OTHER,0,125730,126298,6,0.995509
65536,2,64,65536,2,64,524288,16,64,6291456,48,64,0,0,0,12, Six-Core AMD Opteron(tm) Processor 2431,2412481024,Linux,cinnaproa.int.seas.wustl.edu,3.0.27,#1 SMP Tue Apr 17 10:58:24 CDT 2012,x86_64,7262657,275520,176672,73280,32883171328,25841668096,0,931610624,32777703424,32777703424,194,0,0,1,SCHED_OTHER,0,130883,129015,0,1.01449
65536,2,64,65536,2,64,524288,16,64,6291456,48,64,0,0,0,12, Six-Core AMD Opteron(tm) Processor 2431,2412481024,Linux,cinnaproa.int.seas.wustl.edu,3.0.27,#1 SMP Tue Apr 17 10:58:24 CDT 2012,x86_64,7262657,275520,176672,73280,32883171328,25841668096,0,931610624,32777703424,32777703424,194,0,0,1,SCHED_OTHER,0,131237,130207,0,1.00791
65536,2,64,65536,2,64,524288,16,64,6291456,48,64,0,0,0,12, Six-Core AMD Opteron(tm) Processor 2431,2412481024,Linux,cinnaproa.int.seas.wustl.edu,3.0.27,#1 SMP Tue Apr 17 10:58:24 CDT 2012,x86_64,7262657,275520,176672,73280,32883171328,25841668096,0,931610624,32777703424,32777703424,194,0,0,1,SCHED_OTHER,0,130820,128917,0,1.01477
65536,2,64,65536,2,64,524288,16,64,6291456,48,64,0,0,0,12, Six-Core AMD Opteron(tm) Processor 2431,2412481024,Linux,cinnaproa.int.seas.wustl.edu,3.0.27,#1 SMP Tue Apr 17 10:58:24 CDT 2012,x86_64,7262662,263968,175904,73600,32883171328,25840373760,0,931618816,32777703424,32777703424,194,0,0,1,SCHED_OTHER,0,440000,117654,99,3.73979
65536,2,64,65536,2,64,524288,16,64,6291456,48,64,0,0,0,12, Six-Core AMD Opteron(tm) Processor 2431,2412481024,Linux,cinnaproa.int.seas.wustl.edu,3.0.27,#1 SMP Tue Apr 17 10:58:24 CDT 2012,x86_64,7262662,263968,175904,73600,32883171328,25840373760,0,931618816,32777703424,32777703424,194,0,0,1,SCHED_OTHER,0,118145,119512,0,0.988559
65536,2,64,65536,2,64,524288,16,64,6291456,48,64,0,0,0,12, Six-Core AMD Opteron(tm) Processor 2431,2412481024,Linux,cinnaproa.int.seas.wustl.edu,3.0.27,#1 SMP Tue Apr 17 10:58:24 CDT 2012,x86_64,7262662,263968,175904,73600,32883171328,25840373760,0,931618816,32777703424,32777703424,194,0,0,1,SCHED_OTHER,0,116875,121504,0,0.961901
65536,2,64,65536,2,64,524288,16,64,6291456,48,64,0,0,0,12, Six-Core AMD Opteron(tm) Processor 2431,2412481024,Linux,cinnaproa.int.seas.wustl.edu,3.0.27,#1 SMP Tue Apr 17 10:58:24 CDT 2012,x86_64,7262662,263968,175904,73600,32883171328,25840373760,0,931618816,32777703424,32777703424,194,0,0,1,SCHED_OTHER,0,121196,119318,0,1.01574
65536,2,64,65536,2,64,524288,16,64,6291456,48,64,0,0,0,12, Six-Core AMD Opteron(tm) Processor 2431,2412481024,Linux,cinnaproa.int.seas.wustl.edu,3.0.27,#1 SMP Tue Apr 17 10:58:24 CDT 2012,x86_64,7262662,263968,175904,73600,32883171328,25840373760,0,931618816,32777703424,32777703424,194,0,0,1,SCHED_OTHER,0,122896,121658,0,1.01017
65536,2,64,65536,2,64,524288,16,64,6291456,48,64,0,0,0,12, Six-Core AMD Opteron(tm) Processor 2431,2412481024,Linux,cinnaproa.int.seas.wustl.edu,3.0.27,#1 SMP Tue Apr 17 10:58:24 CDT 2012,x86_64,7262662,263968,175904,73600,32883171328,25840373760,0,931618816,32777703424,32777703424,194,0,0,1,SCHED_OTHER,0,121070,119206,0,1.01563
65536,2,64,65536,2,64,524288,16,64,6291456,48,64,0,0,0,12, Six-Core AMD Opteron(tm) Processor 2431,2412481024,Linux,cinnaproa.int.seas.wustl.edu,3.0.27,#1 SMP Tue Apr 17 10:58:24 CDT 2012,x86_64,7262668,253312,175168,73920,32883171328,25840033792,0,931618816,32777703424,32777703424,194,0,0,1,SCHED_OTHER,0,125580,125742,5,0.998711
65536,2,64,65536,2,64,524288,16,64,6291456,48,64,0,0,0,12, Six-Core AMD Opteron(tm) Processor 2431,2412481024,Linux,cinnaproa.int.seas.wustl.edu,3.0.27,#1 SMP Tue Apr 17 10:58:24 CDT 2012,x86_64,7262668,253312,175168,73920,32883171328,25840033792,0,931618816,32777703424,32777703424,194,0,0,1,SCHED_OTHER,0,126121,125229,9,1.00713
65536,2,64,65536,2,64,524288,16,64,6291456,48,64,0,0,0,12, Six-Core AMD Opteron(tm) Processor 2431,2412481024,Linux,cinnaproa.int.seas.wustl.edu,3.0.27,#1 SMP Tue Apr 17 10:58:24 CDT 2012,x86_64,7262668,253312,175168,73920,32883171328,25840033792,0,931618816,32777703424,32777703424,194,0,0,1,SCHED_OTHER,0,126175,125845,98,1.00263
65536,2,64,65536,2,64,524288,16,64,6291456,48,64,0,0,0,12, Six-Core AMD Opteron(tm) Processor 2431,2412481024,Linux,cinnaproa.int.seas.wustl.edu,3.0.27,#1 SMP Tue Apr 17 10:58:24 CDT 2012,x86_64,7262668,253312,175168,73920,32883171328,25840033792,0,931618816,32777703424,32777703424,194,0,0,1,SCHED_OTHER,0,130411,128436,0,1.01538
65536,2,64,65536,2,64,524288,16,64,6291456,48,64,0,0,0,12, Six-Core AMD Opteron(tm) Processor 2431,2412481024,Linux,cinnaproa.int.seas.wustl.edu,3.0.27,#1 SMP Tue Apr 17 10:58:24 CDT 2012,x86_64,7262668,253312,175168,73920,32883171328,25840033792,0,931618816,32777703424,32777703424,194,0,0,1,SCHED_OTHER,0,130688,129587,0,1.00849
65536,2,64,65536,2,64,524288,16,64,6291456,48,64,0,0,0,12, Six-Core AMD Opteron(tm) Processor 2431,2412481024,Linux,cinnaproa.int.seas.wustl.edu,3.0.27,#1 SMP Tue Apr 17 10:58:24 CDT 2012,x86_64,7262668,253312,175168,73920,32883171328,25840033792,0,931618816,32777703424,32777703424,194,0,0,1,SCHED_OTHER,0,130192,128147,0,1.01596
65536,2,64,65536,2,64,524288,16,64,6291456,48,64,0,0,0,12, Six-Core AMD Opteron(tm) Processor 2431,2412481024,Linux,cinnaproa.int.seas.wustl.edu,3.0.27,#1 SMP Tue Apr 17 10:58:24 CDT 2012,x86_64,7262673,243520,174432,74240,32883171328,25839521792,0,931618816,32777703424,32777703424,194,0,0,1,SCHED_OTHER,0,124377,122893,1,1.01208
65536,2,64,65536,2,64,524288,16,64,6291456,48,64,0,0,0,12, Six-Core AMD Opteron(tm) Processor 2431,2412481024,Linux,cinnaproa.int.seas.wustl.edu,3.0.27,#1 SMP Tue Apr 17 10:58:24 CDT 2012,x86_64,7262673,243520,174432,74240,32883171328,25839521792,0,931618816,32777703424,32777703424,194,0,0,1,SCHED_OTHER,0,127108,124790,98,1.01858
65536,2,64,65536,2,64,524288,16,64,6291456,48,64,0,0,0,12, Six-Core AMD Opteron(tm) Processor 2431,2412481024,Linux,cinnaproa.int.seas.wustl.edu,3.0.27,#1 SMP Tue Apr 17 10:58:24 CDT 2012,x86_64,7262673,243520,174432,74240,32883171328,25839521792,0,931618816,32777703424,32777703424,194,0,0,1,SCHED_OTHER,0,124241,122880,4,1.01108
65536,2,64,65536,2,64,524288,16,64,6291456,48,64,0,0,0,12, Six-Core AMD Opteron(tm) Processor 2431,2412481024,Linux,cinnaproa.int.seas.wustl.edu,3.0.27,#1 SMP Tue Apr 17 10:58:24 CDT 2012,x86_64,7262673,243520,174432,74240,32883171328,25839521792,0,931618816,32777703424,32777703424,194,0,0,1,SCHED_OTHER,0,128886,126911,0,1.01556
65536,2,64,65536,2,64,524288,16,64,6291456,48,64,0,0,0,12, Six-Core AMD Opteron(tm) Processor 2431,2412481024,Linux,cinnaproa.int.seas.wustl.edu,3.0.27,#1 SMP Tue Apr 17 10:58:24 CDT 2012,x86_64,7262673,243520,174432,74240,32883171328,25839521792,0,931618816,32777703424,32777703424,194,0,0,1,SCHED_OTHER,0,130374,129032,0,1.0104
65536,2,64,65536,2,64,524288,16,64,6291456,48,64,0,0,0,12, Six-Core AMD Opteron(tm) Processor 2431,2412481024,Linux,cinnaproa.int.seas.wustl.edu,3.0.27,#1 SMP Tue Apr 17 10:58:24 CDT 2012,x86_64,7262673,243520,174432,74240,32883171328,25839521792,0,931618816,32777703424,32777703424,194,0,0,1,SCHED_OTHER,0,128304,126364,0,1.01535
65536,2,64,65536,2,64,524288,16,64,6291456,48,64,0,0,0,12, Six-Core AMD Opteron(tm) Processor 2431,2412481024,Linux,cinnaproa.int.seas.wustl.edu,3.0.27,#1 SMP Tue Apr 17 10:58:24 CDT 2012,x86_64,7262678,234528,173728,74560,32883171328,25841942528,0,931618816,32777703424,32777703424,194,0,0,1,SCHED_OTHER,0,125790,125746,4,1.00035
65536,2,64,65536,2,64,524288,16,64,6291456,48,64,0,0,0,12, Six-Core AMD Opteron(tm) Processor 2431,2412481024,Linux,cinnaproa.int.seas.wustl.edu,3.0.27,#1 SMP Tue Apr 17 10:58:24 CDT 2012,x86_64,7262678,234528,173728,74560,32883171328,25841942528,0,931618816,32777703424,32777703424,194,0,0,1,SCHED_OTHER,0,126473,125374,6,1.00877
65536,2,64,65536,2,64,524288,16,64,6291456,48,64,0,0,0,12, Six-Core AMD Opteron(tm) Processor 2431,2412481024,Linux,cinnaproa.int.seas.wustl.edu,3.0.27,#1 SMP Tue Apr 17 10:58:24 CDT 2012,x86_64,7262678,234528,173728,74560,32883171328,25841942528,0,931618816,32777703424,32777703424,194,0,0,1,SCHED_OTHER,0,126590,126118,98,1.00375
65536,2,64,65536,2,64,524288,16,64,6291456,48,64,0,0,0,12, Six-Core AMD Opteron(tm) Processor 2431,2412481024,Linux,cinnaproa.int.seas.wustl.edu,3.0.27,#1 SMP Tue Apr 17 10:58:24 CDT 2012,x86_64,7262678,234528,173728,74560,32883171328,25841942528,0,931618816,32777703424,32777703424,194,0,0,1,SCHED_OTHER,0,130618,128731,0,1.01466
65536,2,64,65536,2,64,524288,16,64,6291456,48,64,0,0,0,12, Six-Core AMD Opteron(tm) Processor 2431,2412481024,Linux,cinnaproa.int.seas.wustl.edu,3.0.27,#1 SMP Tue Apr 17 10:58:24 CDT 2012,x86_64,7262678,234528,173728,74560,32883171328,25841942528,0,931618816,32777703424,32777703424,194,0,0,1,SCHED_OTHER,0,130934,129873,0,1.00817
65536,2,64,65536,2,64,524288,16,64,6291456,48,64,0,0,0,12, Six-Core AMD Opteron(tm) Processor 2431,2412481024,Linux,cinnaproa.int.seas.wustl.edu,3.0.27,#1 SMP Tue Apr 17 10:58:24 CDT 2012,x86_64,7262678,234528,173728,74560,32883171328,25841942528,0,931618816,32777703424,32777703424,194,0,0,1,SCHED_OTHER,0,130692,128813,0,1.01459
65536,2,64,65536,2,64,524288,16,64,6291456,48,64,0,0,0,12, Six-Core AMD Opteron(tm) Processor 2431,2412481024,Linux,cinnaproa.int.seas.wustl.edu,3.0.27,#1 SMP Tue Apr 17 10:58:24 CDT 2012,x86_64,7262683,271104,183200,78656,32883171328,25842135040,0,931627008,32777703424,32777703424,194,0,0,1,SCHED_OTHER,0,126228,126528,3,0.997635
65536,2,64,65536,2,64,524288,16,64,6291456,48,64,0,0,0,12, Six-Core AMD Opteron(tm) Processor 2431,2412481024,Linux,cinnaproa.int.seas.wustl.edu,3.0.27,#1 SMP Tue Apr 17 10:58:24 CDT 2012,x86_64,7262683,271104,183200,78656,32883171328,25842135040,0,931627008,32777703424,32777703424,194,0,0,1,SCHED_OTHER,0,895652,126679,99,7.07026
65536,2,64,65536,2,64,524288,16,64,6291456,48,64,0,0,0,12, Six-Core AMD Opteron(tm) Processor 2431,2412481024,Linux,cinnaproa.int.seas.wustl.edu,3.0.27,#1 SMP Tue Apr 17 10:58:24 CDT 2012,x86_64,7262683,271104,183200,78656,32883171328,25842135040,0,931627008,32777703424,32777703424,194,0,0,1,SCHED_OTHER,0,125826,126356,58,0.995807
65536,2,64,65536,2,64,524288,16,64,6291456,48,64,0,0,0,12, Six-Core AMD Opteron(tm) Processor 2431,2412481024,Linux,cinnaproa.int.seas.wustl.edu,3.0.27,#1 SMP Tue Apr 17 10:58:24 CDT 2012,x86_64,7262683,271104,183200,78656,32883171328,25842135040,0,931627008,32777703424,32777703424,194,0,0,1,SCHED_OTHER,0,131286,129497,0,1.01382
65536,2,64,65536,2,64,524288,16,64,6291456,48,64,0,0,0,12, Six-Core AMD Opteron(tm) Processor 2431,2412481024,Linux,cinnaproa.int.seas.wustl.edu,3.0.27,#1 SMP Tue Apr 17 10:58:24 CDT 2012,x86_64,7262683,271104,183200,78656,32883171328,25842135040,0,931627008,32777703424,32777703424,194,0,0,1,SCHED_OTHER,0,131146,130134,0,1.00778
65536,2,64,65536,2,64,524288,16,64,6291456,48,64,0,0,0,12, Six-Core AMD Opteron(tm) Processor 2431,2412481024,Linux,cinnaproa.int.seas.wustl.edu,3.0.27,#1 SMP Tue Apr 17 10:58:24 CDT 2012,x86_64,7262683,271104,183200,78656,32883171328,25842135040,0,931627008,32777703424,32777703424,194,0,0,1,SCHED_OTHER,0,130950,129113,0,1.01423
65536,2,64,65536,2,64,524288,16,64,6291456,48,64,0,0,0,12, Six-Core AMD Opteron(tm) Processor 2431,2412481024,Linux,cinnaproa.int.seas.wustl.edu,3.0.27,#1 SMP Tue Apr 17 10:58:24 CDT 2012,x86_64,7262688,312384,193216,82464,32883171328,25839890432,0,931627008,32777703424,32777703424,194,0,0,1,SCHED_OTHER,0,211765,117420,99,1.80349
65536,2,64,65536,2,64,524288,16,64,6291456,48,64,0,0,0,12, Six-Core AMD Opteron(tm) Processor 2431,2412481024,Linux,cinnaproa.int.seas.wustl.edu,3.0.27,#1 SMP Tue Apr 17 10:58:24 CDT 2012,x86_64,7262688,312384,193216,82464,32883171328,25839890432,0,931627008,32777703424,32777703424,194,0,0,1,SCHED_OTHER,0,117358,118508,0,0.990292
65536,2,64,65536,2,64,524288,16,64,6291456,48,64,0,0,0,12, Six-Core AMD Opteron(tm) Processor 2431,2412481024,Linux,cinnaproa.int.seas.wustl.edu,3.0.27,#1 SMP Tue Apr 17 10:58:24 CDT 2012,x86_64,7262688,312384,193216,82464,32883171328,25839890432,0,931627008,32777703424,32777703424,194,0,0,1,SCHED_OTHER,0,116714,121314,0,0.962083
65536,2,64,65536,2,64,524288,16,64,6291456,48,64,0,0,0,12, Six-Core AMD Opteron(tm) Processor 2431,2412481024,Linux,cinnaproa.int.seas.wustl.edu,3.0.27,#1 SMP Tue Apr 17 10:58:24 CDT 2012,x86_64,7262688,312384,193216,82464,32883171328,25839890432,0,931627008,32777703424,32777703424,194,0,0,1,SCHED_OTHER,0,120704,118899,0,1.01518
65536,2,64,65536,2,64,524288,16,64,6291456,48,64,0,0,0,12, Six-Core AMD Opteron(tm) Processor 2431,2412481024,Linux,cinnaproa.int.seas.wustl.edu,3.0.27,#1 SMP Tue Apr 17 10:58:24 CDT 2012,x86_64,7262688,312384,193216,82464,32883171328,25839890432,0,931627008,32777703424,32777703424,194,0,0,1,SCHED_OTHER,0,122681,121443,0,1.0102
65536,2,64,65536,2,64,524288,16,64,6291456,48,64,0,0,0,12, Six-Core AMD Opteron(tm) Processor 2431,2412481024,Linux,cinnaproa.int.seas.wustl.edu,3.0.27,#1 SMP Tue Apr 17 10:58:24 CDT 2012,x86_64,7262688,312384,193216,82464,32883171328,25839890432,0,931627008,32777703424,32777703424,194,0,0,1,SCHED_OTHER,0,120682,118907,0,1.01494
65536,2,64,65536,2,64,524288,16,64,6291456,48,64,0,0,0,12, Six-Core AMD Opteron(tm) Processor 2431,2412481024,Linux,cinnaproa.int.seas.wustl.edu,3.0.27,#1 SMP Tue Apr 17 10:58:24 CDT 2012,x86_64,7262693,350336,203072,86240,32883171328,25839800320,0,931631104,32777703424,32777703424,194,0,0,1,SCHED_OTHER,0,123838,120543,1,1.02733
65536,2,64,65536,2,64,524288,16,64,6291456,48,64,0,0,0,12, Six-Core AMD Opteron(tm) Processor 2431,2412481024,Linux,cinnaproa.int.seas.wustl.edu,3.0.27,#1 SMP Tue Apr 17 10:58:24 CDT 2012,x86_64,7262693,350336,203072,86240,32883171328,25839800320,0,931631104,32777703424,32777703424,194,0,0,1,SCHED_OTHER,0,124261,120541,1,1.03086
65536,2,64,65536,2,64,524288,16,64,6291456,48,64,0,0,0,12, Six-Core AMD Opteron(tm) Processor 2431,2412481024,Linux,cinnaproa.int.seas.wustl.edu,3.0.27,#1 SMP Tue Apr 17 10:58:24 CDT 2012,x86_64,7262693,350336,203072,86240,32883171328,25839800320,0,931631104,32777703424,32777703424,194,0,0,1,SCHED_OTHER,0,194355,124196,99,1.5649
65536,2,64,65536,2,64,524288,16,64,6291456,48,64,0,0,0,12, Six-Core AMD Opteron(tm) Processor 2431,2412481024,Linux,cinnaproa.int.seas.wustl.edu,3.0.27,#1 SMP Tue Apr 17 10:58:24 CDT 2012,x86_64,7262693,350336,203072,86240,32883171328,25839800320,0,931631104,32777703424,32777703424,194,0,0,1,SCHED_OTHER,0,129194,126813,0,1.01878
65536,2,64,65536,2,64,524288,16,64,6291456,48,64,0,0,0,12, Six-Core AMD Opteron(tm) Processor 2431,2412481024,Linux,cinnaproa.int.seas.wustl.edu,3.0.27,#1 SMP Tue Apr 17 10:58:24 CDT 2012,x86_64,7262693,350336,203072,86240,32883171328,25839800320,0,931631104,32777703424,32777703424,194,0,0,1,SCHED_OTHER,0,127693,126536,0,1.00915
65536,2,64,65536,2,64,524288,16,64,6291456,48,64,0,0,0,12, Six-Core AMD Opteron(tm) Processor 2431,2412481024,Linux,cinnaproa.int.seas.wustl.edu,3.0.27,#1 SMP Tue Apr 17 10:58:24 CDT 2012,x86_64,7262693,350336,203072,86240,32883171328,25839800320,0,931631104,32777703424,32777703424,194,0,0,1,SCHED_OTHER,0,129434,126986,0,1.01928
65536,2,64,65536,2,64,524288,16,64,6291456,48,64,0,0,0,12, Six-Core AMD Opteron(tm) Processor 2431,2412481024,Linux,cinnaproa.int.seas.wustl.edu,3.0.27,#1 SMP Tue Apr 17 10:58:24 CDT 2012,x86_64,7262698,385248,212768,90016,32883171328,25840644096,0,931635200,32777703424,32777703424,194,0,0,1,SCHED_OTHER,0,125708,125721,97,0.999903
65536,2,64,65536,2,64,524288,16,64,6291456,48,64,0,0,0,12, Six-Core AMD Opteron(tm) Processor 2431,2412481024,Linux,cinnaproa.int.seas.wustl.edu,3.0.27,#1 SMP Tue Apr 17 10:58:24 CDT 2012,x86_64,7262698,385248,212768,90016,32883171328,25840644096,0,931635200,32777703424,32777703424,194,0,0,1,SCHED_OTHER,0,126025,124850,17,1.00941
65536,2,64,65536,2,64,524288,16,64,6291456,48,64,0,0,0,12, Six-Core AMD Opteron(tm) Processor 2431,2412481024,Linux,cinnaproa.int.seas.wustl.edu,3.0.27,#1 SMP Tue Apr 17 10:58:24 CDT 2012,x86_64,7262698,385248,212768,90016,32883171328,25840644096,0,931635200,32777703424,32777703424,194,0,0,1,SCHED_OTHER,0,125238,125440,11,0.998389
65536,2,64,65536,2,64,524288,16,64,6291456,48,64,0,0,0,12, Six-Core AMD Opteron(tm) Processor 2431,2412481024,Linux,cinnaproa.int.seas.wustl.edu,3.0.27,#1 SMP Tue Apr 17 10:58:24 CDT 2012,x86_64,7262698,385248,212768,90016,32883171328,25840644096,0,931635200,32777703424,32777703424,194,0,0,1,SCHED_OTHER,0,130984,128670,0,1.01799
65536,2,64,65536,2,64,524288,16,64,6291456,48,64,0,0,0,12, Six-Core AMD Opteron(tm) Processor 2431,2412481024,Linux,cinnaproa.int.seas.wustl.edu,3.0.27,#1 SMP Tue Apr 17 10:58:24 CDT 2012,x86_64,7262698,385248,212768,90016,32883171328,25840644096,0,931635200,32777703424,32777703424,194,0,0,1,SCHED_OTHER,0,129760,128651,0,1.00862
65536,2,64,65536,2,64,524288,16,64,6291456,48,64,0,0,0,12, Six-Core AMD Opteron(tm) Processor 2431,2412481024,Linux,cinnaproa.int.seas.wustl.edu,3.0.27,#1 SMP Tue Apr 17 10:58:24 CDT 2012,x86_64,7262698,385248,212768,90016,32883171328,25840644096,0,931635200,32777703424,32777703424,194,0,0,1,SCHED_OTHER,0,129858,127931,0,1.01506
65536,2,64,65536,2,64,524288,16,64,6291456,48,64,0,0,0,12, Six-Core AMD Opteron(tm) Processor 2431,2412481024,Linux,cinnaproa.int.seas.wustl.edu,3.0.27,#1 SMP Tue Apr 17 10:58:24 CDT 2012,x86_64,7262703,417376,222304,93760,32883171328,25841000448,0,931635200,32777703424,32777703424,194,0,0,1,SCHED_OTHER,0,124495,124729,3,0.998128
65536,2,64,65536,2,64,524288,16,64,6291456,48,64,0,0,0,12, Six-Core AMD Opteron(tm) Processor 2431,2412481024,Linux,cinnaproa.int.seas.wustl.edu,3.0.27,#1 SMP Tue Apr 17 10:58:24 CDT 2012,x86_64,7262703,417376,222304,93760,32883171328,25841000448,0,931635200,32777703424,32777703424,194,0,0,1,SCHED_OTHER,0,825806,124761,99,6.61912
65536,2,64,65536,2,64,524288,16,64,6291456,48,64,0,0,0,12, Six-Core AMD Opteron(tm) Processor 2431,2412481024,Linux,cinnaproa.int.seas.wustl.edu,3.0.27,#1 SMP Tue Apr 17 10:58:24 CDT 2012,x86_64,7262703,417376,222304,93760,32883171328,25841000448,0,931635200,32777703424,32777703424,194,0,0,1,SCHED_OTHER,0,124257,124601,31,0.997234
65536,2,64,65536,2,64,524288,16,64,6291456,48,64,0,0,0,12, Six-Core AMD Opteron(tm) Processor 2431,2412481024,Linux,cinnaproa.int.seas.wustl.edu,3.0.27,#1 SMP Tue Apr 17 10:58:24 CDT 2012,x86_64,7262703,417376,222304,93760,32883171328,25841000448,0,931635200,32777703424,32777703424,194,0,0,1,SCHED_OTHER,0,129223,127197,0,1.01593
65536,2,64,65536,2,64,524288,16,64,6291456,48,64,0,0,0,12, Six-Core AMD Opteron(tm) Processor 2431,2412481024,Linux,cinnaproa.int.seas.wustl.edu,3.0.27,#1 SMP Tue Apr 17 10:58:24 CDT 2012,x86_64,7262703,417376,222304,93760,32883171328,25841000448,0,931635200,32777703424,32777703424,194,0,0,1,SCHED_OTHER,0,129564,128498,0,1.0083
65536,2,64,65536,2,64,524288,16,64,6291456,48,64,0,0,0,12, Six-Core AMD Opteron(tm) Processor 2431,2412481024,Linux,cinnaproa.int.seas.wustl.edu,3.0.27,#1 SMP Tue Apr 17 10:58:24 CDT 2012,x86_64,7262703,417376,222304,93760,32883171328,25841000448,0,931635200,32777703424,32777703424,194,0,0,1,SCHED_OTHER,0,129363,127399,0,1.01542
65536,2,64,65536,2,64,524288,16,64,6291456,48,64,0,0,0,12, Six-Core AMD Opteron(tm) Processor 2431,2412481024,Linux,cinnaproa.int.seas.wustl.edu,3.0.27,#1 SMP Tue Apr 17 10:58:24 CDT 2012,x86_64,7262708,446944,231680,97472,32883171328,25840951296,0,931643392,32777703424,32777703424,194,0,0,1,SCHED_OTHER,0,125885,126329,2,0.996491
65536,2,64,65536,2,64,524288,16,64,6291456,48,64,0,0,0,12, Six-Core AMD Opteron(tm) Processor 2431,2412481024,Linux,cinnaproa.int.seas.wustl.edu,3.0.27,#1 SMP Tue Apr 17 10:58:24 CDT 2012,x86_64,7262708,446944,231680,97472,32883171328,25840951296,0,931643392,32777703424,32777703424,194,0,0,1,SCHED_OTHER,0,651282,126415,99,5.15194
65536,2,64,65536,2,64,524288,16,64,6291456,48,64,0,0,0,12, Six-Core AMD Opteron(tm) Processor 2431,2412481024,Linux,cinnaproa.int.seas.wustl.edu,3.0.27,#1 SMP Tue Apr 17 10:58:24 CDT 2012,x86_64,7262708,446944,231680,97472,32883171328,25840951296,0,931643392,32777703424,32777703424,194,0,0,1,SCHED_OTHER,0,125640,126173,13,0.995778
65536,2,64,65536,2,64,524288,16,64,6291456,48,64,0,0,0,12, Six-Core AMD Opteron(tm) Processor 2431,2412481024,Linux,cinnaproa.int.seas.wustl.edu,3.0.27,#1 SMP Tue Apr 17 10:58:24 CDT 2012,x86_64,7262708,446944,231680,97472,32883171328,25840951296,0,931643392,32777703424,32777703424,194,0,0,1,SCHED_OTHER,0,130780,128937,0,1.01429
65536,2,64,65536,2,64,524288,16,64,6291456,48,64,0,0,0,12, Six-Core AMD Opteron(tm) Processor 2431,2412481024,Linux,cinnaproa.int.seas.wustl.edu,3.0.27,#1 SMP Tue Apr 17 10:58:24 CDT 2012,x86_64,7262708,446944,231680,97472,32883171328,25840951296,0,931643392,32777703424,32777703424,194,0,0,1,SCHED_OTHER,0,131119,130068,0,1.00808
65536,2,64,65536,2,64,524288,16,64,6291456,48,64,0,0,0,12, Six-Core AMD Opteron(tm) Processor 2431,2412481024,Linux,cinnaproa.int.seas.wustl.edu,3.0.27,#1 SMP Tue Apr 17 10:58:24 CDT 2012,x86_64,7262708,446944,231680,97472,32883171328,25840951296,0,931643392,32777703424,32777703424,194,0,0,1,SCHED_OTHER,0,130679,128781,0,1.01474
65536,2,64,65536,2,64,524288,16,64,6291456,48,64,0,0,0,12, Six-Core AMD Opteron(tm) Processor 2431,2412481024,Linux,cinnaproa.int.seas.wustl.edu,3.0.27,#1 SMP Tue Apr 17 10:58:24 CDT 2012,x86_64,7262713,474144,240896,101184,32883171328,25841627136,0,931643392,32777703424,32777703424,194,0,0,1,SCHED_OTHER,0,125719,126222,3,0.996012
65536,2,64,65536,2,64,524288,16,64,6291456,48,64,0,0,0,12, Six-Core AMD Opteron(tm) Processor 2431,2412481024,Linux,cinnaproa.int.seas.wustl.edu,3.0.27,#1 SMP Tue Apr 17 10:58:24 CDT 2012,x86_64,7262713,474144,240896,101184,32883171328,25841627136,0,931643392,32777703424,32777703424,194,0,0,1,SCHED_OTHER,0,125937,126263,53,0.997423
65536,2,64,65536,2,64,524288,16,64,6291456,48,64,0,0,0,12, Six-Core AMD Opteron(tm) Processor 2431,2412481024,Linux,cinnaproa.int.seas.wustl.edu,3.0.27,#1 SMP Tue Apr 17 10:58:24 CDT 2012,x86_64,7262713,474144,240896,101184,32883171328,25841627136,0,931643392,32777703424,32777703424,194,0,0,1,SCHED_OTHER,0,125703,126055,54,0.997203
65536,2,64,65536,2,64,524288,16,64,6291456,48,64,0,0,0,12, Six-Core AMD Opteron(tm) Processor 2431,2412481024,Linux,cinnaproa.int.seas.wustl.edu,3.0.27,#1 SMP Tue Apr 17 10:58:24 CDT 2012,x86_64,7262713,474144,240896,101184,32883171328,25841627136,0,931643392,32777703424,32777703424,194,0,0,1,SCHED_OTHER,0,130538,128686,0,1.01439
65536,2,64,65536,2,64,524288,16,64,6291456,48,64,0,0,0,12, Six-Core AMD Opteron(tm) Processor 2431,2412481024,Linux,cinnaproa.int.seas.wustl.edu,3.0.27,#1 SMP Tue Apr 17 10:58:24 CDT 2012,x86_64,7262713,474144,240896,101184,32883171328,25841627136,0,931643392,32777703424,32777703424,194,0,0,1,SCHED_OTHER,0,130861,129770,0,1.0084
65536,2,64,65536,2,64,524288,16,64,6291456,48,64,0,0,0,12, Six-Core AMD Opteron(tm) Processor 2431,2412481024,Linux,cinnaproa.int.seas.wustl.edu,3.0.27,#1 SMP Tue Apr 17 10:58:24 CDT 2012,x86_64,7262713,474144,240896,101184,32883171328,25841627136,0,931643392,32777703424,32777703424,194,0,0,1,SCHED_OTHER,0,130686,128779,0,1.01481
65536,2,64,65536,2,64,524288,16,64,6291456,48,64,0,0,0,12, Six-Core AMD Opteron(tm) Processor 2431,2412481024,Linux,cinnaproa.int.seas.wustl.edu,3.0.27,#1 SMP Tue Apr 17 10:58:24 CDT 2012,x86_64,7262719,499136,249952,104864,32883171328,25839325184,0,931647488,32777703424,32777703424,194,0,0,1,SCHED_OTHER,0,124243,122880,2,1.0111
65536,2,64,65536,2,64,524288,16,64,6291456,48,64,0,0,0,12, Six-Core AMD Opteron(tm) Processor 2431,2412481024,Linux,cinnaproa.int.seas.wustl.edu,3.0.27,#1 SMP Tue Apr 17 10:58:24 CDT 2012,x86_64,7262719,499136,249952,104864,32883171328,25839325184,0,931647488,32777703424,32777703424,194,0,0,1,SCHED_OTHER,0,140930,124755,99,1.12965
65536,2,64,65536,2,64,524288,16,64,6291456,48,64,0,0,0,12, Six-Core AMD Opteron(tm) Processor 2431,2412481024,Linux,cinnaproa.int.seas.wustl.edu,3.0.27,#1 SMP Tue Apr 17 10:58:24 CDT 2012,x86_64,7262719,499136,249952,104864,32883171328,25839325184,0,931647488,32777703424,32777703424,194,0,0,1,SCHED_OTHER,0,124416,122926,2,1.01212
65536,2,64,65536,2,64,524288,16,64,6291456,48,64,0,0,0,12, Six-Core AMD Opteron(tm) Processor 2431,2412481024,Linux,cinnaproa.int.seas.wustl.edu,3.0.27,#1 SMP Tue Apr 17 10:58:24 CDT 2012,x86_64,7262719,499136,249952,104864,32883171328,25839325184,0,931647488,32777703424,32777703424,194,0,0,1,SCHED_OTHER,0,129142,127178,0,1.01544
65536,2,64,65536,2,64,524288,16,64,6291456,48,64,0,0,0,12, Six-Core AMD Opteron(tm) Processor 2431,2412481024,Linux,cinnaproa.int.seas.wustl.edu,3.0.27,#1 SMP Tue Apr 17 10:58:24 CDT 2012,x86_64,7262719,499136,249952,104864,32883171328,25839325184,0,931647488,32777703424,32777703424,194,0,0,1,SCHED_OTHER,0,129338,128272,0,1.0083
65536,2,64,65536,2,64,524288,16,64,6291456,48,64,0,0,0,12, Six-Core AMD Opteron(tm) Processor 2431,2412481024,Linux,cinnaproa.int.seas.wustl.edu,3.0.27,#1 SMP Tue Apr 17 10:58:24 CDT 2012,x86_64,7262719,499136,249952,104864,32883171328,25839325184,0,931647488,32777703424,32777703424,194,0,0,1,SCHED_OTHER,0,129249,127323,0,1.01513
65536,2,64,65536,2,64,524288,16,64,6291456,48,64,0,0,0,12, Six-Core AMD Opteron(tm) Processor 2431,2412481024,Linux,cinnaproa.int.seas.wustl.edu,3.0.27,#1 SMP Tue Apr 17 10:58:24 CDT 2012,x86_64,7262724,522144,258848,108512,32883171328,25840078848,0,931647488,32777703424,32777703424,194,0,0,1,SCHED_OTHER,0,125821,125086,3,1.00588
65536,2,64,65536,2,64,524288,16,64,6291456,48,64,0,0,0,12, Six-Core AMD Opteron(tm) Processor 2431,2412481024,Linux,cinnaproa.int.seas.wustl.edu,3.0.27,#1 SMP Tue Apr 17 10:58:24 CDT 2012,x86_64,7262724,522144,258848,108512,32883171328,25840078848,0,931647488,32777703424,32777703424,194,0,0,1,SCHED_OTHER,0,126189,125349,9,1.00671
65536,2,64,65536,2,64,524288,16,64,6291456,48,64,0,0,0,12, Six-Core AMD Opteron(tm) Processor 2431,2412481024,Linux,cinnaproa.int.seas.wustl.edu,3.0.27,#1 SMP Tue Apr 17 10:58:24 CDT 2012,x86_64,7262724,522144,258848,108512,32883171328,25840078848,0,931647488,32777703424,32777703424,194,0,0,1,SCHED_OTHER,0,126175,125968,98,1.00164
65536,2,64,65536,2,64,524288,16,64,6291456,48,64,0,0,0,12, Six-Core AMD Opteron(tm) Processor 2431,2412481024,Linux,cinnaproa.int.seas.wustl.edu,3.0.27,#1 SMP Tue Apr 17 10:58:24 CDT 2012,x86_64,7262724,522144,258848,108512,32883171328,25840078848,0,931647488,32777703424,32777703424,194,0,0,1,SCHED_OTHER,0,130419,128491,0,1.015
65536,2,64,65536,2,64,524288,16,64,6291456,48,64,0,0,0,12, Six-Core AMD Opteron(tm) Processor 2431,2412481024,Linux,cinnaproa.int.seas.wustl.edu,3.0.27,#1 SMP Tue Apr 17 10:58:24 CDT 2012,x86_64,7262724,522144,258848,108512,32883171328,25840078848,0,931647488,32777703424,32777703424,194,0,0,1,SCHED_OTHER,0,130735,129599,0,1.00877
65536,2,64,65536,2,64,524288,16,64,6291456,48,64,0,0,0,12, Six-Core AMD Opteron(tm) Processor 2431,2412481024,Linux,cinnaproa.int.seas.wustl.edu,3.0.27,#1 SMP Tue Apr 17 10:58:24 CDT 2012,x86_64,7262724,522144,258848,108512,32883171328,25840078848,0,931647488,32777703424,32777703424,194,0,0,1,SCHED_OTHER,0,130531,128585,0,1.01514
65536,2,64,65536,2,64,524288,16,64,6291456,48,64,0,0,0,12, Six-Core AMD Opteron(tm) Processor 2431,2412481024,Linux,cinnaproa.int.seas.wustl.edu,3.0.27,#1 SMP Tue Apr 17 10:58:24 CDT 2012,x86_64,7262729,543296,267616,112160,32883171328,25840672768,0,931651584,32777703424,32777703424,194,0,0,1,SCHED_OTHER,0,124377,120724,1,1.03026
65536,2,64,65536,2,64,524288,16,64,6291456,48,64,0,0,0,12, Six-Core AMD Opteron(tm) Processor 2431,2412481024,Linux,cinnaproa.int.seas.wustl.edu,3.0.27,#1 SMP Tue Apr 17 10:58:24 CDT 2012,x86_64,7262729,543296,267616,112160,32883171328,25840672768,0,931651584,32777703424,32777703424,194,0,0,1,SCHED_OTHER,0,124581,120942,2,1.03009
65536,2,64,65536,2,64,524288,16,64,6291456,48,64,0,0,0,12, Six-Core AMD Opteron(tm) Processor 2431,2412481024,Linux,cinnaproa.int.seas.wustl.edu,3.0.27,#1 SMP Tue Apr 17 10:58:24 CDT 2012,x86_64,7262729,543296,267616,112160,32883171328,25840672768,0,931651584,32777703424,32777703424,194,0,0,1,SCHED_OTHER,0,127002,124491,99,1.02018
65536,2,64,65536,2,64,524288,16,64,6291456,48,64,0,0,0,12, Six-Core AMD Opteron(tm) Processor 2431,2412481024,Linux,cinnaproa.int.seas.wustl.edu,3.0.27,#1 SMP Tue Apr 17 10:58:24 CDT 2012,x86_64,7262729,543296,267616,112160,32883171328,25840672768,0,931651584,32777703424,32777703424,194,0,0,1,SCHED_OTHER,0,128190,126263,0,1.01526
65536,2,64,65536,2,64,524288,16,64,6291456,48,64,0,0,0,12, Six-Core AMD Opteron(tm) Processor 2431,2412481024,Linux,cinnaproa.int.seas.wustl.edu,3.0.27,#1 SMP Tue Apr 17 10:58:24 CDT 2012,x86_64,7262729,543296,267616,112160,32883171328,25840672768,0,931651584,32777703424,32777703424,194,0,0,1,SCHED_OTHER,0,128499,127427,0,1.00841
65536,2,64,65536,2,64,524288,16,64,6291456,48,64,0,0,0,12, Six-Core AMD Opteron(tm) Processor 2431,2412481024,Linux,cinnaproa.int.seas.wustl.edu,3.0.27,#1 SMP Tue Apr 17 10:58:24 CDT 2012,x86_64,7262729,543296,267616,112160,32883171328,25840672768,0,931651584,32777703424,32777703424,194,0,0,1,SCHED_OTHER,0,130005,127614,0,1.01874
65536,2,64,65536,2,64,524288,16,64,6291456,48,64,0,0,0,12, Six-Core AMD Opteron(tm) Processor 2431,2412481024,Linux,cinnaproa.int.seas.wustl.edu,3.0.27,#1 SMP Tue Apr 17 10:58:24 CDT 2012,x86_64,7262734,562752,276224,115776,32883171328,25839812608,0,931655680,32777703424,32777703424,194,0,0,1,SCHED_OTHER,0,124663,125076,93,0.996694
65536,2,64,65536,2,64,524288,16,64,6291456,48,64,0,0,0,12, Six-Core AMD Opteron(tm) Processor 2431,2412481024,Linux,cinnaproa.int.seas.wustl.edu,3.0.27,#1 SMP Tue Apr 17 10:58:24 CDT 2012,x86_64,7262734,562752,276224,115776,32883171328,25839812608,0,931655680,32777703424,32777703424,194,0,0,1,SCHED_OTHER,0,125147,122492,4,1.02168
65536,2,64,65536,2,64,524288,16,64,6291456,48,64,0,0,0,12, Six-Core AMD Opteron(tm) Processor 2431,2412481024,Linux,cinnaproa.int.seas.wustl.edu,3.0.27,#1 SMP Tue Apr 17 10:58:24 CDT 2012,x86_64,7262734,562752,276224,115776,32883171328,25839812608,0,931655680,32777703424,32777703424,194,0,0,1,SCHED_OTHER,0,124574,124191,14,1.00309
65536,2,64,65536,2,64,524288,16,64,6291456,48,64,0,0,0,12, Six-Core AMD Opteron(tm) Processor 2431,2412481024,Linux,cinnaproa.int.seas.wustl.edu,3.0.27,#1 SMP Tue Apr 17 10:58:24 CDT 2012,x86_64,7262734,562752,276224,115776,32883171328,25839812608,0,931655680,32777703424,32777703424,194,0,0,1,SCHED_OTHER,0,130423,127880,0,1.01988
65536,2,64,65536,2,64,524288,16,64,6291456,48,64,0,0,0,12, Six-Core AMD Opteron(tm) Processor 2431,2412481024,Linux,cinnaproa.int.seas.wustl.edu,3.0.27,#1 SMP Tue Apr 17 10:58:24 CDT 2012,x86_64,7262734,562752,276224,115776,32883171328,25839812608,0,931655680,32777703424,32777703424,194,0,0,1,SCHED_OTHER,0,129103,128042,0,1.00829
65536,2,64,65536,2,64,524288,16,64,6291456,48,64,0,0,0,12, Six-Core AMD Opteron(tm) Processor 2431,2412481024,Linux,cinnaproa.int.seas.wustl.edu,3.0.27,#1 SMP Tue Apr 17 10:58:24 CDT 2012,x86_64,7262734,562752,276224,115776,32883171328,25839812608,0,931655680,32777703424,32777703424,194,0,0,1,SCHED_OTHER,0,128775,126839,0,1.01527
65536,2,64,65536,2,64,524288,16,64,6291456,48,64,0,0,0,12, Six-Core AMD Opteron(tm) Processor 2431,2412481024,Linux,cinnaproa.int.seas.wustl.edu,3.0.27,#1 SMP Tue Apr 17 10:58:24 CDT 2012,x86_64,7262739,580672,284704,119392,32883171328,25838510080,0,931663872,32777703424,32777703424,194,0,0,1,SCHED_OTHER,0,155272,117591,99,1.32044
65536,2,64,65536,2,64,524288,16,64,6291456,48,64,0,0,0,12, Six-Core AMD Opteron(tm) Processor 2431,2412481024,Linux,cinnaproa.int.seas.wustl.edu,3.0.27,#1 SMP Tue Apr 17 10:58:24 CDT 2012,x86_64,7262739,580672,284704,119392,32883171328,25838510080,0,931663872,32777703424,32777703424,194,0,0,1,SCHED_OTHER,0,117882,119972,0,0.982581
65536,2,64,65536,2,64,524288,16,64,6291456,48,64,0,0,0,12, Six-Core AMD Opteron(tm) Processor 2431,2412481024,Linux,cinnaproa.int.seas.wustl.edu,3.0.27,#1 SMP Tue Apr 17 10:58:24 CDT 2012,x86_64,7262739,580672,284704,119392,32883171328,25838510080,0,931663872,32777703424,32777703424,194,0,0,1,SCHED_OTHER,0,116968,121719,1,0.960968
65536,2,64,65536,2,64,524288,16,64,6291456,48,64,0,0,0,12, Six-Core AMD Opteron(tm) Processor 2431,2412481024,Linux,cinnaproa.int.seas.wustl.edu,3.0.27,#1 SMP Tue Apr 17 10:58:24 CDT 2012,x86_64,7262739,580672,284704,119392,32883171328,25838510080,0,931663872,32777703424,32777703424,194,0,0,1,SCHED_OTHER,0,121011,119176,0,1.0154
65536,2,64,65536,2,64,524288,16,64,6291456,48,64,0,0,0,12, Six-Core AMD Opteron(tm) Processor 2431,2412481024,Linux,cinnaproa.int.seas.wustl.edu,3.0.27,#1 SMP Tue Apr 17 10:58:24 CDT 2012,x86_64,7262739,580672,284704,119392,32883171328,25838510080,0,931663872,32777703424,32777703424,194,0,0,1,SCHED_OTHER,0,123083,121816,0,1.0104
65536,2,64,65536,2,64,524288,16,64,6291456,48,64,0,0,0,12, Six-Core AMD Opteron(tm) Processor 2431,2412481024,Linux,cinnaproa.int.seas.wustl.edu,3.0.27,#1 SMP Tue Apr 17 10:58:24 CDT 2012,x86_64,7262739,580672,284704,119392,32883171328,25838510080,0,931663872,32777703424,32777703424,194,0,0,1,SCHED_OTHER,0,120956,119156,0,1.0151
65536,2,64,65536,2,64,524288,16,64,6291456,48,64,0,0,0,12, Six-Core AMD Opteron(tm) Processor 2431,2412481024,Linux,cinnaproa.int.seas.wustl.edu,3.0.27,#1 SMP Tue Apr 17 10:58:24 CDT 2012,x86_64,7262744,597152,293024,122976,32883171328,25839362048,0,931663872,32777703424,32777703424,194,0,0,1,SCHED_OTHER,0,124608,122936,1,1.0136
65536,2,64,65536,2,64,524288,16,64,6291456,48,64,0,0,0,12, Six-Core AMD Opteron(tm) Processor 2431,2412481024,Linux,cinnaproa.int.seas.wustl.edu,3.0.27,#1 SMP Tue Apr 17 10:58:24 CDT 2012,x86_64,7262744,597152,293024,122976,32883171328,25839362048,0,931663872,32777703424,32777703424,194,0,0,1,SCHED_OTHER,0,584615,125022,99,4.6761
65536,2,64,65536,2,64,524288,16,64,6291456,48,64,0,0,0,12, Six-Core AMD Opteron(tm) Processor 2431,2412481024,Linux,cinnaproa.int.seas.wustl.edu,3.0.27,#1 SMP Tue Apr 17 10:58:24 CDT 2012,x86_64,7262744,597152,293024,122976,32883171328,25839362048,0,931663872,32777703424,32777703424,194,0,0,1,SCHED_OTHER,0,125617,123072,1,1.02068
65536,2,64,65536,2,64,524288,16,64,6291456,48,64,0,0,0,12, Six-Core AMD Opteron(tm) Processor 2431,2412481024,Linux,cinnaproa.int.seas.wustl.edu,3.0.27,#1 SMP Tue Apr 17 10:58:24 CDT 2012,x86_64,7262744,597152,293024,122976,32883171328,25839362048,0,931663872,32777703424,32777703424,194,0,0,1,SCHED_OTHER,0,129226,127317,0,1.01499
65536,2,64,65536,2,64,524288,16,64,6291456,48,64,0,0,0,12, Six-Core AMD Opteron(tm) Processor 2431,2412481024,Linux,cinnaproa.int.seas.wustl.edu,3.0.27,#1 SMP Tue Apr 17 10:58:24 CDT 2012,x86_64,7262744,597152,293024,122976,32883171328,25839362048,0,931663872,32777703424,32777703424,194,0,0,1,SCHED_OTHER,0,129500,128383,0,1.0087
65536,2,64,65536,2,64,524288,16,64,6291456,48,64,0,0,0,12, Six-Core AMD Opteron(tm) Processor 2431,2412481024,Linux,cinnaproa.int.seas.wustl.edu,3.0.27,#1 SMP Tue Apr 17 10:58:24 CDT 2012,x86_64,7262744,597152,293024,122976,32883171328,25839362048,0,931663872,32777703424,32777703424,194,0,0,1,SCHED_OTHER,0,129416,127507,0,1.01498
65536,2,64,65536,2,64,524288,16,64,6291456,48,64,0,0,0,12, Six-Core AMD Opteron(tm) Processor 2431,2412481024,Linux,cinnaproa.int.seas.wustl.edu,3.0.27,#1 SMP Tue Apr 17 10:58:24 CDT 2012,x86_64,7262749,612320,301216,126528,32883171328,25839939584,0,931672064,32777703424,32777703424,194,0,0,1,SCHED_OTHER,0,127596,128070,93,0.996299
65536,2,64,65536,2,64,524288,16,64,6291456,48,64,0,0,0,12, Six-Core AMD Opteron(tm) Processor 2431,2412481024,Linux,cinnaproa.int.seas.wustl.edu,3.0.27,#1 SMP Tue Apr 17 10:58:24 CDT 2012,x86_64,7262749,612320,301216,126528,32883171328,25839939584,0,931672064,32777703424,32777703424,194,0,0,1,SCHED_OTHER,0,133261,132440,23,1.0062
65536,2,64,65536,2,64,524288,16,64,6291456,48,64,0,0,0,12, Six-Core AMD Opteron(tm) Processor 2431,2412481024,Linux,cinnaproa.int.seas.wustl.edu,3.0.27,#1 SMP Tue Apr 17 10:58:24 CDT 2012,x86_64,7262749,612320,301216,126528,32883171328,25839939584,0,931672064,32777703424,32777703424,194,0,0,1,SCHED_OTHER,0,126957,127075,3,0.999077
65536,2,64,65536,2,64,524288,16,64,6291456,48,64,0,0,0,12, Six-Core AMD Opteron(tm) Processor 2431,2412481024,Linux,cinnaproa.int.seas.wustl.edu,3.0.27,#1 SMP Tue Apr 17 10:58:24 CDT 2012,x86_64,7262749,612320,301216,126528,32883171328,25839939584,0,931672064,32777703424,32777703424,194,0,0,1,SCHED_OTHER,0,123115,121065,0,1.01694
65536,2,64,65536,2,64,524288,16,64,6291456,48,64,0,0,0,12, Six-Core AMD Opteron(tm) Processor 2431,2412481024,Linux,cinnaproa.int.seas.wustl.edu,3.0.27,#1 SMP Tue Apr 17 10:58:24 CDT 2012,x86_64,7262749,612320,301216,126528,32883171328,25839939584,0,931672064,32777703424,32777703424,194,0,0,1,SCHED_OTHER,0,123336,121939,0,1.01146
65536,2,64,65536,2,64,524288,16,64,6291456,48,64,0,0,0,12, Six-Core AMD Opteron(tm) Processor 2431,2412481024,Linux,cinnaproa.int.seas.wustl.edu,3.0.27,#1 SMP Tue Apr 17 10:58:24 CDT 2012,x86_64,7262749,612320,301216,126528,32883171328,25839939584,0,931672064,32777703424,32777703424,194,0,0,1,SCHED_OTHER,0,122993,121099,0,1.01564
65536,2,64,65536,2,64,524288,16,64,6291456,48,64,0,0,0,12, Six-Core AMD Opteron(tm) Processor 2431,2412481024,Linux,cinnaproa.int.seas.wustl.edu,3.0.27,#1 SMP Tue Apr 17 10:58:24 CDT 2012,x86_64,7262754,626272,309280,130080,32883171328,25841684480,0,931672064,32777703424,32777703424,194,0,0,1,SCHED_OTHER,0,128165,127836,1,1.00257
65536,2,64,65536,2,64,524288,16,64,6291456,48,64,0,0,0,12, Six-Core AMD Opteron(tm) Processor 2431,2412481024,Linux,cinnaproa.int.seas.wustl.edu,3.0.27,#1 SMP Tue Apr 17 10:58:24 CDT 2012,x86_64,7262754,626272,309280,130080,32883171328,25841684480,0,931672064,32777703424,32777703424,194,0,0,1,SCHED_OTHER,0,131289,131062,22,1.00173
65536,2,64,65536,2,64,524288,16,64,6291456,48,64,0,0,0,12, Six-Core AMD Opteron(tm) Processor 2431,2412481024,Linux,cinnaproa.int.seas.wustl.edu,3.0.27,#1 SMP Tue Apr 17 10:58:24 CDT 2012,x86_64,7262754,626272,309280,130080,32883171328,25841684480,0,931672064,32777703424,32777703424,194,0,0,1,SCHED_OTHER,0,130136,129852,85,1.00219
65536,2,64,65536,2,64,524288,16,64,6291456,48,64,0,0,0,12, Six-Core AMD Opteron(tm) Processor 2431,2412481024,Linux,cinnaproa.int.seas.wustl.edu,3.0.27,#1 SMP Tue Apr 17 10:58:24 CDT 2012,x86_64,7262754,626272,309280,130080,32883171328,25841684480,0,931672064,32777703424,32777703424,194,0,0,1,SCHED_OTHER,0,123643,121907,0,1.01424
65536,2,64,65536,2,64,524288,16,64,6291456,48,64,0,0,0,12, Six-Core AMD Opteron(tm) Processor 2431,2412481024,Linux,cinnaproa.int.seas.wustl.edu,3.0.27,#1 SMP Tue Apr 17 10:58:24 CDT 2012,x86_64,7262754,626272,309280,130080,32883171328,25841684480,0,931672064,32777703424,32777703424,194,0,0,1,SCHED_OTHER,0,123937,122654,0,1.01047
65536,2,64,65536,2,64,524288,16,64,6291456,48,64,0,0,0,12, Six-Core AMD Opteron(tm) Processor 2431,2412481024,Linux,cinnaproa.int.seas.wustl.edu,3.0.27,#1 SMP Tue Apr 17 10:58:24 CDT 2012,x86_64,7262754,626272,309280,130080,32883171328,25841684480,0,931672064,32777703424,32777703424,194,0,0,1,SCHED_OTHER,0,123648,121882,0,1.0145
65536,2,64,65536,2,64,524288,16,64,6291456,48,64,0,0,0,12, Six-Core AMD Opteron(tm) Processor 2431,2412481024,Linux,cinnaproa.int.seas.wustl.edu,3.0.27,#1 SMP Tue Apr 17 10:58:24 CDT 2012,x86_64,7262760,639104,317216,133600,32883171328,25839464448,0,931680256,32777703424,32777703424,194,0,0,1,SCHED_OTHER,0,124396,123268,3,1.00915
65536,2,64,65536,2,64,524288,16,64,6291456,48,64,0,0,0,12, Six-Core AMD Opteron(tm) Processor 2431,2412481024,Linux,cinnaproa.int.seas.wustl.edu,3.0.27,#1 SMP Tue Apr 17 10:58:24 CDT 2012,x86_64,7262760,639104,317216,133600,32883171328,25839464448,0,931680256,32777703424,32777703424,194,0,0,1,SCHED_OTHER,0,128743,124868,99,1.03103
65536,2,64,65536,2,64,524288,16,64,6291456,48,64,0,0,0,12, Six-Core AMD Opteron(tm) Processor 2431,2412481024,Linux,cinnaproa.int.seas.wustl.edu,3.0.27,#1 SMP Tue Apr 17 10:58:24 CDT 2012,x86_64,7262760,639104,317216,133600,32883171328,25839464448,0,931680256,32777703424,32777703424,194,0,0,1,SCHED_OTHER,0,124257,123256,3,1.00812
65536,2,64,65536,2,64,524288,16,64,6291456,48,64,0,0,0,12, Six-Core AMD Opteron(tm) Processor 2431,2412481024,Linux,cinnaproa.int.seas.wustl.edu,3.0.27,#1 SMP Tue Apr 17 10:58:24 CDT 2012,x86_64,7262760,639104,317216,133600,32883171328,25839464448,0,931680256,32777703424,32777703424,194,0,0,1,SCHED_OTHER,0,129172,127190,0,1.01559
65536,2,64,65536,2,64,524288,16,64,6291456,48,64,0,0,0,12, Six-Core AMD Opteron(tm) Processor 2431,2412481024,Linux,cinnaproa.int.seas.wustl.edu,3.0.27,#1 SMP Tue Apr 17 10:58:24 CDT 2012,x86_64,7262760,639104,317216,133600,32883171328,25839464448,0,931680256,32777703424,32777703424,194,0,0,1,SCHED_OTHER,0,129429,128385,0,1.00814
65536,2,64,65536,2,64,524288,16,64,6291456,48,64,0,0,0,12, Six-Core AMD Opteron(tm) Processor 2431,2412481024,Linux,cinnaproa.int.seas.wustl.edu,3.0.27,#1 SMP Tue Apr 17 10:58:24 CDT 2012,x86_64,7262760,639104,317216,133600,32883171328,25839464448,0,931680256,32777703424,32777703424,194,0,0,1,SCHED_OTHER,0,129317,127430,0,1.01481
