32768,8,64,32768,8,64,262144,8,64,6291456,12,64,0,0,0,4,0,0,0,0,0,0,0,0,0,0,0,0,0,0,0,0,0,0,1,0,3100000000,1,0,rex.seas.wustl.edu,0,0,0,0,0,0,0,0,0,0,1,#1 SMP Fri Apr 4 00:51:59 UTC 2014,0,0,0,1,8141350,387616,520800,343584,8327553024,7740661760,0,8400896,8472489984,7627821056,333,0,0,1,1,0,0,0,0,0,1.39988981117323803e-05,0,0,0,0.00120389804127293557,179
32768,8,64,32768,8,64,262144,8,64,6291456,12,64,0,0,0,4,0,0,0,0,0,0,0,0,0,0,0,0,0,0,0,0,0,0,1,0,3100000000,1,0,rex.seas.wustl.edu,0,0,0,0,0,0,0,0,0,0,1,#1 SMP Fri Apr 4 00:51:59 UTC 2014,0,0,0,1,8141350,387616,520800,343584,8327553024,7740661760,0,8400896,8472489984,7627821056,333,0,0,1,1,0,0,0,0,0,1.39980035697358753e-05,0,0,0,0.00120183171171181998,333
32768,8,64,32768,8,64,262144,8,64,6291456,12,64,0,0,0,4,0,0,0,0,0,0,0,0,0,0,0,0,0,0,0,0,0,0,1,0,3100000000,1,0,rex.seas.wustl.edu,0,0,0,0,0,0,0,0,0,0,1,#1 SMP Fri Apr 4 00:51:59 UTC 2014,0,0,0,1,8141350,387616,520800,343584,8327553024,7740661760,0,8400896,8472489984,7627821056,333,0,0,1,1,0,0,0,0,0,1.39728721577562418e-05,0,0,0,0.00121730156805179862,260
32768,8,64,32768,8,64,262144,8,64,6291456,12,64,0,0,0,4,0,0,0,0,0,0,0,0,0,0,0,0,0,0,0,0,0,0,1,0,3100000000,1,0,rex.seas.wustl.edu,0,0,0,0,0,0,0,0,0,0,1,#1 SMP Fri Apr 4 00:51:59 UTC 2014,0,0,0,1,8141350,387616,520800,343584,8327553024,7740661760,0,8400896,8472489984,7627821056,333,0,0,1,1,0,0,0,0,0,1.38341833401432101e-05,0,0,0,0.00116307368973206562,240
32768,8,64,32768,8,64,262144,8,64,6291456,12,64,0,0,0,4,0,0,0,0,0,0,0,0,0,0,0,0,0,0,0,0,0,0,1,0,3100000000,1,0,rex.seas.wustl.edu,0,0,0,0,0,0,0,0,0,0,1,#1 SMP Fri Apr 4 00:51:59 UTC 2014,0,0,0,1,8141350,387616,520800,343584,8327553024,7740661760,0,8400896,8472489984,7627821056,333,0,0,1,1,0,0,0,0,0,7.02581830144870617e-07,0,0,0,3.00110140421534703e-07,245
32768,8,64,32768,8,64,262144,8,64,6291456,12,64,0,0,0,4,0,0,0,0,0,0,0,0,0,0,0,0,0,0,0,0,0,0,1,0,3100000000,1,0,rex.seas.wustl.edu,0,0,0,0,0,0,0,0,0,0,1,#1 SMP Fri Apr 4 00:51:59 UTC 2014,0,0,0,1,8141350,387616,520800,343584,8327553024,7740661760,0,8400896,8472489984,7627821056,333,0,0,1,1,0,0,0,0,0,7.34276591161310746e-07,0,0,0,2.9932927792049964e-07,283
32768,8,64,32768,8,64,262144,8,64,6291456,12,64,0,0,0,4,0,0,0,0,0,0,0,0,0,0,0,0,0,0,0,0,0,0,1,0,3100000000,1,0,rex.seas.wustl.edu,0,0,0,0,0,0,0,0,0,0,1,#1 SMP Fri Apr 4 00:51:59 UTC 2014,0,0,0,1,8141350,387616,520800,343584,8327553024,7740661760,0,8400896,8472489984,7627821056,333,0,0,1,1,0,0,0,0,0,7.10659510680723867e-07,0,0,0,2.97032276269720158e-07,192
32768,8,64,32768,8,64,262144,8,64,6291456,12,64,0,0,0,4,0,0,0,0,0,0,0,0,0,0,0,0,0,0,0,0,0,0,1,0,3100000000,1,0,rex.seas.wustl.edu,0,0,0,0,0,0,0,0,0,0,1,#1 SMP Fri Apr 4 00:51:59 UTC 2014,0,0,0,1,8141350,387616,520800,343584,8327553024,7740661760,0,8400896,8472489984,7627821056,333,0,0,1,1,0,0,0,0,0,6.97273547123794556e-07,0,0,0,2.9601573915685097e-07,194
32768,8,64,32768,8,64,262144,8,64,6291456,12,64,0,0,0,4,0,0,0,0,0,0,0,0,0,0,0,0,0,0,0,0,0,0,1,0,3100000000,1,0,rex.seas.wustl.edu,0,0,0,0,0,0,0,0,0,0,1,#1 SMP Fri Apr 4 00:51:59 UTC 2014,0,0,0,1,8141369,530816,545344,355456,8327553024,7738179584,0,8400896,8472489984,7627874304,333,0,0,1,1,0,0,0,0,0,1.39988981117323803e-05,0,0,0,0.00120389804127293557,379
32768,8,64,32768,8,64,262144,8,64,6291456,12,64,0,0,0,4,0,0,0,0,0,0,0,0,0,0,0,0,0,0,0,0,0,0,1,0,3100000000,1,0,rex.seas.wustl.edu,0,0,0,0,0,0,0,0,0,0,1,#1 SMP Fri Apr 4 00:51:59 UTC 2014,0,0,0,1,8141369,530816,545344,355456,8327553024,7738179584,0,8400896,8472489984,7627874304,333,0,0,1,1,0,0,0,0,0,1.39980035697358753e-05,0,0,0,0.00120183171171181998,97
32768,8,64,32768,8,64,262144,8,64,6291456,12,64,0,0,0,4,0,0,0,0,0,0,0,0,0,0,0,0,0,0,0,0,0,0,1,0,3100000000,1,0,rex.seas.wustl.edu,0,0,0,0,0,0,0,0,0,0,1,#1 SMP Fri Apr 4 00:51:59 UTC 2014,0,0,0,1,8141369,530816,545344,355456,8327553024,7738179584,0,8400896,8472489984,7627874304,333,0,0,1,1,0,0,0,0,0,1.39728721577562418e-05,0,0,0,0.00121730156805179862,321
32768,8,64,32768,8,64,262144,8,64,6291456,12,64,0,0,0,4,0,0,0,0,0,0,0,0,0,0,0,0,0,0,0,0,0,0,1,0,3100000000,1,0,rex.seas.wustl.edu,0,0,0,0,0,0,0,0,0,0,1,#1 SMP Fri Apr 4 00:51:59 UTC 2014,0,0,0,1,8141369,530816,545344,355456,8327553024,7738179584,0,8400896,8472489984,7627874304,333,0,0,1,1,0,0,0,0,0,1.38341833401432101e-05,0,0,0,0.00116307368973206562,330
32768,8,64,32768,8,64,262144,8,64,6291456,12,64,0,0,0,4,0,0,0,0,0,0,0,0,0,0,0,0,0,0,0,0,0,0,1,0,3100000000,1,0,rex.seas.wustl.edu,0,0,0,0,0,0,0,0,0,0,1,#1 SMP Fri Apr 4 00:51:59 UTC 2014,0,0,0,1,8141369,530816,545344,355456,8327553024,7738179584,0,8400896,8472489984,7627874304,333,0,0,1,1,0,0,0,0,0,7.02581830144870617e-07,0,0,0,3.00110140421534703e-07,314
32768,8,64,32768,8,64,262144,8,64,6291456,12,64,0,0,0,4,0,0,0,0,0,0,0,0,0,0,0,0,0,0,0,0,0,0,1,0,3100000000,1,0,rex.seas.wustl.edu,0,0,0,0,0,0,0,0,0,0,1,#1 SMP Fri Apr 4 00:51:59 UTC 2014,0,0,0,1,8141369,530816,545344,355456,8327553024,7738179584,0,8400896,8472489984,7627874304,333,0,0,1,1,0,0,0,0,0,7.34276591161310746e-07,0,0,0,2.9932927792049964e-07,169
32768,8,64,32768,8,64,262144,8,64,6291456,12,64,0,0,0,4,0,0,0,0,0,0,0,0,0,0,0,0,0,0,0,0,0,0,1,0,3100000000,1,0,rex.seas.wustl.edu,0,0,0,0,0,0,0,0,0,0,1,#1 SMP Fri Apr 4 00:51:59 UTC 2014,0,0,0,1,8141369,530816,545344,355456,8327553024,7738179584,0,8400896,8472489984,7627874304,333,0,0,1,1,0,0,0,0,0,7.10659510680723867e-07,0,0,0,2.97032276269720158e-07,270
32768,8,64,32768,8,64,262144,8,64,6291456,12,64,0,0,0,4,0,0,0,0,0,0,0,0,0,0,0,0,0,0,0,0,0,0,1,0,3100000000,1,0,rex.seas.wustl.edu,0,0,0,0,0,0,0,0,0,0,1,#1 SMP Fri Apr 4 00:51:59 UTC 2014,0,0,0,1,8141369,530816,545344,355456,8327553024,7738179584,0,8400896,8472489984,7627874304,333,0,0,1,1,0,0,0,0,0,6.97273547123794556e-07,0,0,0,2.9601573915685097e-07,184
32768,8,64,32768,8,64,262144,8,64,6291456,12,64,0,0,0,4,0,0,0,0,0,0,0,0,0,0,0,0,0,0,0,0,0,0,1,0,3100000000,1,0,rex.seas.wustl.edu,0,0,0,0,0,0,0,0,0,0,1,#1 SMP Fri Apr 4 00:51:59 UTC 2014,0,0,0,1,8141387,620512,564608,364800,8327553024,7736877056,0,8421376,8472489984,7627874304,331,0,0,1,1,0,0,0,0,0,1.39988981117323803e-05,0,0,0,0.00120389804127293557,410
32768,8,64,32768,8,64,262144,8,64,6291456,12,64,0,0,0,4,0,0,0,0,0,0,0,0,0,0,0,0,0,0,0,0,0,0,1,0,3100000000,1,0,rex.seas.wustl.edu,0,0,0,0,0,0,0,0,0,0,1,#1 SMP Fri Apr 4 00:51:59 UTC 2014,0,0,0,1,8141387,620512,564608,364800,8327553024,7736877056,0,8421376,8472489984,7627874304,331,0,0,1,1,0,0,0,0,0,1.39980035697358753e-05,0,0,0,0.00120183171171181998,303
32768,8,64,32768,8,64,262144,8,64,6291456,12,64,0,0,0,4,0,0,0,0,0,0,0,0,0,0,0,0,0,0,0,0,0,0,1,0,3100000000,1,0,rex.seas.wustl.edu,0,0,0,0,0,0,0,0,0,0,1,#1 SMP Fri Apr 4 00:51:59 UTC 2014,0,0,0,1,8141387,620512,564608,364800,8327553024,7736877056,0,8421376,8472489984,7627874304,331,0,0,1,1,0,0,0,0,0,1.39728721577562418e-05,0,0,0,0.00121730156805179862,361
32768,8,64,32768,8,64,262144,8,64,6291456,12,64,0,0,0,4,0,0,0,0,0,0,0,0,0,0,0,0,0,0,0,0,0,0,1,0,3100000000,1,0,rex.seas.wustl.edu,0,0,0,0,0,0,0,0,0,0,1,#1 SMP Fri Apr 4 00:51:59 UTC 2014,0,0,0,1,8141387,620512,564608,364800,8327553024,7736877056,0,8421376,8472489984,7627874304,331,0,0,1,1,0,0,0,0,0,1.38341833401432101e-05,0,0,0,0.00116307368973206562,213
32768,8,64,32768,8,64,262144,8,64,6291456,12,64,0,0,0,4,0,0,0,0,0,0,0,0,0,0,0,0,0,0,0,0,0,0,1,0,3100000000,1,0,rex.seas.wustl.edu,0,0,0,0,0,0,0,0,0,0,1,#1 SMP Fri Apr 4 00:51:59 UTC 2014,0,0,0,1,8141387,620512,564608,364800,8327553024,7736877056,0,8421376,8472489984,7627874304,331,0,0,1,1,0,0,0,0,0,7.02581830144870617e-07,0,0,0,3.00110140421534703e-07,137
32768,8,64,32768,8,64,262144,8,64,6291456,12,64,0,0,0,4,0,0,0,0,0,0,0,0,0,0,0,0,0,0,0,0,0,0,1,0,3100000000,1,0,rex.seas.wustl.edu,0,0,0,0,0,0,0,0,0,0,1,#1 SMP Fri Apr 4 00:51:59 UTC 2014,0,0,0,1,8141387,620512,564608,364800,8327553024,7736877056,0,8421376,8472489984,7627874304,331,0,0,1,1,0,0,0,0,0,7.34276591161310746e-07,0,0,0,2.9932927792049964e-07,247
32768,8,64,32768,8,64,262144,8,64,6291456,12,64,0,0,0,4,0,0,0,0,0,0,0,0,0,0,0,0,0,0,0,0,0,0,1,0,3100000000,1,0,rex.seas.wustl.edu,0,0,0,0,0,0,0,0,0,0,1,#1 SMP Fri Apr 4 00:51:59 UTC 2014,0,0,0,1,8141387,620512,564608,364800,8327553024,7736877056,0,8421376,8472489984,7627874304,331,0,0,1,1,0,0,0,0,0,7.10659510680723867e-07,0,0,0,2.97032276269720158e-07,314
32768,8,64,32768,8,64,262144,8,64,6291456,12,64,0,0,0,4,0,0,0,0,0,0,0,0,0,0,0,0,0,0,0,0,0,0,1,0,3100000000,1,0,rex.seas.wustl.edu,0,0,0,0,0,0,0,0,0,0,1,#1 SMP Fri Apr 4 00:51:59 UTC 2014,0,0,0,1,8141387,620512,564608,364800,8327553024,7736877056,0,8421376,8472489984,7627874304,331,0,0,1,1,0,0,0,0,0,6.97273547123794556e-07,0,0,0,2.9601573915685097e-07,19
32768,8,64,32768,8,64,262144,8,64,6291456,12,64,0,0,0,4,0,0,0,0,0,0,0,0,0,0,0,0,0,0,0,0,0,0,1,0,3099877888,1,0,rex.seas.wustl.edu,0,0,0,0,0,0,0,0,0,0,1,#1 SMP Fri Apr 4 00:51:59 UTC 2014,0,0,0,1,8141408,647264,572960,371744,8327553024,7736709120,0,8421376,8472489984,7627874304,332,0,0,1,1,0,0,0,0,0,1.39988981117323803e-05,0,0,0,0.00120389804127293557,300
32768,8,64,32768,8,64,262144,8,64,6291456,12,64,0,0,0,4,0,0,0,0,0,0,0,0,0,0,0,0,0,0,0,0,0,0,1,0,3099877888,1,0,rex.seas.wustl.edu,0,0,0,0,0,0,0,0,0,0,1,#1 SMP Fri Apr 4 00:51:59 UTC 2014,0,0,0,1,8141408,647264,572960,371744,8327553024,7736709120,0,8421376,8472489984,7627874304,332,0,0,1,1,0,0,0,0,0,1.39980035697358753e-05,0,0,0,0.00120183171171181998,264
32768,8,64,32768,8,64,262144,8,64,6291456,12,64,0,0,0,4,0,0,0,0,0,0,0,0,0,0,0,0,0,0,0,0,0,0,1,0,3099877888,1,0,rex.seas.wustl.edu,0,0,0,0,0,0,0,0,0,0,1,#1 SMP Fri Apr 4 00:51:59 UTC 2014,0,0,0,1,8141408,647264,572960,371744,8327553024,7736709120,0,8421376,8472489984,7627874304,332,0,0,1,1,0,0,0,0,0,1.39728721577562418e-05,0,0,0,0.00121730156805179862,260
32768,8,64,32768,8,64,262144,8,64,6291456,12,64,0,0,0,4,0,0,0,0,0,0,0,0,0,0,0,0,0,0,0,0,0,0,1,0,3099877888,1,0,rex.seas.wustl.edu,0,0,0,0,0,0,0,0,0,0,1,#1 SMP Fri Apr 4 00:51:59 UTC 2014,0,0,0,1,8141408,647264,572960,371744,8327553024,7736709120,0,8421376,8472489984,7627874304,332,0,0,1,1,0,0,0,0,0,1.38341833401432101e-05,0,0,0,0.00116307368973206562,306
32768,8,64,32768,8,64,262144,8,64,6291456,12,64,0,0,0,4,0,0,0,0,0,0,0,0,0,0,0,0,0,0,0,0,0,0,1,0,3099877888,1,0,rex.seas.wustl.edu,0,0,0,0,0,0,0,0,0,0,1,#1 SMP Fri Apr 4 00:51:59 UTC 2014,0,0,0,1,8141408,647264,572960,371744,8327553024,7736709120,0,8421376,8472489984,7627874304,332,0,0,1,1,0,0,0,0,0,7.02581830144870617e-07,0,0,0,3.00110140421534703e-07,175
32768,8,64,32768,8,64,262144,8,64,6291456,12,64,0,0,0,4,0,0,0,0,0,0,0,0,0,0,0,0,0,0,0,0,0,0,1,0,3099877888,1,0,rex.seas.wustl.edu,0,0,0,0,0,0,0,0,0,0,1,#1 SMP Fri Apr 4 00:51:59 UTC 2014,0,0,0,1,8141408,647264,572960,371744,8327553024,7736709120,0,8421376,8472489984,7627874304,332,0,0,1,1,0,0,0,0,0,7.34276591161310746e-07,0,0,0,2.9932927792049964e-07,241
32768,8,64,32768,8,64,262144,8,64,6291456,12,64,0,0,0,4,0,0,0,0,0,0,0,0,0,0,0,0,0,0,0,0,0,0,1,0,3099877888,1,0,rex.seas.wustl.edu,0,0,0,0,0,0,0,0,0,0,1,#1 SMP Fri Apr 4 00:51:59 UTC 2014,0,0,0,1,8141408,647264,572960,371744,8327553024,7736709120,0,8421376,8472489984,7627874304,332,0,0,1,1,0,0,0,0,0,7.10659510680723867e-07,0,0,0,2.97032276269720158e-07,218
32768,8,64,32768,8,64,262144,8,64,6291456,12,64,0,0,0,4,0,0,0,0,0,0,0,0,0,0,0,0,0,0,0,0,0,0,1,0,3099877888,1,0,rex.seas.wustl.edu,0,0,0,0,0,0,0,0,0,0,1,#1 SMP Fri Apr 4 00:51:59 UTC 2014,0,0,0,1,8141408,647264,572960,371744,8327553024,7736709120,0,8421376,8472489984,7627874304,332,0,0,1,1,0,0,0,0,0,6.97273547123794556e-07,0,0,0,2.9601573915685097e-07,287
32768,8,64,32768,8,64,262144,8,64,6291456,12,64,0,0,0,4,0,0,0,0,0,0,0,0,0,0,0,0,0,0,0,0,0,0,1,0,3099877888,1,0,rex.seas.wustl.edu,0,0,0,0,0,0,0,0,0,0,1,#1 SMP Fri Apr 4 00:51:59 UTC 2014,0,0,0,1,8141432,670464,583136,380352,8327553024,7736995840,0,8429568,8472489984,7627886592,332,0,0,1,1,0,0,0,0,0,1.39988981117323803e-05,0,0,0,0.00120389804127293557,306
32768,8,64,32768,8,64,262144,8,64,6291456,12,64,0,0,0,4,0,0,0,0,0,0,0,0,0,0,0,0,0,0,0,0,0,0,1,0,3099877888,1,0,rex.seas.wustl.edu,0,0,0,0,0,0,0,0,0,0,1,#1 SMP Fri Apr 4 00:51:59 UTC 2014,0,0,0,1,8141432,670464,583136,380352,8327553024,7736995840,0,8429568,8472489984,7627886592,332,0,0,1,1,0,0,0,0,0,1.39980035697358753e-05,0,0,0,0.00120183171171181998,177
32768,8,64,32768,8,64,262144,8,64,6291456,12,64,0,0,0,4,0,0,0,0,0,0,0,0,0,0,0,0,0,0,0,0,0,0,1,0,3099877888,1,0,rex.seas.wustl.edu,0,0,0,0,0,0,0,0,0,0,1,#1 SMP Fri Apr 4 00:51:59 UTC 2014,0,0,0,1,8141432,670464,583136,380352,8327553024,7736995840,0,8429568,8472489984,7627886592,332,0,0,1,1,0,0,0,0,0,1.39728721577562418e-05,0,0,0,0.00121730156805179862,270
32768,8,64,32768,8,64,262144,8,64,6291456,12,64,0,0,0,4,0,0,0,0,0,0,0,0,0,0,0,0,0,0,0,0,0,0,1,0,3099877888,1,0,rex.seas.wustl.edu,0,0,0,0,0,0,0,0,0,0,1,#1 SMP Fri Apr 4 00:51:59 UTC 2014,0,0,0,1,8141432,670464,583136,380352,8327553024,7736995840,0,8429568,8472489984,7627886592,332,0,0,1,1,0,0,0,0,0,1.38341833401432101e-05,0,0,0,0.00116307368973206562,281
32768,8,64,32768,8,64,262144,8,64,6291456,12,64,0,0,0,4,0,0,0,0,0,0,0,0,0,0,0,0,0,0,0,0,0,0,1,0,3099877888,1,0,rex.seas.wustl.edu,0,0,0,0,0,0,0,0,0,0,1,#1 SMP Fri Apr 4 00:51:59 UTC 2014,0,0,0,1,8141432,670464,583136,380352,8327553024,7736995840,0,8429568,8472489984,7627886592,332,0,0,1,1,0,0,0,0,0,7.02581830144870617e-07,0,0,0,3.00110140421534703e-07,138
32768,8,64,32768,8,64,262144,8,64,6291456,12,64,0,0,0,4,0,0,0,0,0,0,0,0,0,0,0,0,0,0,0,0,0,0,1,0,3099877888,1,0,rex.seas.wustl.edu,0,0,0,0,0,0,0,0,0,0,1,#1 SMP Fri Apr 4 00:51:59 UTC 2014,0,0,0,1,8141432,670464,583136,380352,8327553024,7736995840,0,8429568,8472489984,7627886592,332,0,0,1,1,0,0,0,0,0,7.34276591161310746e-07,0,0,0,2.9932927792049964e-07,174
32768,8,64,32768,8,64,262144,8,64,6291456,12,64,0,0,0,4,0,0,0,0,0,0,0,0,0,0,0,0,0,0,0,0,0,0,1,0,3099877888,1,0,rex.seas.wustl.edu,0,0,0,0,0,0,0,0,0,0,1,#1 SMP Fri Apr 4 00:51:59 UTC 2014,0,0,0,1,8141432,670464,583136,380352,8327553024,7736995840,0,8429568,8472489984,7627886592,332,0,0,1,1,0,0,0,0,0,7.10659510680723867e-07,0,0,0,2.97032276269720158e-07,164
32768,8,64,32768,8,64,262144,8,64,6291456,12,64,0,0,0,4,0,0,0,0,0,0,0,0,0,0,0,0,0,0,0,0,0,0,1,0,3099877888,1,0,rex.seas.wustl.edu,0,0,0,0,0,0,0,0,0,0,1,#1 SMP Fri Apr 4 00:51:59 UTC 2014,0,0,0,1,8141432,670464,583136,380352,8327553024,7736995840,0,8429568,8472489984,7627886592,332,0,0,1,1,0,0,0,0,0,6.97273547123794556e-07,0,0,0,2.9601573915685097e-07,268
32768,8,64,32768,8,64,262144,8,64,6291456,12,64,0,0,0,4,0,0,0,0,0,0,0,0,0,0,0,0,0,0,0,0,0,0,1,0,3100000000,1,0,rex.seas.wustl.edu,0,0,0,0,0,0,0,0,0,0,1,#1 SMP Fri Apr 4 00:51:59 UTC 2014,0,0,0,1,8141454,746848,608768,394272,8327553024,7734624256,0,8433664,8472489984,7627886592,331,0,0,1,1,0,0,0,0,0,1.39988981117323803e-05,0,0,0,0.00120389804127293557,269
32768,8,64,32768,8,64,262144,8,64,6291456,12,64,0,0,0,4,0,0,0,0,0,0,0,0,0,0,0,0,0,0,0,0,0,0,1,0,3100000000,1,0,rex.seas.wustl.edu,0,0,0,0,0,0,0,0,0,0,1,#1 SMP Fri Apr 4 00:51:59 UTC 2014,0,0,0,1,8141454,746848,608768,394272,8327553024,7734624256,0,8433664,8472489984,7627886592,331,0,0,1,1,0,0,0,0,0,1.39980035697358753e-05,0,0,0,0.00120183171171181998,290
32768,8,64,32768,8,64,262144,8,64,6291456,12,64,0,0,0,4,0,0,0,0,0,0,0,0,0,0,0,0,0,0,0,0,0,0,1,0,3100000000,1,0,rex.seas.wustl.edu,0,0,0,0,0,0,0,0,0,0,1,#1 SMP Fri Apr 4 00:51:59 UTC 2014,0,0,0,1,8141454,746848,608768,394272,8327553024,7734624256,0,8433664,8472489984,7627886592,331,0,0,1,1,0,0,0,0,0,1.39728721577562418e-05,0,0,0,0.00121730156805179862,385
32768,8,64,32768,8,64,262144,8,64,6291456,12,64,0,0,0,4,0,0,0,0,0,0,0,0,0,0,0,0,0,0,0,0,0,0,1,0,3100000000,1,0,rex.seas.wustl.edu,0,0,0,0,0,0,0,0,0,0,1,#1 SMP Fri Apr 4 00:51:59 UTC 2014,0,0,0,1,8141454,746848,608768,394272,8327553024,7734624256,0,8433664,8472489984,7627886592,331,0,0,1,1,0,0,0,0,0,1.38341833401432101e-05,0,0,0,0.00116307368973206562,345
32768,8,64,32768,8,64,262144,8,64,6291456,12,64,0,0,0,4,0,0,0,0,0,0,0,0,0,0,0,0,0,0,0,0,0,0,1,0,3100000000,1,0,rex.seas.wustl.edu,0,0,0,0,0,0,0,0,0,0,1,#1 SMP Fri Apr 4 00:51:59 UTC 2014,0,0,0,1,8141454,746848,608768,394272,8327553024,7734624256,0,8433664,8472489984,7627886592,331,0,0,1,1,0,0,0,0,0,7.02581830144870617e-07,0,0,0,3.00110140421534703e-07,265
32768,8,64,32768,8,64,262144,8,64,6291456,12,64,0,0,0,4,0,0,0,0,0,0,0,0,0,0,0,0,0,0,0,0,0,0,1,0,3100000000,1,0,rex.seas.wustl.edu,0,0,0,0,0,0,0,0,0,0,1,#1 SMP Fri Apr 4 00:51:59 UTC 2014,0,0,0,1,8141454,746848,608768,394272,8327553024,7734624256,0,8433664,8472489984,7627886592,331,0,0,1,1,0,0,0,0,0,7.34276591161310746e-07,0,0,0,2.9932927792049964e-07,258
32768,8,64,32768,8,64,262144,8,64,6291456,12,64,0,0,0,4,0,0,0,0,0,0,0,0,0,0,0,0,0,0,0,0,0,0,1,0,3100000000,1,0,rex.seas.wustl.edu,0,0,0,0,0,0,0,0,0,0,1,#1 SMP Fri Apr 4 00:51:59 UTC 2014,0,0,0,1,8141454,746848,608768,394272,8327553024,7734624256,0,8433664,8472489984,7627886592,331,0,0,1,1,0,0,0,0,0,7.10659510680723867e-07,0,0,0,2.97032276269720158e-07,262
32768,8,64,32768,8,64,262144,8,64,6291456,12,64,0,0,0,4,0,0,0,0,0,0,0,0,0,0,0,0,0,0,0,0,0,0,1,0,3100000000,1,0,rex.seas.wustl.edu,0,0,0,0,0,0,0,0,0,0,1,#1 SMP Fri Apr 4 00:51:59 UTC 2014,0,0,0,1,8141454,746848,608768,394272,8327553024,7734624256,0,8433664,8472489984,7627886592,331,0,0,1,1,0,0,0,0,0,6.97273547123794556e-07,0,0,0,2.9601573915685097e-07,107
32768,8,64,32768,8,64,262144,8,64,6291456,12,64,0,0,0,4,0,0,0,0,0,0,0,0,0,0,0,0,0,0,0,0,0,0,1,0,3099877888,1,0,rex.seas.wustl.edu,0,0,0,0,0,0,0,0,0,0,1,#1 SMP Fri Apr 4 00:51:59 UTC 2014,0,0,0,1,8141476,798560,629760,405760,8327553024,7735025664,0,8716288,8472489984,7628148736,331,0,0,1,1,0,0,0,0,0,1.39988981117323803e-05,0,0,0,0.00120389804127293557,406
32768,8,64,32768,8,64,262144,8,64,6291456,12,64,0,0,0,4,0,0,0,0,0,0,0,0,0,0,0,0,0,0,0,0,0,0,1,0,3099877888,1,0,rex.seas.wustl.edu,0,0,0,0,0,0,0,0,0,0,1,#1 SMP Fri Apr 4 00:51:59 UTC 2014,0,0,0,1,8141476,798560,629760,405760,8327553024,7735025664,0,8716288,8472489984,7628148736,331,0,0,1,1,0,0,0,0,0,1.39980035697358753e-05,0,0,0,0.00120183171171181998,421
32768,8,64,32768,8,64,262144,8,64,6291456,12,64,0,0,0,4,0,0,0,0,0,0,0,0,0,0,0,0,0,0,0,0,0,0,1,0,3099877888,1,0,rex.seas.wustl.edu,0,0,0,0,0,0,0,0,0,0,1,#1 SMP Fri Apr 4 00:51:59 UTC 2014,0,0,0,1,8141476,798560,629760,405760,8327553024,7735025664,0,8716288,8472489984,7628148736,331,0,0,1,1,0,0,0,0,0,1.39728721577562418e-05,0,0,0,0.00121730156805179862,288
32768,8,64,32768,8,64,262144,8,64,6291456,12,64,0,0,0,4,0,0,0,0,0,0,0,0,0,0,0,0,0,0,0,0,0,0,1,0,3099877888,1,0,rex.seas.wustl.edu,0,0,0,0,0,0,0,0,0,0,1,#1 SMP Fri Apr 4 00:51:59 UTC 2014,0,0,0,1,8141476,798560,629760,405760,8327553024,7735025664,0,8716288,8472489984,7628148736,331,0,0,1,1,0,0,0,0,0,1.38341833401432101e-05,0,0,0,0.00116307368973206562,3
32768,8,64,32768,8,64,262144,8,64,6291456,12,64,0,0,0,4,0,0,0,0,0,0,0,0,0,0,0,0,0,0,0,0,0,0,1,0,3099877888,1,0,rex.seas.wustl.edu,0,0,0,0,0,0,0,0,0,0,1,#1 SMP Fri Apr 4 00:51:59 UTC 2014,0,0,0,1,8141476,798560,629760,405760,8327553024,7735025664,0,8716288,8472489984,7628148736,331,0,0,1,1,0,0,0,0,0,7.02581830144870617e-07,0,0,0,3.00110140421534703e-07,267
32768,8,64,32768,8,64,262144,8,64,6291456,12,64,0,0,0,4,0,0,0,0,0,0,0,0,0,0,0,0,0,0,0,0,0,0,1,0,3099877888,1,0,rex.seas.wustl.edu,0,0,0,0,0,0,0,0,0,0,1,#1 SMP Fri Apr 4 00:51:59 UTC 2014,0,0,0,1,8141476,798560,629760,405760,8327553024,7735025664,0,8716288,8472489984,7628148736,331,0,0,1,1,0,0,0,0,0,7.34276591161310746e-07,0,0,0,2.9932927792049964e-07,291
32768,8,64,32768,8,64,262144,8,64,6291456,12,64,0,0,0,4,0,0,0,0,0,0,0,0,0,0,0,0,0,0,0,0,0,0,1,0,3099877888,1,0,rex.seas.wustl.edu,0,0,0,0,0,0,0,0,0,0,1,#1 SMP Fri Apr 4 00:51:59 UTC 2014,0,0,0,1,8141476,798560,629760,405760,8327553024,7735025664,0,8716288,8472489984,7628148736,331,0,0,1,1,0,0,0,0,0,7.10659510680723867e-07,0,0,0,2.97032276269720158e-07,257
32768,8,64,32768,8,64,262144,8,64,6291456,12,64,0,0,0,4,0,0,0,0,0,0,0,0,0,0,0,0,0,0,0,0,0,0,1,0,3099877888,1,0,rex.seas.wustl.edu,0,0,0,0,0,0,0,0,0,0,1,#1 SMP Fri Apr 4 00:51:59 UTC 2014,0,0,0,1,8141476,798560,629760,405760,8327553024,7735025664,0,8716288,8472489984,7628148736,331,0,0,1,1,0,0,0,0,0,6.97273547123794556e-07,0,0,0,2.9601573915685097e-07,231
32768,8,64,32768,8,64,262144,8,64,6291456,12,64,0,0,0,4,0,0,0,0,0,0,0,0,0,0,0,0,0,0,0,0,0,0,1,0,3100000000,1,0,rex.seas.wustl.edu,0,0,0,0,0,0,0,0,0,0,1,#1 SMP Fri Apr 4 00:51:59 UTC 2014,0,0,0,1,8141497,840448,650432,417344,8327553024,7728152576,0,9048064,8472489984,7630245888,330,0,0,1,1,0,0,0,0,0,1.39988981117323803e-05,0,0,0,0.00120389804127293557,372
32768,8,64,32768,8,64,262144,8,64,6291456,12,64,0,0,0,4,0,0,0,0,0,0,0,0,0,0,0,0,0,0,0,0,0,0,1,0,3100000000,1,0,rex.seas.wustl.edu,0,0,0,0,0,0,0,0,0,0,1,#1 SMP Fri Apr 4 00:51:59 UTC 2014,0,0,0,1,8141497,840448,650432,417344,8327553024,7728152576,0,9048064,8472489984,7630245888,330,0,0,1,1,0,0,0,0,0,1.39980035697358753e-05,0,0,0,0.00120183171171181998,125
32768,8,64,32768,8,64,262144,8,64,6291456,12,64,0,0,0,4,0,0,0,0,0,0,0,0,0,0,0,0,0,0,0,0,0,0,1,0,3100000000,1,0,rex.seas.wustl.edu,0,0,0,0,0,0,0,0,0,0,1,#1 SMP Fri Apr 4 00:51:59 UTC 2014,0,0,0,1,8141497,840448,650432,417344,8327553024,7728152576,0,9048064,8472489984,7630245888,330,0,0,1,1,0,0,0,0,0,1.39728721577562418e-05,0,0,0,0.00121730156805179862,307
32768,8,64,32768,8,64,262144,8,64,6291456,12,64,0,0,0,4,0,0,0,0,0,0,0,0,0,0,0,0,0,0,0,0,0,0,1,0,3100000000,1,0,rex.seas.wustl.edu,0,0,0,0,0,0,0,0,0,0,1,#1 SMP Fri Apr 4 00:51:59 UTC 2014,0,0,0,1,8141497,840448,650432,417344,8327553024,7728152576,0,9048064,8472489984,7630245888,330,0,0,1,1,0,0,0,0,0,1.38341833401432101e-05,0,0,0,0.00116307368973206562,251
32768,8,64,32768,8,64,262144,8,64,6291456,12,64,0,0,0,4,0,0,0,0,0,0,0,0,0,0,0,0,0,0,0,0,0,0,1,0,3100000000,1,0,rex.seas.wustl.edu,0,0,0,0,0,0,0,0,0,0,1,#1 SMP Fri Apr 4 00:51:59 UTC 2014,0,0,0,1,8141497,840448,650432,417344,8327553024,7728152576,0,9048064,8472489984,7630245888,330,0,0,1,1,0,0,0,0,0,7.02581830144870617e-07,0,0,0,3.00110140421534703e-07,285
32768,8,64,32768,8,64,262144,8,64,6291456,12,64,0,0,0,4,0,0,0,0,0,0,0,0,0,0,0,0,0,0,0,0,0,0,1,0,3100000000,1,0,rex.seas.wustl.edu,0,0,0,0,0,0,0,0,0,0,1,#1 SMP Fri Apr 4 00:51:59 UTC 2014,0,0,0,1,8141497,840448,650432,417344,8327553024,7728152576,0,9048064,8472489984,7630245888,330,0,0,1,1,0,0,0,0,0,7.34276591161310746e-07,0,0,0,2.9932927792049964e-07,174
32768,8,64,32768,8,64,262144,8,64,6291456,12,64,0,0,0,4,0,0,0,0,0,0,0,0,0,0,0,0,0,0,0,0,0,0,1,0,3100000000,1,0,rex.seas.wustl.edu,0,0,0,0,0,0,0,0,0,0,1,#1 SMP Fri Apr 4 00:51:59 UTC 2014,0,0,0,1,8141497,840448,650432,417344,8327553024,7728152576,0,9048064,8472489984,7630245888,330,0,0,1,1,0,0,0,0,0,7.10659510680723867e-07,0,0,0,2.97032276269720158e-07,234
32768,8,64,32768,8,64,262144,8,64,6291456,12,64,0,0,0,4,0,0,0,0,0,0,0,0,0,0,0,0,0,0,0,0,0,0,1,0,3100000000,1,0,rex.seas.wustl.edu,0,0,0,0,0,0,0,0,0,0,1,#1 SMP Fri Apr 4 00:51:59 UTC 2014,0,0,0,1,8141497,840448,650432,417344,8327553024,7728152576,0,9048064,8472489984,7630245888,330,0,0,1,1,0,0,0,0,0,6.97273547123794556e-07,0,0,0,2.9601573915685097e-07,249
32768,8,64,32768,8,64,262144,8,64,6291456,12,64,0,0,0,4,0,0,0,0,0,0,0,0,0,0,0,0,0,0,0,0,0,0,1,0,3100000000,1,0,rex.seas.wustl.edu,0,0,0,0,0,0,0,0,0,0,1,#1 SMP Fri Apr 4 00:51:59 UTC 2014,0,0,0,1,8141515,860352,667680,427968,8327553024,7725322240,0,9056256,8472489984,7630245888,331,0,0,1,1,0,0,0,0,0,1.39988981117323803e-05,0,0,0,0.00120389804127293557,350
32768,8,64,32768,8,64,262144,8,64,6291456,12,64,0,0,0,4,0,0,0,0,0,0,0,0,0,0,0,0,0,0,0,0,0,0,1,0,3100000000,1,0,rex.seas.wustl.edu,0,0,0,0,0,0,0,0,0,0,1,#1 SMP Fri Apr 4 00:51:59 UTC 2014,0,0,0,1,8141515,860352,667680,427968,8327553024,7725322240,0,9056256,8472489984,7630245888,331,0,0,1,1,0,0,0,0,0,1.39980035697358753e-05,0,0,0,0.00120183171171181998,286
32768,8,64,32768,8,64,262144,8,64,6291456,12,64,0,0,0,4,0,0,0,0,0,0,0,0,0,0,0,0,0,0,0,0,0,0,1,0,3100000000,1,0,rex.seas.wustl.edu,0,0,0,0,0,0,0,0,0,0,1,#1 SMP Fri Apr 4 00:51:59 UTC 2014,0,0,0,1,8141515,860352,667680,427968,8327553024,7725322240,0,9056256,8472489984,7630245888,331,0,0,1,1,0,0,0,0,0,1.39728721577562418e-05,0,0,0,0.00121730156805179862,397
32768,8,64,32768,8,64,262144,8,64,6291456,12,64,0,0,0,4,0,0,0,0,0,0,0,0,0,0,0,0,0,0,0,0,0,0,1,0,3100000000,1,0,rex.seas.wustl.edu,0,0,0,0,0,0,0,0,0,0,1,#1 SMP Fri Apr 4 00:51:59 UTC 2014,0,0,0,1,8141515,860352,667680,427968,8327553024,7725322240,0,9056256,8472489984,7630245888,331,0,0,1,1,0,0,0,0,0,1.38341833401432101e-05,0,0,0,0.00116307368973206562,53
32768,8,64,32768,8,64,262144,8,64,6291456,12,64,0,0,0,4,0,0,0,0,0,0,0,0,0,0,0,0,0,0,0,0,0,0,1,0,3100000000,1,0,rex.seas.wustl.edu,0,0,0,0,0,0,0,0,0,0,1,#1 SMP Fri Apr 4 00:51:59 UTC 2014,0,0,0,1,8141515,860352,667680,427968,8327553024,7725322240,0,9056256,8472489984,7630245888,331,0,0,1,1,0,0,0,0,0,7.02581830144870617e-07,0,0,0,3.00110140421534703e-07,236
32768,8,64,32768,8,64,262144,8,64,6291456,12,64,0,0,0,4,0,0,0,0,0,0,0,0,0,0,0,0,0,0,0,0,0,0,1,0,3100000000,1,0,rex.seas.wustl.edu,0,0,0,0,0,0,0,0,0,0,1,#1 SMP Fri Apr 4 00:51:59 UTC 2014,0,0,0,1,8141515,860352,667680,427968,8327553024,7725322240,0,9056256,8472489984,7630245888,331,0,0,1,1,0,0,0,0,0,7.34276591161310746e-07,0,0,0,2.9932927792049964e-07,245
32768,8,64,32768,8,64,262144,8,64,6291456,12,64,0,0,0,4,0,0,0,0,0,0,0,0,0,0,0,0,0,0,0,0,0,0,1,0,3100000000,1,0,rex.seas.wustl.edu,0,0,0,0,0,0,0,0,0,0,1,#1 SMP Fri Apr 4 00:51:59 UTC 2014,0,0,0,1,8141515,860352,667680,427968,8327553024,7725322240,0,9056256,8472489984,7630245888,331,0,0,1,1,0,0,0,0,0,7.10659510680723867e-07,0,0,0,2.97032276269720158e-07,312
32768,8,64,32768,8,64,262144,8,64,6291456,12,64,0,0,0,4,0,0,0,0,0,0,0,0,0,0,0,0,0,0,0,0,0,0,1,0,3100000000,1,0,rex.seas.wustl.edu,0,0,0,0,0,0,0,0,0,0,1,#1 SMP Fri Apr 4 00:51:59 UTC 2014,0,0,0,1,8141515,860352,667680,427968,8327553024,7725322240,0,9056256,8472489984,7630245888,331,0,0,1,1,0,0,0,0,0,6.97273547123794556e-07,0,0,0,2.9601573915685097e-07,267
32768,8,64,32768,8,64,262144,8,64,6291456,12,64,0,0,0,4,0,0,0,0,0,0,0,0,0,0,0,0,0,0,0,0,0,0,1,0,3100000000,1,0,rex.seas.wustl.edu,0,0,0,0,0,0,0,0,0,0,1,#1 SMP Fri Apr 4 00:51:59 UTC 2014,0,0,0,1,8141538,879840,684864,438752,8327553024,7727669248,0,9056256,8472489984,7630295040,332,0,0,1,1,0,0,0,0,0,1.39988981117323803e-05,0,0,0,0.00120389804127293557,390
32768,8,64,32768,8,64,262144,8,64,6291456,12,64,0,0,0,4,0,0,0,0,0,0,0,0,0,0,0,0,0,0,0,0,0,0,1,0,3100000000,1,0,rex.seas.wustl.edu,0,0,0,0,0,0,0,0,0,0,1,#1 SMP Fri Apr 4 00:51:59 UTC 2014,0,0,0,1,8141538,879840,684864,438752,8327553024,7727669248,0,9056256,8472489984,7630295040,332,0,0,1,1,0,0,0,0,0,1.39980035697358753e-05,0,0,0,0.00120183171171181998,186
32768,8,64,32768,8,64,262144,8,64,6291456,12,64,0,0,0,4,0,0,0,0,0,0,0,0,0,0,0,0,0,0,0,0,0,0,1,0,3100000000,1,0,rex.seas.wustl.edu,0,0,0,0,0,0,0,0,0,0,1,#1 SMP Fri Apr 4 00:51:59 UTC 2014,0,0,0,1,8141538,879840,684864,438752,8327553024,7727669248,0,9056256,8472489984,7630295040,332,0,0,1,1,0,0,0,0,0,1.39728721577562418e-05,0,0,0,0.00121730156805179862,291
32768,8,64,32768,8,64,262144,8,64,6291456,12,64,0,0,0,4,0,0,0,0,0,0,0,0,0,0,0,0,0,0,0,0,0,0,1,0,3100000000,1,0,rex.seas.wustl.edu,0,0,0,0,0,0,0,0,0,0,1,#1 SMP Fri Apr 4 00:51:59 UTC 2014,0,0,0,1,8141538,879840,684864,438752,8327553024,7727669248,0,9056256,8472489984,7630295040,332,0,0,1,1,0,0,0,0,0,1.38341833401432101e-05,0,0,0,0.00116307368973206562,203
32768,8,64,32768,8,64,262144,8,64,6291456,12,64,0,0,0,4,0,0,0,0,0,0,0,0,0,0,0,0,0,0,0,0,0,0,1,0,3100000000,1,0,rex.seas.wustl.edu,0,0,0,0,0,0,0,0,0,0,1,#1 SMP Fri Apr 4 00:51:59 UTC 2014,0,0,0,1,8141538,879840,684864,438752,8327553024,7727669248,0,9056256,8472489984,7630295040,332,0,0,1,1,0,0,0,0,0,7.02581830144870617e-07,0,0,0,3.00110140421534703e-07,111
32768,8,64,32768,8,64,262144,8,64,6291456,12,64,0,0,0,4,0,0,0,0,0,0,0,0,0,0,0,0,0,0,0,0,0,0,1,0,3100000000,1,0,rex.seas.wustl.edu,0,0,0,0,0,0,0,0,0,0,1,#1 SMP Fri Apr 4 00:51:59 UTC 2014,0,0,0,1,8141538,879840,684864,438752,8327553024,7727669248,0,9056256,8472489984,7630295040,332,0,0,1,1,0,0,0,0,0,7.34276591161310746e-07,0,0,0,2.9932927792049964e-07,121
32768,8,64,32768,8,64,262144,8,64,6291456,12,64,0,0,0,4,0,0,0,0,0,0,0,0,0,0,0,0,0,0,0,0,0,0,1,0,3100000000,1,0,rex.seas.wustl.edu,0,0,0,0,0,0,0,0,0,0,1,#1 SMP Fri Apr 4 00:51:59 UTC 2014,0,0,0,1,8141538,879840,684864,438752,8327553024,7727669248,0,9056256,8472489984,7630295040,332,0,0,1,1,0,0,0,0,0,7.10659510680723867e-07,0,0,0,2.97032276269720158e-07,232
32768,8,64,32768,8,64,262144,8,64,6291456,12,64,0,0,0,4,0,0,0,0,0,0,0,0,0,0,0,0,0,0,0,0,0,0,1,0,3100000000,1,0,rex.seas.wustl.edu,0,0,0,0,0,0,0,0,0,0,1,#1 SMP Fri Apr 4 00:51:59 UTC 2014,0,0,0,1,8141538,879840,684864,438752,8327553024,7727669248,0,9056256,8472489984,7630295040,332,0,0,1,1,0,0,0,0,0,6.97273547123794556e-07,0,0,0,2.9601573915685097e-07,216
32768,8,64,32768,8,64,262144,8,64,6291456,12,64,0,0,0,4,0,0,0,0,0,0,0,0,0,0,0,0,0,0,0,0,0,0,1,0,3099877888,1,0,rex.seas.wustl.edu,0,0,0,0,0,0,0,0,0,0,1,#1 SMP Fri Apr 4 00:51:59 UTC 2014,0,0,0,1,8141561,803232,680800,443872,8327553024,7727267840,0,9056256,8472489984,7630295040,332,0,0,1,1,0,0,0,0,0,1.39988981117323803e-05,0,0,0,0.00120389804127293557,249
32768,8,64,32768,8,64,262144,8,64,6291456,12,64,0,0,0,4,0,0,0,0,0,0,0,0,0,0,0,0,0,0,0,0,0,0,1,0,3099877888,1,0,rex.seas.wustl.edu,0,0,0,0,0,0,0,0,0,0,1,#1 SMP Fri Apr 4 00:51:59 UTC 2014,0,0,0,1,8141561,803232,680800,443872,8327553024,7727267840,0,9056256,8472489984,7630295040,332,0,0,1,1,0,0,0,0,0,1.39980035697358753e-05,0,0,0,0.00120183171171181998,326
32768,8,64,32768,8,64,262144,8,64,6291456,12,64,0,0,0,4,0,0,0,0,0,0,0,0,0,0,0,0,0,0,0,0,0,0,1,0,3099877888,1,0,rex.seas.wustl.edu,0,0,0,0,0,0,0,0,0,0,1,#1 SMP Fri Apr 4 00:51:59 UTC 2014,0,0,0,1,8141561,803232,680800,443872,8327553024,7727267840,0,9056256,8472489984,7630295040,332,0,0,1,1,0,0,0,0,0,1.39728721577562418e-05,0,0,0,0.00121730156805179862,52
32768,8,64,32768,8,64,262144,8,64,6291456,12,64,0,0,0,4,0,0,0,0,0,0,0,0,0,0,0,0,0,0,0,0,0,0,1,0,3099877888,1,0,rex.seas.wustl.edu,0,0,0,0,0,0,0,0,0,0,1,#1 SMP Fri Apr 4 00:51:59 UTC 2014,0,0,0,1,8141561,803232,680800,443872,8327553024,7727267840,0,9056256,8472489984,7630295040,332,0,0,1,1,0,0,0,0,0,1.38341833401432101e-05,0,0,0,0.00116307368973206562,304
32768,8,64,32768,8,64,262144,8,64,6291456,12,64,0,0,0,4,0,0,0,0,0,0,0,0,0,0,0,0,0,0,0,0,0,0,1,0,3099877888,1,0,rex.seas.wustl.edu,0,0,0,0,0,0,0,0,0,0,1,#1 SMP Fri Apr 4 00:51:59 UTC 2014,0,0,0,1,8141561,803232,680800,443872,8327553024,7727267840,0,9056256,8472489984,7630295040,332,0,0,1,1,0,0,0,0,0,7.02581830144870617e-07,0,0,0,3.00110140421534703e-07,114
32768,8,64,32768,8,64,262144,8,64,6291456,12,64,0,0,0,4,0,0,0,0,0,0,0,0,0,0,0,0,0,0,0,0,0,0,1,0,3099877888,1,0,rex.seas.wustl.edu,0,0,0,0,0,0,0,0,0,0,1,#1 SMP Fri Apr 4 00:51:59 UTC 2014,0,0,0,1,8141561,803232,680800,443872,8327553024,7727267840,0,9056256,8472489984,7630295040,332,0,0,1,1,0,0,0,0,0,7.34276591161310746e-07,0,0,0,2.9932927792049964e-07,194
32768,8,64,32768,8,64,262144,8,64,6291456,12,64,0,0,0,4,0,0,0,0,0,0,0,0,0,0,0,0,0,0,0,0,0,0,1,0,3099877888,1,0,rex.seas.wustl.edu,0,0,0,0,0,0,0,0,0,0,1,#1 SMP Fri Apr 4 00:51:59 UTC 2014,0,0,0,1,8141561,803232,680800,443872,8327553024,7727267840,0,9056256,8472489984,7630295040,332,0,0,1,1,0,0,0,0,0,7.10659510680723867e-07,0,0,0,2.97032276269720158e-07,87
32768,8,64,32768,8,64,262144,8,64,6291456,12,64,0,0,0,4,0,0,0,0,0,0,0,0,0,0,0,0,0,0,0,0,0,0,1,0,3099877888,1,0,rex.seas.wustl.edu,0,0,0,0,0,0,0,0,0,0,1,#1 SMP Fri Apr 4 00:51:59 UTC 2014,0,0,0,1,8141561,803232,680800,443872,8327553024,7727267840,0,9056256,8472489984,7630295040,332,0,0,1,1,0,0,0,0,0,6.97273547123794556e-07,0,0,0,2.9601573915685097e-07,261
32768,8,64,32768,8,64,262144,8,64,6291456,12,64,0,0,0,4,0,0,0,0,0,0,0,0,0,0,0,0,0,0,0,0,0,0,1,0,3100000000,1,0,rex.seas.wustl.edu,0,0,0,0,0,0,0,0,0,0,1,#1 SMP Fri Apr 4 00:51:59 UTC 2014,0,0,0,1,8141585,838752,699648,456448,8327553024,7726977024,0,9056256,8472489984,7630295040,332,0,0,1,1,0,0,0,0,0,1.39988981117323803e-05,0,0,0,0.00120389804127293557,120
32768,8,64,32768,8,64,262144,8,64,6291456,12,64,0,0,0,4,0,0,0,0,0,0,0,0,0,0,0,0,0,0,0,0,0,0,1,0,3100000000,1,0,rex.seas.wustl.edu,0,0,0,0,0,0,0,0,0,0,1,#1 SMP Fri Apr 4 00:51:59 UTC 2014,0,0,0,1,8141585,838752,699648,456448,8327553024,7726977024,0,9056256,8472489984,7630295040,332,0,0,1,1,0,0,0,0,0,1.39980035697358753e-05,0,0,0,0.00120183171171181998,170
32768,8,64,32768,8,64,262144,8,64,6291456,12,64,0,0,0,4,0,0,0,0,0,0,0,0,0,0,0,0,0,0,0,0,0,0,1,0,3100000000,1,0,rex.seas.wustl.edu,0,0,0,0,0,0,0,0,0,0,1,#1 SMP Fri Apr 4 00:51:59 UTC 2014,0,0,0,1,8141585,838752,699648,456448,8327553024,7726977024,0,9056256,8472489984,7630295040,332,0,0,1,1,0,0,0,0,0,1.39728721577562418e-05,0,0,0,0.00121730156805179862,128
32768,8,64,32768,8,64,262144,8,64,6291456,12,64,0,0,0,4,0,0,0,0,0,0,0,0,0,0,0,0,0,0,0,0,0,0,1,0,3100000000,1,0,rex.seas.wustl.edu,0,0,0,0,0,0,0,0,0,0,1,#1 SMP Fri Apr 4 00:51:59 UTC 2014,0,0,0,1,8141585,838752,699648,456448,8327553024,7726977024,0,9056256,8472489984,7630295040,332,0,0,1,1,0,0,0,0,0,1.38341833401432101e-05,0,0,0,0.00116307368973206562,398
32768,8,64,32768,8,64,262144,8,64,6291456,12,64,0,0,0,4,0,0,0,0,0,0,0,0,0,0,0,0,0,0,0,0,0,0,1,0,3100000000,1,0,rex.seas.wustl.edu,0,0,0,0,0,0,0,0,0,0,1,#1 SMP Fri Apr 4 00:51:59 UTC 2014,0,0,0,1,8141585,838752,699648,456448,8327553024,7726977024,0,9056256,8472489984,7630295040,332,0,0,1,1,0,0,0,0,0,7.02581830144870617e-07,0,0,0,3.00110140421534703e-07,107
32768,8,64,32768,8,64,262144,8,64,6291456,12,64,0,0,0,4,0,0,0,0,0,0,0,0,0,0,0,0,0,0,0,0,0,0,1,0,3100000000,1,0,rex.seas.wustl.edu,0,0,0,0,0,0,0,0,0,0,1,#1 SMP Fri Apr 4 00:51:59 UTC 2014,0,0,0,1,8141585,838752,699648,456448,8327553024,7726977024,0,9056256,8472489984,7630295040,332,0,0,1,1,0,0,0,0,0,7.34276591161310746e-07,0,0,0,2.9932927792049964e-07,248
32768,8,64,32768,8,64,262144,8,64,6291456,12,64,0,0,0,4,0,0,0,0,0,0,0,0,0,0,0,0,0,0,0,0,0,0,1,0,3100000000,1,0,rex.seas.wustl.edu,0,0,0,0,0,0,0,0,0,0,1,#1 SMP Fri Apr 4 00:51:59 UTC 2014,0,0,0,1,8141585,838752,699648,456448,8327553024,7726977024,0,9056256,8472489984,7630295040,332,0,0,1,1,0,0,0,0,0,7.10659510680723867e-07,0,0,0,2.97032276269720158e-07,162
32768,8,64,32768,8,64,262144,8,64,6291456,12,64,0,0,0,4,0,0,0,0,0,0,0,0,0,0,0,0,0,0,0,0,0,0,1,0,3100000000,1,0,rex.seas.wustl.edu,0,0,0,0,0,0,0,0,0,0,1,#1 SMP Fri Apr 4 00:51:59 UTC 2014,0,0,0,1,8141585,838752,699648,456448,8327553024,7726977024,0,9056256,8472489984,7630295040,332,0,0,1,1,0,0,0,0,0,6.97273547123794556e-07,0,0,0,2.9601573915685097e-07,266
32768,8,64,32768,8,64,262144,8,64,6291456,12,64,0,0,0,4,0,0,0,0,0,0,0,0,0,0,0,0,0,0,0,0,0,0,1,0,3100000000,1,0,rex.seas.wustl.edu,0,0,0,0,0,0,0,0,0,0,1,#1 SMP Fri Apr 4 00:51:59 UTC 2014,0,0,0,1,8141603,865472,712448,464512,8327553024,7723163648,0,9056256,8472489984,7630295040,332,0,0,1,1,0,0,0,0,0,1.39988981117323803e-05,0,0,0,0.00120389804127293557,300
32768,8,64,32768,8,64,262144,8,64,6291456,12,64,0,0,0,4,0,0,0,0,0,0,0,0,0,0,0,0,0,0,0,0,0,0,1,0,3100000000,1,0,rex.seas.wustl.edu,0,0,0,0,0,0,0,0,0,0,1,#1 SMP Fri Apr 4 00:51:59 UTC 2014,0,0,0,1,8141603,865472,712448,464512,8327553024,7723163648,0,9056256,8472489984,7630295040,332,0,0,1,1,0,0,0,0,0,1.39980035697358753e-05,0,0,0,0.00120183171171181998,343
32768,8,64,32768,8,64,262144,8,64,6291456,12,64,0,0,0,4,0,0,0,0,0,0,0,0,0,0,0,0,0,0,0,0,0,0,1,0,3100000000,1,0,rex.seas.wustl.edu,0,0,0,0,0,0,0,0,0,0,1,#1 SMP Fri Apr 4 00:51:59 UTC 2014,0,0,0,1,8141603,865472,712448,464512,8327553024,7723163648,0,9056256,8472489984,7630295040,332,0,0,1,1,0,0,0,0,0,1.39728721577562418e-05,0,0,0,0.00121730156805179862,384
32768,8,64,32768,8,64,262144,8,64,6291456,12,64,0,0,0,4,0,0,0,0,0,0,0,0,0,0,0,0,0,0,0,0,0,0,1,0,3100000000,1,0,rex.seas.wustl.edu,0,0,0,0,0,0,0,0,0,0,1,#1 SMP Fri Apr 4 00:51:59 UTC 2014,0,0,0,1,8141603,865472,712448,464512,8327553024,7723163648,0,9056256,8472489984,7630295040,332,0,0,1,1,0,0,0,0,0,1.38341833401432101e-05,0,0,0,0.00116307368973206562,372
32768,8,64,32768,8,64,262144,8,64,6291456,12,64,0,0,0,4,0,0,0,0,0,0,0,0,0,0,0,0,0,0,0,0,0,0,1,0,3100000000,1,0,rex.seas.wustl.edu,0,0,0,0,0,0,0,0,0,0,1,#1 SMP Fri Apr 4 00:51:59 UTC 2014,0,0,0,1,8141603,865472,712448,464512,8327553024,7723163648,0,9056256,8472489984,7630295040,332,0,0,1,1,0,0,0,0,0,7.02581830144870617e-07,0,0,0,3.00110140421534703e-07,222
32768,8,64,32768,8,64,262144,8,64,6291456,12,64,0,0,0,4,0,0,0,0,0,0,0,0,0,0,0,0,0,0,0,0,0,0,1,0,3100000000,1,0,rex.seas.wustl.edu,0,0,0,0,0,0,0,0,0,0,1,#1 SMP Fri Apr 4 00:51:59 UTC 2014,0,0,0,1,8141603,865472,712448,464512,8327553024,7723163648,0,9056256,8472489984,7630295040,332,0,0,1,1,0,0,0,0,0,7.34276591161310746e-07,0,0,0,2.9932927792049964e-07,223
32768,8,64,32768,8,64,262144,8,64,6291456,12,64,0,0,0,4,0,0,0,0,0,0,0,0,0,0,0,0,0,0,0,0,0,0,1,0,3100000000,1,0,rex.seas.wustl.edu,0,0,0,0,0,0,0,0,0,0,1,#1 SMP Fri Apr 4 00:51:59 UTC 2014,0,0,0,1,8141603,865472,712448,464512,8327553024,7723163648,0,9056256,8472489984,7630295040,332,0,0,1,1,0,0,0,0,0,7.10659510680723867e-07,0,0,0,2.97032276269720158e-07,251
32768,8,64,32768,8,64,262144,8,64,6291456,12,64,0,0,0,4,0,0,0,0,0,0,0,0,0,0,0,0,0,0,0,0,0,0,1,0,3100000000,1,0,rex.seas.wustl.edu,0,0,0,0,0,0,0,0,0,0,1,#1 SMP Fri Apr 4 00:51:59 UTC 2014,0,0,0,1,8141603,865472,712448,464512,8327553024,7723163648,0,9056256,8472489984,7630295040,332,0,0,1,1,0,0,0,0,0,6.97273547123794556e-07,0,0,0,2.9601573915685097e-07,201
32768,8,64,32768,8,64,262144,8,64,6291456,12,64,0,0,0,4,0,0,0,0,0,0,0,0,0,0,0,0,0,0,0,0,0,0,1,0,3099877888,1,0,rex.seas.wustl.edu,0,0,0,0,0,0,0,0,0,0,1,#1 SMP Fri Apr 4 00:51:59 UTC 2014,0,0,0,1,8141623,817472,710112,468960,8327553024,7726977024,0,9056256,8472489984,7630299136,331,0,0,1,1,0,0,0,0,0,1.39988981117323803e-05,0,0,0,0.00120389804127293557,149
32768,8,64,32768,8,64,262144,8,64,6291456,12,64,0,0,0,4,0,0,0,0,0,0,0,0,0,0,0,0,0,0,0,0,0,0,1,0,3099877888,1,0,rex.seas.wustl.edu,0,0,0,0,0,0,0,0,0,0,1,#1 SMP Fri Apr 4 00:51:59 UTC 2014,0,0,0,1,8141623,817472,710112,468960,8327553024,7726977024,0,9056256,8472489984,7630299136,331,0,0,1,1,0,0,0,0,0,1.39980035697358753e-05,0,0,0,0.00120183171171181998,371
32768,8,64,32768,8,64,262144,8,64,6291456,12,64,0,0,0,4,0,0,0,0,0,0,0,0,0,0,0,0,0,0,0,0,0,0,1,0,3099877888,1,0,rex.seas.wustl.edu,0,0,0,0,0,0,0,0,0,0,1,#1 SMP Fri Apr 4 00:51:59 UTC 2014,0,0,0,1,8141623,817472,710112,468960,8327553024,7726977024,0,9056256,8472489984,7630299136,331,0,0,1,1,0,0,0,0,0,1.39728721577562418e-05,0,0,0,0.00121730156805179862,369
32768,8,64,32768,8,64,262144,8,64,6291456,12,64,0,0,0,4,0,0,0,0,0,0,0,0,0,0,0,0,0,0,0,0,0,0,1,0,3099877888,1,0,rex.seas.wustl.edu,0,0,0,0,0,0,0,0,0,0,1,#1 SMP Fri Apr 4 00:51:59 UTC 2014,0,0,0,1,8141623,817472,710112,468960,8327553024,7726977024,0,9056256,8472489984,7630299136,331,0,0,1,1,0,0,0,0,0,1.38341833401432101e-05,0,0,0,0.00116307368973206562,406
32768,8,64,32768,8,64,262144,8,64,6291456,12,64,0,0,0,4,0,0,0,0,0,0,0,0,0,0,0,0,0,0,0,0,0,0,1,0,3099877888,1,0,rex.seas.wustl.edu,0,0,0,0,0,0,0,0,0,0,1,#1 SMP Fri Apr 4 00:51:59 UTC 2014,0,0,0,1,8141623,817472,710112,468960,8327553024,7726977024,0,9056256,8472489984,7630299136,331,0,0,1,1,0,0,0,0,0,7.02581830144870617e-07,0,0,0,3.00110140421534703e-07,127
32768,8,64,32768,8,64,262144,8,64,6291456,12,64,0,0,0,4,0,0,0,0,0,0,0,0,0,0,0,0,0,0,0,0,0,0,1,0,3099877888,1,0,rex.seas.wustl.edu,0,0,0,0,0,0,0,0,0,0,1,#1 SMP Fri Apr 4 00:51:59 UTC 2014,0,0,0,1,8141623,817472,710112,468960,8327553024,7726977024,0,9056256,8472489984,7630299136,331,0,0,1,1,0,0,0,0,0,7.34276591161310746e-07,0,0,0,2.9932927792049964e-07,235
32768,8,64,32768,8,64,262144,8,64,6291456,12,64,0,0,0,4,0,0,0,0,0,0,0,0,0,0,0,0,0,0,0,0,0,0,1,0,3099877888,1,0,rex.seas.wustl.edu,0,0,0,0,0,0,0,0,0,0,1,#1 SMP Fri Apr 4 00:51:59 UTC 2014,0,0,0,1,8141623,817472,710112,468960,8327553024,7726977024,0,9056256,8472489984,7630299136,331,0,0,1,1,0,0,0,0,0,7.10659510680723867e-07,0,0,0,2.97032276269720158e-07,197
32768,8,64,32768,8,64,262144,8,64,6291456,12,64,0,0,0,4,0,0,0,0,0,0,0,0,0,0,0,0,0,0,0,0,0,0,1,0,3099877888,1,0,rex.seas.wustl.edu,0,0,0,0,0,0,0,0,0,0,1,#1 SMP Fri Apr 4 00:51:59 UTC 2014,0,0,0,1,8141623,817472,710112,468960,8327553024,7726977024,0,9056256,8472489984,7630299136,331,0,0,1,1,0,0,0,0,0,6.97273547123794556e-07,0,0,0,2.9601573915685097e-07,350
32768,8,64,32768,8,64,262144,8,64,6291456,12,64,0,0,0,4,0,0,0,0,0,0,0,0,0,0,0,0,0,0,0,0,0,0,1,0,3100000000,1,0,rex.seas.wustl.edu,0,0,0,0,0,0,0,0,0,0,1,#1 SMP Fri Apr 4 00:51:59 UTC 2014,0,0,0,1,8141646,782912,709248,474976,8327553024,7714787328,0,9056256,8472489984,7630303232,332,0,0,1,1,0,0,0,0,0,1.39988981117323803e-05,0,0,0,0.00120389804127293557,263
32768,8,64,32768,8,64,262144,8,64,6291456,12,64,0,0,0,4,0,0,0,0,0,0,0,0,0,0,0,0,0,0,0,0,0,0,1,0,3100000000,1,0,rex.seas.wustl.edu,0,0,0,0,0,0,0,0,0,0,1,#1 SMP Fri Apr 4 00:51:59 UTC 2014,0,0,0,1,8141646,782912,709248,474976,8327553024,7714787328,0,9056256,8472489984,7630303232,332,0,0,1,1,0,0,0,0,0,1.39980035697358753e-05,0,0,0,0.00120183171171181998,316
32768,8,64,32768,8,64,262144,8,64,6291456,12,64,0,0,0,4,0,0,0,0,0,0,0,0,0,0,0,0,0,0,0,0,0,0,1,0,3100000000,1,0,rex.seas.wustl.edu,0,0,0,0,0,0,0,0,0,0,1,#1 SMP Fri Apr 4 00:51:59 UTC 2014,0,0,0,1,8141646,782912,709248,474976,8327553024,7714787328,0,9056256,8472489984,7630303232,332,0,0,1,1,0,0,0,0,0,1.39728721577562418e-05,0,0,0,0.00121730156805179862,348
32768,8,64,32768,8,64,262144,8,64,6291456,12,64,0,0,0,4,0,0,0,0,0,0,0,0,0,0,0,0,0,0,0,0,0,0,1,0,3100000000,1,0,rex.seas.wustl.edu,0,0,0,0,0,0,0,0,0,0,1,#1 SMP Fri Apr 4 00:51:59 UTC 2014,0,0,0,1,8141646,782912,709248,474976,8327553024,7714787328,0,9056256,8472489984,7630303232,332,0,0,1,1,0,0,0,0,0,1.38341833401432101e-05,0,0,0,0.00116307368973206562,247
32768,8,64,32768,8,64,262144,8,64,6291456,12,64,0,0,0,4,0,0,0,0,0,0,0,0,0,0,0,0,0,0,0,0,0,0,1,0,3100000000,1,0,rex.seas.wustl.edu,0,0,0,0,0,0,0,0,0,0,1,#1 SMP Fri Apr 4 00:51:59 UTC 2014,0,0,0,1,8141646,782912,709248,474976,8327553024,7714787328,0,9056256,8472489984,7630303232,332,0,0,1,1,0,0,0,0,0,7.02581830144870617e-07,0,0,0,3.00110140421534703e-07,209
32768,8,64,32768,8,64,262144,8,64,6291456,12,64,0,0,0,4,0,0,0,0,0,0,0,0,0,0,0,0,0,0,0,0,0,0,1,0,3100000000,1,0,rex.seas.wustl.edu,0,0,0,0,0,0,0,0,0,0,1,#1 SMP Fri Apr 4 00:51:59 UTC 2014,0,0,0,1,8141646,782912,709248,474976,8327553024,7714787328,0,9056256,8472489984,7630303232,332,0,0,1,1,0,0,0,0,0,7.34276591161310746e-07,0,0,0,2.9932927792049964e-07,179
32768,8,64,32768,8,64,262144,8,64,6291456,12,64,0,0,0,4,0,0,0,0,0,0,0,0,0,0,0,0,0,0,0,0,0,0,1,0,3100000000,1,0,rex.seas.wustl.edu,0,0,0,0,0,0,0,0,0,0,1,#1 SMP Fri Apr 4 00:51:59 UTC 2014,0,0,0,1,8141646,782912,709248,474976,8327553024,7714787328,0,9056256,8472489984,7630303232,332,0,0,1,1,0,0,0,0,0,7.10659510680723867e-07,0,0,0,2.97032276269720158e-07,293
32768,8,64,32768,8,64,262144,8,64,6291456,12,64,0,0,0,4,0,0,0,0,0,0,0,0,0,0,0,0,0,0,0,0,0,0,1,0,3100000000,1,0,rex.seas.wustl.edu,0,0,0,0,0,0,0,0,0,0,1,#1 SMP Fri Apr 4 00:51:59 UTC 2014,0,0,0,1,8141646,782912,709248,474976,8327553024,7714787328,0,9056256,8472489984,7630303232,332,0,0,1,1,0,0,0,0,0,6.97273547123794556e-07,0,0,0,2.9601573915685097e-07,219
32768,8,64,32768,8,64,262144,8,64,6291456,12,64,0,0,0,4,0,0,0,0,0,0,0,0,0,0,0,0,0,0,0,0,0,0,1,0,3100000000,1,0,rex.seas.wustl.edu,0,0,0,0,0,0,0,0,0,0,1,#1 SMP Fri Apr 4 00:51:59 UTC 2014,0,0,0,1,8141666,824416,723744,484736,8327553024,7714549760,0,9056256,8472489984,7630303232,331,0,0,1,1,0,0,0,0,0,1.39988981117323803e-05,0,0,0,0.00120389804127293557,276
32768,8,64,32768,8,64,262144,8,64,6291456,12,64,0,0,0,4,0,0,0,0,0,0,0,0,0,0,0,0,0,0,0,0,0,0,1,0,3100000000,1,0,rex.seas.wustl.edu,0,0,0,0,0,0,0,0,0,0,1,#1 SMP Fri Apr 4 00:51:59 UTC 2014,0,0,0,1,8141666,824416,723744,484736,8327553024,7714549760,0,9056256,8472489984,7630303232,331,0,0,1,1,0,0,0,0,0,1.39980035697358753e-05,0,0,0,0.00120183171171181998,272
32768,8,64,32768,8,64,262144,8,64,6291456,12,64,0,0,0,4,0,0,0,0,0,0,0,0,0,0,0,0,0,0,0,0,0,0,1,0,3100000000,1,0,rex.seas.wustl.edu,0,0,0,0,0,0,0,0,0,0,1,#1 SMP Fri Apr 4 00:51:59 UTC 2014,0,0,0,1,8141666,824416,723744,484736,8327553024,7714549760,0,9056256,8472489984,7630303232,331,0,0,1,1,0,0,0,0,0,1.39728721577562418e-05,0,0,0,0.00121730156805179862,343
32768,8,64,32768,8,64,262144,8,64,6291456,12,64,0,0,0,4,0,0,0,0,0,0,0,0,0,0,0,0,0,0,0,0,0,0,1,0,3100000000,1,0,rex.seas.wustl.edu,0,0,0,0,0,0,0,0,0,0,1,#1 SMP Fri Apr 4 00:51:59 UTC 2014,0,0,0,1,8141666,824416,723744,484736,8327553024,7714549760,0,9056256,8472489984,7630303232,331,0,0,1,1,0,0,0,0,0,1.38341833401432101e-05,0,0,0,0.00116307368973206562,274
32768,8,64,32768,8,64,262144,8,64,6291456,12,64,0,0,0,4,0,0,0,0,0,0,0,0,0,0,0,0,0,0,0,0,0,0,1,0,3100000000,1,0,rex.seas.wustl.edu,0,0,0,0,0,0,0,0,0,0,1,#1 SMP Fri Apr 4 00:51:59 UTC 2014,0,0,0,1,8141666,824416,723744,484736,8327553024,7714549760,0,9056256,8472489984,7630303232,331,0,0,1,1,0,0,0,0,0,7.02581830144870617e-07,0,0,0,3.00110140421534703e-07,148
32768,8,64,32768,8,64,262144,8,64,6291456,12,64,0,0,0,4,0,0,0,0,0,0,0,0,0,0,0,0,0,0,0,0,0,0,1,0,3100000000,1,0,rex.seas.wustl.edu,0,0,0,0,0,0,0,0,0,0,1,#1 SMP Fri Apr 4 00:51:59 UTC 2014,0,0,0,1,8141666,824416,723744,484736,8327553024,7714549760,0,9056256,8472489984,7630303232,331,0,0,1,1,0,0,0,0,0,7.34276591161310746e-07,0,0,0,2.9932927792049964e-07,253
32768,8,64,32768,8,64,262144,8,64,6291456,12,64,0,0,0,4,0,0,0,0,0,0,0,0,0,0,0,0,0,0,0,0,0,0,1,0,3100000000,1,0,rex.seas.wustl.edu,0,0,0,0,0,0,0,0,0,0,1,#1 SMP Fri Apr 4 00:51:59 UTC 2014,0,0,0,1,8141666,824416,723744,484736,8327553024,7714549760,0,9056256,8472489984,7630303232,331,0,0,1,1,0,0,0,0,0,7.10659510680723867e-07,0,0,0,2.97032276269720158e-07,147
32768,8,64,32768,8,64,262144,8,64,6291456,12,64,0,0,0,4,0,0,0,0,0,0,0,0,0,0,0,0,0,0,0,0,0,0,1,0,3100000000,1,0,rex.seas.wustl.edu,0,0,0,0,0,0,0,0,0,0,1,#1 SMP Fri Apr 4 00:51:59 UTC 2014,0,0,0,1,8141666,824416,723744,484736,8327553024,7714549760,0,9056256,8472489984,7630303232,331,0,0,1,1,0,0,0,0,0,6.97273547123794556e-07,0,0,0,2.9601573915685097e-07,194
32768,8,64,32768,8,64,262144,8,64,6291456,12,64,0,0,0,4,0,0,0,0,0,0,0,0,0,0,0,0,0,0,0,0,0,0,1,0,3100000000,1,0,rex.seas.wustl.edu,0,0,0,0,0,0,0,0,0,0,1,#1 SMP Fri Apr 4 00:51:59 UTC 2014,0,0,0,1,8141687,843616,735104,493600,8327553024,7717974016,0,9064448,8472489984,7630311424,331,0,0,1,1,0,0,0,0,0,1.39988981117323803e-05,0,0,0,0.00120389804127293557,261
32768,8,64,32768,8,64,262144,8,64,6291456,12,64,0,0,0,4,0,0,0,0,0,0,0,0,0,0,0,0,0,0,0,0,0,0,1,0,3100000000,1,0,rex.seas.wustl.edu,0,0,0,0,0,0,0,0,0,0,1,#1 SMP Fri Apr 4 00:51:59 UTC 2014,0,0,0,1,8141687,843616,735104,493600,8327553024,7717974016,0,9064448,8472489984,7630311424,331,0,0,1,1,0,0,0,0,0,1.39980035697358753e-05,0,0,0,0.00120183171171181998,183
32768,8,64,32768,8,64,262144,8,64,6291456,12,64,0,0,0,4,0,0,0,0,0,0,0,0,0,0,0,0,0,0,0,0,0,0,1,0,3100000000,1,0,rex.seas.wustl.edu,0,0,0,0,0,0,0,0,0,0,1,#1 SMP Fri Apr 4 00:51:59 UTC 2014,0,0,0,1,8141687,843616,735104,493600,8327553024,7717974016,0,9064448,8472489984,7630311424,331,0,0,1,1,0,0,0,0,0,1.39728721577562418e-05,0,0,0,0.00121730156805179862,275
32768,8,64,32768,8,64,262144,8,64,6291456,12,64,0,0,0,4,0,0,0,0,0,0,0,0,0,0,0,0,0,0,0,0,0,0,1,0,3100000000,1,0,rex.seas.wustl.edu,0,0,0,0,0,0,0,0,0,0,1,#1 SMP Fri Apr 4 00:51:59 UTC 2014,0,0,0,1,8141687,843616,735104,493600,8327553024,7717974016,0,9064448,8472489984,7630311424,331,0,0,1,1,0,0,0,0,0,1.38341833401432101e-05,0,0,0,0.00116307368973206562,223
32768,8,64,32768,8,64,262144,8,64,6291456,12,64,0,0,0,4,0,0,0,0,0,0,0,0,0,0,0,0,0,0,0,0,0,0,1,0,3100000000,1,0,rex.seas.wustl.edu,0,0,0,0,0,0,0,0,0,0,1,#1 SMP Fri Apr 4 00:51:59 UTC 2014,0,0,0,1,8141687,843616,735104,493600,8327553024,7717974016,0,9064448,8472489984,7630311424,331,0,0,1,1,0,0,0,0,0,7.02581830144870617e-07,0,0,0,3.00110140421534703e-07,147
32768,8,64,32768,8,64,262144,8,64,6291456,12,64,0,0,0,4,0,0,0,0,0,0,0,0,0,0,0,0,0,0,0,0,0,0,1,0,3100000000,1,0,rex.seas.wustl.edu,0,0,0,0,0,0,0,0,0,0,1,#1 SMP Fri Apr 4 00:51:59 UTC 2014,0,0,0,1,8141687,843616,735104,493600,8327553024,7717974016,0,9064448,8472489984,7630311424,331,0,0,1,1,0,0,0,0,0,7.34276591161310746e-07,0,0,0,2.9932927792049964e-07,107
32768,8,64,32768,8,64,262144,8,64,6291456,12,64,0,0,0,4,0,0,0,0,0,0,0,0,0,0,0,0,0,0,0,0,0,0,1,0,3100000000,1,0,rex.seas.wustl.edu,0,0,0,0,0,0,0,0,0,0,1,#1 SMP Fri Apr 4 00:51:59 UTC 2014,0,0,0,1,8141687,843616,735104,493600,8327553024,7717974016,0,9064448,8472489984,7630311424,331,0,0,1,1,0,0,0,0,0,7.10659510680723867e-07,0,0,0,2.97032276269720158e-07,194
32768,8,64,32768,8,64,262144,8,64,6291456,12,64,0,0,0,4,0,0,0,0,0,0,0,0,0,0,0,0,0,0,0,0,0,0,1,0,3100000000,1,0,rex.seas.wustl.edu,0,0,0,0,0,0,0,0,0,0,1,#1 SMP Fri Apr 4 00:51:59 UTC 2014,0,0,0,1,8141687,843616,735104,493600,8327553024,7717974016,0,9064448,8472489984,7630311424,331,0,0,1,1,0,0,0,0,0,6.97273547123794556e-07,0,0,0,2.9601573915685097e-07,203
32768,8,64,32768,8,64,262144,8,64,6291456,12,64,0,0,0,4,0,0,0,0,0,0,0,0,0,0,0,0,0,0,0,0,0,0,1,0,3100000000,1,0,rex.seas.wustl.edu,0,0,0,0,0,0,0,0,0,0,1,#1 SMP Fri Apr 4 00:51:59 UTC 2014,0,0,0,1,8141708,793760,729280,496704,8327553024,7716356096,0,9203712,8472489984,7630340096,332,0,0,1,1,0,0,0,0,0,1.39988981117323803e-05,0,0,0,0.00120389804127293557,223
32768,8,64,32768,8,64,262144,8,64,6291456,12,64,0,0,0,4,0,0,0,0,0,0,0,0,0,0,0,0,0,0,0,0,0,0,1,0,3100000000,1,0,rex.seas.wustl.edu,0,0,0,0,0,0,0,0,0,0,1,#1 SMP Fri Apr 4 00:51:59 UTC 2014,0,0,0,1,8141708,793760,729280,496704,8327553024,7716356096,0,9203712,8472489984,7630340096,332,0,0,1,1,0,0,0,0,0,1.39980035697358753e-05,0,0,0,0.00120183171171181998,253
32768,8,64,32768,8,64,262144,8,64,6291456,12,64,0,0,0,4,0,0,0,0,0,0,0,0,0,0,0,0,0,0,0,0,0,0,1,0,3100000000,1,0,rex.seas.wustl.edu,0,0,0,0,0,0,0,0,0,0,1,#1 SMP Fri Apr 4 00:51:59 UTC 2014,0,0,0,1,8141708,793760,729280,496704,8327553024,7716356096,0,9203712,8472489984,7630340096,332,0,0,1,1,0,0,0,0,0,1.39728721577562418e-05,0,0,0,0.00121730156805179862,439
32768,8,64,32768,8,64,262144,8,64,6291456,12,64,0,0,0,4,0,0,0,0,0,0,0,0,0,0,0,0,0,0,0,0,0,0,1,0,3100000000,1,0,rex.seas.wustl.edu,0,0,0,0,0,0,0,0,0,0,1,#1 SMP Fri Apr 4 00:51:59 UTC 2014,0,0,0,1,8141708,793760,729280,496704,8327553024,7716356096,0,9203712,8472489984,7630340096,332,0,0,1,1,0,0,0,0,0,1.38341833401432101e-05,0,0,0,0.00116307368973206562,153
32768,8,64,32768,8,64,262144,8,64,6291456,12,64,0,0,0,4,0,0,0,0,0,0,0,0,0,0,0,0,0,0,0,0,0,0,1,0,3100000000,1,0,rex.seas.wustl.edu,0,0,0,0,0,0,0,0,0,0,1,#1 SMP Fri Apr 4 00:51:59 UTC 2014,0,0,0,1,8141708,793760,729280,496704,8327553024,7716356096,0,9203712,8472489984,7630340096,332,0,0,1,1,0,0,0,0,0,7.02581830144870617e-07,0,0,0,3.00110140421534703e-07,185
32768,8,64,32768,8,64,262144,8,64,6291456,12,64,0,0,0,4,0,0,0,0,0,0,0,0,0,0,0,0,0,0,0,0,0,0,1,0,3100000000,1,0,rex.seas.wustl.edu,0,0,0,0,0,0,0,0,0,0,1,#1 SMP Fri Apr 4 00:51:59 UTC 2014,0,0,0,1,8141708,793760,729280,496704,8327553024,7716356096,0,9203712,8472489984,7630340096,332,0,0,1,1,0,0,0,0,0,7.34276591161310746e-07,0,0,0,2.9932927792049964e-07,207
32768,8,64,32768,8,64,262144,8,64,6291456,12,64,0,0,0,4,0,0,0,0,0,0,0,0,0,0,0,0,0,0,0,0,0,0,1,0,3100000000,1,0,rex.seas.wustl.edu,0,0,0,0,0,0,0,0,0,0,1,#1 SMP Fri Apr 4 00:51:59 UTC 2014,0,0,0,1,8141708,793760,729280,496704,8327553024,7716356096,0,9203712,8472489984,7630340096,332,0,0,1,1,0,0,0,0,0,7.10659510680723867e-07,0,0,0,2.97032276269720158e-07,193
32768,8,64,32768,8,64,262144,8,64,6291456,12,64,0,0,0,4,0,0,0,0,0,0,0,0,0,0,0,0,0,0,0,0,0,0,1,0,3100000000,1,0,rex.seas.wustl.edu,0,0,0,0,0,0,0,0,0,0,1,#1 SMP Fri Apr 4 00:51:59 UTC 2014,0,0,0,1,8141708,793760,729280,496704,8327553024,7716356096,0,9203712,8472489984,7630340096,332,0,0,1,1,0,0,0,0,0,6.97273547123794556e-07,0,0,0,2.9601573915685097e-07,191
32768,8,64,32768,8,64,262144,8,64,6291456,12,64,0,0,0,4,0,0,0,0,0,0,0,0,0,0,0,0,0,0,0,0,0,0,1,0,3099877888,1,0,rex.seas.wustl.edu,0,0,0,0,0,0,0,0,0,0,1,#1 SMP Fri Apr 4 00:51:59 UTC 2014,0,0,0,1,8141731,761472,724928,501344,8327553024,7718408192,0,9211904,8472489984,7630344192,332,0,0,1,1,0,0,0,0,0,1.39988981117323803e-05,0,0,0,0.00120389804127293557,347
32768,8,64,32768,8,64,262144,8,64,6291456,12,64,0,0,0,4,0,0,0,0,0,0,0,0,0,0,0,0,0,0,0,0,0,0,1,0,3099877888,1,0,rex.seas.wustl.edu,0,0,0,0,0,0,0,0,0,0,1,#1 SMP Fri Apr 4 00:51:59 UTC 2014,0,0,0,1,8141731,761472,724928,501344,8327553024,7718408192,0,9211904,8472489984,7630344192,332,0,0,1,1,0,0,0,0,0,1.39980035697358753e-05,0,0,0,0.00120183171171181998,308
32768,8,64,32768,8,64,262144,8,64,6291456,12,64,0,0,0,4,0,0,0,0,0,0,0,0,0,0,0,0,0,0,0,0,0,0,1,0,3099877888,1,0,rex.seas.wustl.edu,0,0,0,0,0,0,0,0,0,0,1,#1 SMP Fri Apr 4 00:51:59 UTC 2014,0,0,0,1,8141731,761472,724928,501344,8327553024,7718408192,0,9211904,8472489984,7630344192,332,0,0,1,1,0,0,0,0,0,1.39728721577562418e-05,0,0,0,0.00121730156805179862,420
32768,8,64,32768,8,64,262144,8,64,6291456,12,64,0,0,0,4,0,0,0,0,0,0,0,0,0,0,0,0,0,0,0,0,0,0,1,0,3099877888,1,0,rex.seas.wustl.edu,0,0,0,0,0,0,0,0,0,0,1,#1 SMP Fri Apr 4 00:51:59 UTC 2014,0,0,0,1,8141731,761472,724928,501344,8327553024,7718408192,0,9211904,8472489984,7630344192,332,0,0,1,1,0,0,0,0,0,1.38341833401432101e-05,0,0,0,0.00116307368973206562,206
32768,8,64,32768,8,64,262144,8,64,6291456,12,64,0,0,0,4,0,0,0,0,0,0,0,0,0,0,0,0,0,0,0,0,0,0,1,0,3099877888,1,0,rex.seas.wustl.edu,0,0,0,0,0,0,0,0,0,0,1,#1 SMP Fri Apr 4 00:51:59 UTC 2014,0,0,0,1,8141731,761472,724928,501344,8327553024,7718408192,0,9211904,8472489984,7630344192,332,0,0,1,1,0,0,0,0,0,7.02581830144870617e-07,0,0,0,3.00110140421534703e-07,129
32768,8,64,32768,8,64,262144,8,64,6291456,12,64,0,0,0,4,0,0,0,0,0,0,0,0,0,0,0,0,0,0,0,0,0,0,1,0,3099877888,1,0,rex.seas.wustl.edu,0,0,0,0,0,0,0,0,0,0,1,#1 SMP Fri Apr 4 00:51:59 UTC 2014,0,0,0,1,8141731,761472,724928,501344,8327553024,7718408192,0,9211904,8472489984,7630344192,332,0,0,1,1,0,0,0,0,0,7.34276591161310746e-07,0,0,0,2.9932927792049964e-07,222
32768,8,64,32768,8,64,262144,8,64,6291456,12,64,0,0,0,4,0,0,0,0,0,0,0,0,0,0,0,0,0,0,0,0,0,0,1,0,3099877888,1,0,rex.seas.wustl.edu,0,0,0,0,0,0,0,0,0,0,1,#1 SMP Fri Apr 4 00:51:59 UTC 2014,0,0,0,1,8141731,761472,724928,501344,8327553024,7718408192,0,9211904,8472489984,7630344192,332,0,0,1,1,0,0,0,0,0,7.10659510680723867e-07,0,0,0,2.97032276269720158e-07,258
32768,8,64,32768,8,64,262144,8,64,6291456,12,64,0,0,0,4,0,0,0,0,0,0,0,0,0,0,0,0,0,0,0,0,0,0,1,0,3099877888,1,0,rex.seas.wustl.edu,0,0,0,0,0,0,0,0,0,0,1,#1 SMP Fri Apr 4 00:51:59 UTC 2014,0,0,0,1,8141731,761472,724928,501344,8327553024,7718408192,0,9211904,8472489984,7630344192,332,0,0,1,1,0,0,0,0,0,6.97273547123794556e-07,0,0,0,2.9601573915685097e-07,233
32768,8,64,32768,8,64,262144,8,64,6291456,12,64,0,0,0,4,0,0,0,0,0,0,0,0,0,0,0,0,0,0,0,0,0,0,1,0,3100000000,1,0,rex.seas.wustl.edu,0,0,0,0,0,0,0,0,0,0,1,#1 SMP Fri Apr 4 00:51:59 UTC 2014,0,0,0,1,8141750,809024,738400,510560,8327553024,7718817792,0,9220096,8472489984,7630360576,331,0,0,1,1,0,0,0,0,0,1.39988981117323803e-05,0,0,0,0.00120389804127293557,396
32768,8,64,32768,8,64,262144,8,64,6291456,12,64,0,0,0,4,0,0,0,0,0,0,0,0,0,0,0,0,0,0,0,0,0,0,1,0,3100000000,1,0,rex.seas.wustl.edu,0,0,0,0,0,0,0,0,0,0,1,#1 SMP Fri Apr 4 00:51:59 UTC 2014,0,0,0,1,8141750,809024,738400,510560,8327553024,7718817792,0,9220096,8472489984,7630360576,331,0,0,1,1,0,0,0,0,0,1.39980035697358753e-05,0,0,0,0.00120183171171181998,311
32768,8,64,32768,8,64,262144,8,64,6291456,12,64,0,0,0,4,0,0,0,0,0,0,0,0,0,0,0,0,0,0,0,0,0,0,1,0,3100000000,1,0,rex.seas.wustl.edu,0,0,0,0,0,0,0,0,0,0,1,#1 SMP Fri Apr 4 00:51:59 UTC 2014,0,0,0,1,8141750,809024,738400,510560,8327553024,7718817792,0,9220096,8472489984,7630360576,331,0,0,1,1,0,0,0,0,0,1.39728721577562418e-05,0,0,0,0.00121730156805179862,230
32768,8,64,32768,8,64,262144,8,64,6291456,12,64,0,0,0,4,0,0,0,0,0,0,0,0,0,0,0,0,0,0,0,0,0,0,1,0,3100000000,1,0,rex.seas.wustl.edu,0,0,0,0,0,0,0,0,0,0,1,#1 SMP Fri Apr 4 00:51:59 UTC 2014,0,0,0,1,8141750,809024,738400,510560,8327553024,7718817792,0,9220096,8472489984,7630360576,331,0,0,1,1,0,0,0,0,0,1.38341833401432101e-05,0,0,0,0.00116307368973206562,371
32768,8,64,32768,8,64,262144,8,64,6291456,12,64,0,0,0,4,0,0,0,0,0,0,0,0,0,0,0,0,0,0,0,0,0,0,1,0,3100000000,1,0,rex.seas.wustl.edu,0,0,0,0,0,0,0,0,0,0,1,#1 SMP Fri Apr 4 00:51:59 UTC 2014,0,0,0,1,8141750,809024,738400,510560,8327553024,7718817792,0,9220096,8472489984,7630360576,331,0,0,1,1,0,0,0,0,0,7.02581830144870617e-07,0,0,0,3.00110140421534703e-07,248
32768,8,64,32768,8,64,262144,8,64,6291456,12,64,0,0,0,4,0,0,0,0,0,0,0,0,0,0,0,0,0,0,0,0,0,0,1,0,3100000000,1,0,rex.seas.wustl.edu,0,0,0,0,0,0,0,0,0,0,1,#1 SMP Fri Apr 4 00:51:59 UTC 2014,0,0,0,1,8141750,809024,738400,510560,8327553024,7718817792,0,9220096,8472489984,7630360576,331,0,0,1,1,0,0,0,0,0,7.34276591161310746e-07,0,0,0,2.9932927792049964e-07,338
32768,8,64,32768,8,64,262144,8,64,6291456,12,64,0,0,0,4,0,0,0,0,0,0,0,0,0,0,0,0,0,0,0,0,0,0,1,0,3100000000,1,0,rex.seas.wustl.edu,0,0,0,0,0,0,0,0,0,0,1,#1 SMP Fri Apr 4 00:51:59 UTC 2014,0,0,0,1,8141750,809024,738400,510560,8327553024,7718817792,0,9220096,8472489984,7630360576,331,0,0,1,1,0,0,0,0,0,7.10659510680723867e-07,0,0,0,2.97032276269720158e-07,316
32768,8,64,32768,8,64,262144,8,64,6291456,12,64,0,0,0,4,0,0,0,0,0,0,0,0,0,0,0,0,0,0,0,0,0,0,1,0,3100000000,1,0,rex.seas.wustl.edu,0,0,0,0,0,0,0,0,0,0,1,#1 SMP Fri Apr 4 00:51:59 UTC 2014,0,0,0,1,8141750,809024,738400,510560,8327553024,7718817792,0,9220096,8472489984,7630360576,331,0,0,1,1,0,0,0,0,0,6.97273547123794556e-07,0,0,0,2.9601573915685097e-07,78
