32768,8,64,32768,8,64,262144,8,64,6291456,12,64,0,0,0,4, Intel(R) Xeon(R) CPU E31225 @ 3.10GHz,3100000000,Linux,rex.seas.wustl.edu,3.13.9-100.fc19.x86_64,#1 SMP Fri Apr 4 00:51:59 UTC 2014,x86_64,8141350,387616,520800,343584,8327553024,7740661760,0,8400896,8472489984,7627821056,333,0,0,1,SCHED_OTHER,0,727.41,724.597,179,1.00388
32768,8,64,32768,8,64,262144,8,64,6291456,12,64,0,0,0,4, Intel(R) Xeon(R) CPU E31225 @ 3.10GHz,3100000000,Linux,rex.seas.wustl.edu,3.13.9-100.fc19.x86_64,#1 SMP Fri Apr 4 00:51:59 UTC 2014,x86_64,8141350,387616,520800,343584,8327553024,7740661760,0,8400896,8472489984,7627821056,333,0,0,1,SCHED_OTHER,0,522.647,524.957,333,0.9956
32768,8,64,32768,8,64,262144,8,64,6291456,12,64,0,0,0,4, Intel(R) Xeon(R) CPU E31225 @ 3.10GHz,3100000000,Linux,rex.seas.wustl.edu,3.13.9-100.fc19.x86_64,#1 SMP Fri Apr 4 00:51:59 UTC 2014,x86_64,8141350,387616,520800,343584,8327553024,7740661760,0,8400896,8472489984,7627821056,333,0,0,1,SCHED_OTHER,0,691.679,699.381,260,0.988987
32768,8,64,32768,8,64,262144,8,64,6291456,12,64,0,0,0,4, Intel(R) Xeon(R) CPU E31225 @ 3.10GHz,3100000000,Linux,rex.seas.wustl.edu,3.13.9-100.fc19.x86_64,#1 SMP Fri Apr 4 00:51:59 UTC 2014,x86_64,8141350,387616,520800,343584,8327553024,7740661760,0,8400896,8472489984,7627821056,333,0,0,1,SCHED_OTHER,0,855.13,1403.06,240,0.609473
32768,8,64,32768,8,64,262144,8,64,6291456,12,64,0,0,0,4, Intel(R) Xeon(R) CPU E31225 @ 3.10GHz,3100000000,Linux,rex.seas.wustl.edu,3.13.9-100.fc19.x86_64,#1 SMP Fri Apr 4 00:51:59 UTC 2014,x86_64,8141350,387616,520800,343584,8327553024,7740661760,0,8400896,8472489984,7627821056,333,0,0,1,SCHED_OTHER,0,42187.1,1.74015e+06,245,0.0242434
32768,8,64,32768,8,64,262144,8,64,6291456,12,64,0,0,0,4, Intel(R) Xeon(R) CPU E31225 @ 3.10GHz,3100000000,Linux,rex.seas.wustl.edu,3.13.9-100.fc19.x86_64,#1 SMP Fri Apr 4 00:51:59 UTC 2014,x86_64,8141350,387616,520800,343584,8327553024,7740661760,0,8400896,8472489984,7627821056,333,0,0,1,SCHED_OTHER,0,35257.2,1.94244e+06,283,0.018151
32768,8,64,32768,8,64,262144,8,64,6291456,12,64,0,0,0,4, Intel(R) Xeon(R) CPU E31225 @ 3.10GHz,3100000000,Linux,rex.seas.wustl.edu,3.13.9-100.fc19.x86_64,#1 SMP Fri Apr 4 00:51:59 UTC 2014,x86_64,8141350,387616,520800,343584,8327553024,7740661760,0,8400896,8472489984,7627821056,333,0,0,1,SCHED_OTHER,0,25262.3,1.75181e+06,192,0.0144207
32768,8,64,32768,8,64,262144,8,64,6291456,12,64,0,0,0,4, Intel(R) Xeon(R) CPU E31225 @ 3.10GHz,3100000000,Linux,rex.seas.wustl.edu,3.13.9-100.fc19.x86_64,#1 SMP Fri Apr 4 00:51:59 UTC 2014,x86_64,8141350,387616,520800,343584,8327553024,7740661760,0,8400896,8472489984,7627821056,333,0,0,1,SCHED_OTHER,0,4850.93,2.46228e+06,194,0.0019701
32768,8,64,32768,8,64,262144,8,64,6291456,12,64,0,0,0,4, Intel(R) Xeon(R) CPU E31225 @ 3.10GHz,3100000000,Linux,rex.seas.wustl.edu,3.13.9-100.fc19.x86_64,#1 SMP Fri Apr 4 00:51:59 UTC 2014,x86_64,8141369,530816,545344,355456,8327553024,7738179584,0,8400896,8472489984,7627874304,333,0,0,1,SCHED_OTHER,0,370.946,495.936,379,0.747971
32768,8,64,32768,8,64,262144,8,64,6291456,12,64,0,0,0,4, Intel(R) Xeon(R) CPU E31225 @ 3.10GHz,3100000000,Linux,rex.seas.wustl.edu,3.13.9-100.fc19.x86_64,#1 SMP Fri Apr 4 00:51:59 UTC 2014,x86_64,8141369,530816,545344,355456,8327553024,7738179584,0,8400896,8472489984,7627874304,333,0,0,1,SCHED_OTHER,0,689.512,1401.73,97,0.491901
32768,8,64,32768,8,64,262144,8,64,6291456,12,64,0,0,0,4, Intel(R) Xeon(R) CPU E31225 @ 3.10GHz,3100000000,Linux,rex.seas.wustl.edu,3.13.9-100.fc19.x86_64,#1 SMP Fri Apr 4 00:51:59 UTC 2014,x86_64,8141369,530816,545344,355456,8327553024,7738179584,0,8400896,8472489984,7627874304,333,0,0,1,SCHED_OTHER,0,161.484,581.466,321,0.277718
32768,8,64,32768,8,64,262144,8,64,6291456,12,64,0,0,0,4, Intel(R) Xeon(R) CPU E31225 @ 3.10GHz,3100000000,Linux,rex.seas.wustl.edu,3.13.9-100.fc19.x86_64,#1 SMP Fri Apr 4 00:51:59 UTC 2014,x86_64,8141369,530816,545344,355456,8327553024,7738179584,0,8400896,8472489984,7627874304,333,0,0,1,SCHED_OTHER,0,324.766,736.908,330,0.440715
32768,8,64,32768,8,64,262144,8,64,6291456,12,64,0,0,0,4, Intel(R) Xeon(R) CPU E31225 @ 3.10GHz,3100000000,Linux,rex.seas.wustl.edu,3.13.9-100.fc19.x86_64,#1 SMP Fri Apr 4 00:51:59 UTC 2014,x86_64,8141369,530816,545344,355456,8327553024,7738179584,0,8400896,8472489984,7627874304,333,0,0,1,SCHED_OTHER,0,55140.8,1.75545e+06,314,0.0314111
32768,8,64,32768,8,64,262144,8,64,6291456,12,64,0,0,0,4, Intel(R) Xeon(R) CPU E31225 @ 3.10GHz,3100000000,Linux,rex.seas.wustl.edu,3.13.9-100.fc19.x86_64,#1 SMP Fri Apr 4 00:51:59 UTC 2014,x86_64,8141369,530816,545344,355456,8327553024,7738179584,0,8400896,8472489984,7627874304,333,0,0,1,SCHED_OTHER,0,29415.8,1.40703e+06,169,0.0209063
32768,8,64,32768,8,64,262144,8,64,6291456,12,64,0,0,0,4, Intel(R) Xeon(R) CPU E31225 @ 3.10GHz,3100000000,Linux,rex.seas.wustl.edu,3.13.9-100.fc19.x86_64,#1 SMP Fri Apr 4 00:51:59 UTC 2014,x86_64,8141369,530816,545344,355456,8327553024,7738179584,0,8400896,8472489984,7627874304,333,0,0,1,SCHED_OTHER,0,37128.1,2.55493e+06,270,0.0145318
32768,8,64,32768,8,64,262144,8,64,6291456,12,64,0,0,0,4, Intel(R) Xeon(R) CPU E31225 @ 3.10GHz,3100000000,Linux,rex.seas.wustl.edu,3.13.9-100.fc19.x86_64,#1 SMP Fri Apr 4 00:51:59 UTC 2014,x86_64,8141369,530816,545344,355456,8327553024,7738179584,0,8400896,8472489984,7627874304,333,0,0,1,SCHED_OTHER,0,19064.3,1.41914e+06,184,0.0134337
32768,8,64,32768,8,64,262144,8,64,6291456,12,64,0,0,0,4, Intel(R) Xeon(R) CPU E31225 @ 3.10GHz,3100000000,Linux,rex.seas.wustl.edu,3.13.9-100.fc19.x86_64,#1 SMP Fri Apr 4 00:51:59 UTC 2014,x86_64,8141387,620512,564608,364800,8327553024,7736877056,0,8421376,8472489984,7627874304,331,0,0,1,SCHED_OTHER,0,225.507,720.553,410,0.312963
32768,8,64,32768,8,64,262144,8,64,6291456,12,64,0,0,0,4, Intel(R) Xeon(R) CPU E31225 @ 3.10GHz,3100000000,Linux,rex.seas.wustl.edu,3.13.9-100.fc19.x86_64,#1 SMP Fri Apr 4 00:51:59 UTC 2014,x86_64,8141387,620512,564608,364800,8327553024,7736877056,0,8421376,8472489984,7627874304,331,0,0,1,SCHED_OTHER,0,789.554,826.848,303,0.954895
32768,8,64,32768,8,64,262144,8,64,6291456,12,64,0,0,0,4, Intel(R) Xeon(R) CPU E31225 @ 3.10GHz,3100000000,Linux,rex.seas.wustl.edu,3.13.9-100.fc19.x86_64,#1 SMP Fri Apr 4 00:51:59 UTC 2014,x86_64,8141387,620512,564608,364800,8327553024,7736877056,0,8421376,8472489984,7627874304,331,0,0,1,SCHED_OTHER,0,346.292,798.139,361,0.433874
32768,8,64,32768,8,64,262144,8,64,6291456,12,64,0,0,0,4, Intel(R) Xeon(R) CPU E31225 @ 3.10GHz,3100000000,Linux,rex.seas.wustl.edu,3.13.9-100.fc19.x86_64,#1 SMP Fri Apr 4 00:51:59 UTC 2014,x86_64,8141387,620512,564608,364800,8327553024,7736877056,0,8421376,8472489984,7627874304,331,0,0,1,SCHED_OTHER,0,167.792,768.615,213,0.218304
32768,8,64,32768,8,64,262144,8,64,6291456,12,64,0,0,0,4, Intel(R) Xeon(R) CPU E31225 @ 3.10GHz,3100000000,Linux,rex.seas.wustl.edu,3.13.9-100.fc19.x86_64,#1 SMP Fri Apr 4 00:51:59 UTC 2014,x86_64,8141387,620512,564608,364800,8327553024,7736877056,0,8421376,8472489984,7627874304,331,0,0,1,SCHED_OTHER,0,8528.15,2.76972e+06,137,0.00307907
32768,8,64,32768,8,64,262144,8,64,6291456,12,64,0,0,0,4, Intel(R) Xeon(R) CPU E31225 @ 3.10GHz,3100000000,Linux,rex.seas.wustl.edu,3.13.9-100.fc19.x86_64,#1 SMP Fri Apr 4 00:51:59 UTC 2014,x86_64,8141387,620512,564608,364800,8327553024,7736877056,0,8421376,8472489984,7627874304,331,0,0,1,SCHED_OTHER,0,7878.15,1.92895e+06,247,0.00408418
32768,8,64,32768,8,64,262144,8,64,6291456,12,64,0,0,0,4, Intel(R) Xeon(R) CPU E31225 @ 3.10GHz,3100000000,Linux,rex.seas.wustl.edu,3.13.9-100.fc19.x86_64,#1 SMP Fri Apr 4 00:51:59 UTC 2014,x86_64,8141387,620512,564608,364800,8327553024,7736877056,0,8421376,8472489984,7627874304,331,0,0,1,SCHED_OTHER,0,39633.1,3.05902e+06,314,0.0129561
32768,8,64,32768,8,64,262144,8,64,6291456,12,64,0,0,0,4, Intel(R) Xeon(R) CPU E31225 @ 3.10GHz,3100000000,Linux,rex.seas.wustl.edu,3.13.9-100.fc19.x86_64,#1 SMP Fri Apr 4 00:51:59 UTC 2014,x86_64,8141387,620512,564608,364800,8327553024,7736877056,0,8421376,8472489984,7627874304,331,0,0,1,SCHED_OTHER,0,6.79948,5.63791e+06,19,1.20603e-06
32768,8,64,32768,8,64,262144,8,64,6291456,12,64,0,0,0,4, Intel(R) Xeon(R) CPU E31225 @ 3.10GHz,3099877888,Linux,rex.seas.wustl.edu,3.13.9-100.fc19.x86_64,#1 SMP Fri Apr 4 00:51:59 UTC 2014,x86_64,8141408,647264,572960,371744,8327553024,7736709120,0,8421376,8472489984,7627874304,332,0,0,1,SCHED_OTHER,0,497.851,700.208,300,0.711005
32768,8,64,32768,8,64,262144,8,64,6291456,12,64,0,0,0,4, Intel(R) Xeon(R) CPU E31225 @ 3.10GHz,3099877888,Linux,rex.seas.wustl.edu,3.13.9-100.fc19.x86_64,#1 SMP Fri Apr 4 00:51:59 UTC 2014,x86_64,8141408,647264,572960,371744,8327553024,7736709120,0,8421376,8472489984,7627874304,332,0,0,1,SCHED_OTHER,0,318.957,730.308,264,0.436744
32768,8,64,32768,8,64,262144,8,64,6291456,12,64,0,0,0,4, Intel(R) Xeon(R) CPU E31225 @ 3.10GHz,3099877888,Linux,rex.seas.wustl.edu,3.13.9-100.fc19.x86_64,#1 SMP Fri Apr 4 00:51:59 UTC 2014,x86_64,8141408,647264,572960,371744,8327553024,7736709120,0,8421376,8472489984,7627874304,332,0,0,1,SCHED_OTHER,0,282.946,648.771,260,0.436126
32768,8,64,32768,8,64,262144,8,64,6291456,12,64,0,0,0,4, Intel(R) Xeon(R) CPU E31225 @ 3.10GHz,3099877888,Linux,rex.seas.wustl.edu,3.13.9-100.fc19.x86_64,#1 SMP Fri Apr 4 00:51:59 UTC 2014,x86_64,8141408,647264,572960,371744,8327553024,7736709120,0,8421376,8472489984,7627874304,332,0,0,1,SCHED_OTHER,0,63.9278,540.211,306,0.118338
32768,8,64,32768,8,64,262144,8,64,6291456,12,64,0,0,0,4, Intel(R) Xeon(R) CPU E31225 @ 3.10GHz,3099877888,Linux,rex.seas.wustl.edu,3.13.9-100.fc19.x86_64,#1 SMP Fri Apr 4 00:51:59 UTC 2014,x86_64,8141408,647264,572960,371744,8327553024,7736709120,0,8421376,8472489984,7627874304,332,0,0,1,SCHED_OTHER,0,20351.9,1.49593e+06,175,0.0136048
32768,8,64,32768,8,64,262144,8,64,6291456,12,64,0,0,0,4, Intel(R) Xeon(R) CPU E31225 @ 3.10GHz,3099877888,Linux,rex.seas.wustl.edu,3.13.9-100.fc19.x86_64,#1 SMP Fri Apr 4 00:51:59 UTC 2014,x86_64,8141408,647264,572960,371744,8327553024,7736709120,0,8421376,8472489984,7627874304,332,0,0,1,SCHED_OTHER,0,12744.4,1.7102e+06,241,0.00745201
32768,8,64,32768,8,64,262144,8,64,6291456,12,64,0,0,0,4, Intel(R) Xeon(R) CPU E31225 @ 3.10GHz,3099877888,Linux,rex.seas.wustl.edu,3.13.9-100.fc19.x86_64,#1 SMP Fri Apr 4 00:51:59 UTC 2014,x86_64,8141408,647264,572960,371744,8327553024,7736709120,0,8421376,8472489984,7627874304,332,0,0,1,SCHED_OTHER,0,5408.49,1.84727e+06,218,0.00292781
32768,8,64,32768,8,64,262144,8,64,6291456,12,64,0,0,0,4, Intel(R) Xeon(R) CPU E31225 @ 3.10GHz,3099877888,Linux,rex.seas.wustl.edu,3.13.9-100.fc19.x86_64,#1 SMP Fri Apr 4 00:51:59 UTC 2014,x86_64,8141408,647264,572960,371744,8327553024,7736709120,0,8421376,8472489984,7627874304,332,0,0,1,SCHED_OTHER,0,13403.9,1.73212e+06,287,0.00773842
32768,8,64,32768,8,64,262144,8,64,6291456,12,64,0,0,0,4, Intel(R) Xeon(R) CPU E31225 @ 3.10GHz,3099877888,Linux,rex.seas.wustl.edu,3.13.9-100.fc19.x86_64,#1 SMP Fri Apr 4 00:51:59 UTC 2014,x86_64,8141432,670464,583136,380352,8327553024,7736995840,0,8429568,8472489984,7627886592,332,0,0,1,SCHED_OTHER,0,71.2823,648.147,306,0.109979
32768,8,64,32768,8,64,262144,8,64,6291456,12,64,0,0,0,4, Intel(R) Xeon(R) CPU E31225 @ 3.10GHz,3099877888,Linux,rex.seas.wustl.edu,3.13.9-100.fc19.x86_64,#1 SMP Fri Apr 4 00:51:59 UTC 2014,x86_64,8141432,670464,583136,380352,8327553024,7736995840,0,8429568,8472489984,7627886592,332,0,0,1,SCHED_OTHER,0,520.037,564.097,177,0.921892
32768,8,64,32768,8,64,262144,8,64,6291456,12,64,0,0,0,4, Intel(R) Xeon(R) CPU E31225 @ 3.10GHz,3099877888,Linux,rex.seas.wustl.edu,3.13.9-100.fc19.x86_64,#1 SMP Fri Apr 4 00:51:59 UTC 2014,x86_64,8141432,670464,583136,380352,8327553024,7736995840,0,8429568,8472489984,7627886592,332,0,0,1,SCHED_OTHER,0,528.646,530.702,270,0.996123
32768,8,64,32768,8,64,262144,8,64,6291456,12,64,0,0,0,4, Intel(R) Xeon(R) CPU E31225 @ 3.10GHz,3099877888,Linux,rex.seas.wustl.edu,3.13.9-100.fc19.x86_64,#1 SMP Fri Apr 4 00:51:59 UTC 2014,x86_64,8141432,670464,583136,380352,8327553024,7736995840,0,8429568,8472489984,7627886592,332,0,0,1,SCHED_OTHER,0,156.306,439.182,281,0.355904
32768,8,64,32768,8,64,262144,8,64,6291456,12,64,0,0,0,4, Intel(R) Xeon(R) CPU E31225 @ 3.10GHz,3099877888,Linux,rex.seas.wustl.edu,3.13.9-100.fc19.x86_64,#1 SMP Fri Apr 4 00:51:59 UTC 2014,x86_64,8141432,670464,583136,380352,8327553024,7736995840,0,8429568,8472489984,7627886592,332,0,0,1,SCHED_OTHER,0,15194.3,1.39801e+06,138,0.0108685
32768,8,64,32768,8,64,262144,8,64,6291456,12,64,0,0,0,4, Intel(R) Xeon(R) CPU E31225 @ 3.10GHz,3099877888,Linux,rex.seas.wustl.edu,3.13.9-100.fc19.x86_64,#1 SMP Fri Apr 4 00:51:59 UTC 2014,x86_64,8141432,670464,583136,380352,8327553024,7736995840,0,8429568,8472489984,7627886592,332,0,0,1,SCHED_OTHER,0,6010.76,1.44269e+06,174,0.00416635
32768,8,64,32768,8,64,262144,8,64,6291456,12,64,0,0,0,4, Intel(R) Xeon(R) CPU E31225 @ 3.10GHz,3099877888,Linux,rex.seas.wustl.edu,3.13.9-100.fc19.x86_64,#1 SMP Fri Apr 4 00:51:59 UTC 2014,x86_64,8141432,670464,583136,380352,8327553024,7736995840,0,8429568,8472489984,7627886592,332,0,0,1,SCHED_OTHER,0,16773.6,1.47497e+06,164,0.0113721
32768,8,64,32768,8,64,262144,8,64,6291456,12,64,0,0,0,4, Intel(R) Xeon(R) CPU E31225 @ 3.10GHz,3099877888,Linux,rex.seas.wustl.edu,3.13.9-100.fc19.x86_64,#1 SMP Fri Apr 4 00:51:59 UTC 2014,x86_64,8141432,670464,583136,380352,8327553024,7736995840,0,8429568,8472489984,7627886592,332,0,0,1,SCHED_OTHER,0,19046.7,1.2867e+06,268,0.0148028
32768,8,64,32768,8,64,262144,8,64,6291456,12,64,0,0,0,4, Intel(R) Xeon(R) CPU E31225 @ 3.10GHz,3100000000,Linux,rex.seas.wustl.edu,3.13.9-100.fc19.x86_64,#1 SMP Fri Apr 4 00:51:59 UTC 2014,x86_64,8141454,746848,608768,394272,8327553024,7734624256,0,8433664,8472489984,7627886592,331,0,0,1,SCHED_OTHER,0,619.006,658.529,269,0.939984
32768,8,64,32768,8,64,262144,8,64,6291456,12,64,0,0,0,4, Intel(R) Xeon(R) CPU E31225 @ 3.10GHz,3100000000,Linux,rex.seas.wustl.edu,3.13.9-100.fc19.x86_64,#1 SMP Fri Apr 4 00:51:59 UTC 2014,x86_64,8141454,746848,608768,394272,8327553024,7734624256,0,8433664,8472489984,7627886592,331,0,0,1,SCHED_OTHER,0,701.49,744.024,290,0.942833
32768,8,64,32768,8,64,262144,8,64,6291456,12,64,0,0,0,4, Intel(R) Xeon(R) CPU E31225 @ 3.10GHz,3100000000,Linux,rex.seas.wustl.edu,3.13.9-100.fc19.x86_64,#1 SMP Fri Apr 4 00:51:59 UTC 2014,x86_64,8141454,746848,608768,394272,8327553024,7734624256,0,8433664,8472489984,7627886592,331,0,0,1,SCHED_OTHER,0,78.2425,692.435,385,0.112996
32768,8,64,32768,8,64,262144,8,64,6291456,12,64,0,0,0,4, Intel(R) Xeon(R) CPU E31225 @ 3.10GHz,3100000000,Linux,rex.seas.wustl.edu,3.13.9-100.fc19.x86_64,#1 SMP Fri Apr 4 00:51:59 UTC 2014,x86_64,8141454,746848,608768,394272,8327553024,7734624256,0,8433664,8472489984,7627886592,331,0,0,1,SCHED_OTHER,0,215.486,576.341,345,0.373886
32768,8,64,32768,8,64,262144,8,64,6291456,12,64,0,0,0,4, Intel(R) Xeon(R) CPU E31225 @ 3.10GHz,3100000000,Linux,rex.seas.wustl.edu,3.13.9-100.fc19.x86_64,#1 SMP Fri Apr 4 00:51:59 UTC 2014,x86_64,8141454,746848,608768,394272,8327553024,7734624256,0,8433664,8472489984,7627886592,331,0,0,1,SCHED_OTHER,0,43794.5,1.57124e+06,265,0.0278726
32768,8,64,32768,8,64,262144,8,64,6291456,12,64,0,0,0,4, Intel(R) Xeon(R) CPU E31225 @ 3.10GHz,3100000000,Linux,rex.seas.wustl.edu,3.13.9-100.fc19.x86_64,#1 SMP Fri Apr 4 00:51:59 UTC 2014,x86_64,8141454,746848,608768,394272,8327553024,7734624256,0,8433664,8472489984,7627886592,331,0,0,1,SCHED_OTHER,0,8339.95,1.78755e+06,258,0.00466557
32768,8,64,32768,8,64,262144,8,64,6291456,12,64,0,0,0,4, Intel(R) Xeon(R) CPU E31225 @ 3.10GHz,3100000000,Linux,rex.seas.wustl.edu,3.13.9-100.fc19.x86_64,#1 SMP Fri Apr 4 00:51:59 UTC 2014,x86_64,8141454,746848,608768,394272,8327553024,7734624256,0,8433664,8472489984,7627886592,331,0,0,1,SCHED_OTHER,0,52717.9,1.56227e+06,262,0.0337445
32768,8,64,32768,8,64,262144,8,64,6291456,12,64,0,0,0,4, Intel(R) Xeon(R) CPU E31225 @ 3.10GHz,3100000000,Linux,rex.seas.wustl.edu,3.13.9-100.fc19.x86_64,#1 SMP Fri Apr 4 00:51:59 UTC 2014,x86_64,8141454,746848,608768,394272,8327553024,7734624256,0,8433664,8472489984,7627886592,331,0,0,1,SCHED_OTHER,0,5.25845,1.25279e+07,107,4.19739e-07
32768,8,64,32768,8,64,262144,8,64,6291456,12,64,0,0,0,4, Intel(R) Xeon(R) CPU E31225 @ 3.10GHz,3099877888,Linux,rex.seas.wustl.edu,3.13.9-100.fc19.x86_64,#1 SMP Fri Apr 4 00:51:59 UTC 2014,x86_64,8141476,798560,629760,405760,8327553024,7735025664,0,8716288,8472489984,7628148736,331,0,0,1,SCHED_OTHER,0,533.036,554.017,406,0.96213
32768,8,64,32768,8,64,262144,8,64,6291456,12,64,0,0,0,4, Intel(R) Xeon(R) CPU E31225 @ 3.10GHz,3099877888,Linux,rex.seas.wustl.edu,3.13.9-100.fc19.x86_64,#1 SMP Fri Apr 4 00:51:59 UTC 2014,x86_64,8141476,798560,629760,405760,8327553024,7735025664,0,8716288,8472489984,7628148736,331,0,0,1,SCHED_OTHER,0,110.692,840.445,421,0.131706
32768,8,64,32768,8,64,262144,8,64,6291456,12,64,0,0,0,4, Intel(R) Xeon(R) CPU E31225 @ 3.10GHz,3099877888,Linux,rex.seas.wustl.edu,3.13.9-100.fc19.x86_64,#1 SMP Fri Apr 4 00:51:59 UTC 2014,x86_64,8141476,798560,629760,405760,8327553024,7735025664,0,8716288,8472489984,7628148736,331,0,0,1,SCHED_OTHER,0,356.805,818.129,288,0.436123
32768,8,64,32768,8,64,262144,8,64,6291456,12,64,0,0,0,4, Intel(R) Xeon(R) CPU E31225 @ 3.10GHz,3099877888,Linux,rex.seas.wustl.edu,3.13.9-100.fc19.x86_64,#1 SMP Fri Apr 4 00:51:59 UTC 2014,x86_64,8141476,798560,629760,405760,8327553024,7735025664,0,8716288,8472489984,7628148736,331,0,0,1,SCHED_OTHER,0,817.599,2228.08,3,0.366952
32768,8,64,32768,8,64,262144,8,64,6291456,12,64,0,0,0,4, Intel(R) Xeon(R) CPU E31225 @ 3.10GHz,3099877888,Linux,rex.seas.wustl.edu,3.13.9-100.fc19.x86_64,#1 SMP Fri Apr 4 00:51:59 UTC 2014,x86_64,8141476,798560,629760,405760,8327553024,7735025664,0,8716288,8472489984,7628148736,331,0,0,1,SCHED_OTHER,0,66614.2,1.53143e+06,267,0.0434979
32768,8,64,32768,8,64,262144,8,64,6291456,12,64,0,0,0,4, Intel(R) Xeon(R) CPU E31225 @ 3.10GHz,3099877888,Linux,rex.seas.wustl.edu,3.13.9-100.fc19.x86_64,#1 SMP Fri Apr 4 00:51:59 UTC 2014,x86_64,8141476,798560,629760,405760,8327553024,7735025664,0,8716288,8472489984,7628148736,331,0,0,1,SCHED_OTHER,0,35830.4,1.15545e+06,291,0.0310098
32768,8,64,32768,8,64,262144,8,64,6291456,12,64,0,0,0,4, Intel(R) Xeon(R) CPU E31225 @ 3.10GHz,3099877888,Linux,rex.seas.wustl.edu,3.13.9-100.fc19.x86_64,#1 SMP Fri Apr 4 00:51:59 UTC 2014,x86_64,8141476,798560,629760,405760,8327553024,7735025664,0,8716288,8472489984,7628148736,331,0,0,1,SCHED_OTHER,0,16032.7,1.48897e+06,257,0.0107676
32768,8,64,32768,8,64,262144,8,64,6291456,12,64,0,0,0,4, Intel(R) Xeon(R) CPU E31225 @ 3.10GHz,3099877888,Linux,rex.seas.wustl.edu,3.13.9-100.fc19.x86_64,#1 SMP Fri Apr 4 00:51:59 UTC 2014,x86_64,8141476,798560,629760,405760,8327553024,7735025664,0,8716288,8472489984,7628148736,331,0,0,1,SCHED_OTHER,0,11856.1,1.90732e+06,231,0.00621609
32768,8,64,32768,8,64,262144,8,64,6291456,12,64,0,0,0,4, Intel(R) Xeon(R) CPU E31225 @ 3.10GHz,3100000000,Linux,rex.seas.wustl.edu,3.13.9-100.fc19.x86_64,#1 SMP Fri Apr 4 00:51:59 UTC 2014,x86_64,8141497,840448,650432,417344,8327553024,7728152576,0,9048064,8472489984,7630245888,330,0,0,1,SCHED_OTHER,0,12.884,746.686,372,0.017255
32768,8,64,32768,8,64,262144,8,64,6291456,12,64,0,0,0,4, Intel(R) Xeon(R) CPU E31225 @ 3.10GHz,3100000000,Linux,rex.seas.wustl.edu,3.13.9-100.fc19.x86_64,#1 SMP Fri Apr 4 00:51:59 UTC 2014,x86_64,8141497,840448,650432,417344,8327553024,7728152576,0,9048064,8472489984,7630245888,330,0,0,1,SCHED_OTHER,0,547.741,573.614,125,0.954895
32768,8,64,32768,8,64,262144,8,64,6291456,12,64,0,0,0,4, Intel(R) Xeon(R) CPU E31225 @ 3.10GHz,3100000000,Linux,rex.seas.wustl.edu,3.13.9-100.fc19.x86_64,#1 SMP Fri Apr 4 00:51:59 UTC 2014,x86_64,8141497,840448,650432,417344,8327553024,7728152576,0,9048064,8472489984,7630245888,330,0,0,1,SCHED_OTHER,0,363.106,832.577,307,0.436123
32768,8,64,32768,8,64,262144,8,64,6291456,12,64,0,0,0,4, Intel(R) Xeon(R) CPU E31225 @ 3.10GHz,3100000000,Linux,rex.seas.wustl.edu,3.13.9-100.fc19.x86_64,#1 SMP Fri Apr 4 00:51:59 UTC 2014,x86_64,8141497,840448,650432,417344,8327553024,7728152576,0,9048064,8472489984,7630245888,330,0,0,1,SCHED_OTHER,0,384.177,880.891,251,0.436123
32768,8,64,32768,8,64,262144,8,64,6291456,12,64,0,0,0,4, Intel(R) Xeon(R) CPU E31225 @ 3.10GHz,3100000000,Linux,rex.seas.wustl.edu,3.13.9-100.fc19.x86_64,#1 SMP Fri Apr 4 00:51:59 UTC 2014,x86_64,8141497,840448,650432,417344,8327553024,7728152576,0,9048064,8472489984,7630245888,330,0,0,1,SCHED_OTHER,0,60450.2,2.51937e+06,285,0.0239942
32768,8,64,32768,8,64,262144,8,64,6291456,12,64,0,0,0,4, Intel(R) Xeon(R) CPU E31225 @ 3.10GHz,3100000000,Linux,rex.seas.wustl.edu,3.13.9-100.fc19.x86_64,#1 SMP Fri Apr 4 00:51:59 UTC 2014,x86_64,8141497,840448,650432,417344,8327553024,7728152576,0,9048064,8472489984,7630245888,330,0,0,1,SCHED_OTHER,0,3519.1,1.3558e+06,174,0.00259558
32768,8,64,32768,8,64,262144,8,64,6291456,12,64,0,0,0,4, Intel(R) Xeon(R) CPU E31225 @ 3.10GHz,3100000000,Linux,rex.seas.wustl.edu,3.13.9-100.fc19.x86_64,#1 SMP Fri Apr 4 00:51:59 UTC 2014,x86_64,8141497,840448,650432,417344,8327553024,7728152576,0,9048064,8472489984,7630245888,330,0,0,1,SCHED_OTHER,0,26813.1,1.5079e+06,234,0.0177817
32768,8,64,32768,8,64,262144,8,64,6291456,12,64,0,0,0,4, Intel(R) Xeon(R) CPU E31225 @ 3.10GHz,3100000000,Linux,rex.seas.wustl.edu,3.13.9-100.fc19.x86_64,#1 SMP Fri Apr 4 00:51:59 UTC 2014,x86_64,8141497,840448,650432,417344,8327553024,7728152576,0,9048064,8472489984,7630245888,330,0,0,1,SCHED_OTHER,0,16041.7,3.59117e+06,249,0.004467
32768,8,64,32768,8,64,262144,8,64,6291456,12,64,0,0,0,4, Intel(R) Xeon(R) CPU E31225 @ 3.10GHz,3100000000,Linux,rex.seas.wustl.edu,3.13.9-100.fc19.x86_64,#1 SMP Fri Apr 4 00:51:59 UTC 2014,x86_64,8141515,860352,667680,427968,8327553024,7725322240,0,9056256,8472489984,7630245888,331,0,0,1,SCHED_OTHER,0,278.776,712.558,350,0.391233
32768,8,64,32768,8,64,262144,8,64,6291456,12,64,0,0,0,4, Intel(R) Xeon(R) CPU E31225 @ 3.10GHz,3100000000,Linux,rex.seas.wustl.edu,3.13.9-100.fc19.x86_64,#1 SMP Fri Apr 4 00:51:59 UTC 2014,x86_64,8141515,860352,667680,427968,8327553024,7725322240,0,9056256,8472489984,7630245888,331,0,0,1,SCHED_OTHER,0,438.36,1008.77,286,0.434551
32768,8,64,32768,8,64,262144,8,64,6291456,12,64,0,0,0,4, Intel(R) Xeon(R) CPU E31225 @ 3.10GHz,3100000000,Linux,rex.seas.wustl.edu,3.13.9-100.fc19.x86_64,#1 SMP Fri Apr 4 00:51:59 UTC 2014,x86_64,8141515,860352,667680,427968,8327553024,7725322240,0,9056256,8472489984,7630245888,331,0,0,1,SCHED_OTHER,0,678.106,690.993,397,0.981349
32768,8,64,32768,8,64,262144,8,64,6291456,12,64,0,0,0,4, Intel(R) Xeon(R) CPU E31225 @ 3.10GHz,3100000000,Linux,rex.seas.wustl.edu,3.13.9-100.fc19.x86_64,#1 SMP Fri Apr 4 00:51:59 UTC 2014,x86_64,8141515,860352,667680,427968,8327553024,7725322240,0,9056256,8472489984,7630245888,331,0,0,1,SCHED_OTHER,0,4887.08,11205.7,53,0.436123
32768,8,64,32768,8,64,262144,8,64,6291456,12,64,0,0,0,4, Intel(R) Xeon(R) CPU E31225 @ 3.10GHz,3100000000,Linux,rex.seas.wustl.edu,3.13.9-100.fc19.x86_64,#1 SMP Fri Apr 4 00:51:59 UTC 2014,x86_64,8141515,860352,667680,427968,8327553024,7725322240,0,9056256,8472489984,7630245888,331,0,0,1,SCHED_OTHER,0,14473.1,1.54889e+06,236,0.00934418
32768,8,64,32768,8,64,262144,8,64,6291456,12,64,0,0,0,4, Intel(R) Xeon(R) CPU E31225 @ 3.10GHz,3100000000,Linux,rex.seas.wustl.edu,3.13.9-100.fc19.x86_64,#1 SMP Fri Apr 4 00:51:59 UTC 2014,x86_64,8141515,860352,667680,427968,8327553024,7725322240,0,9056256,8472489984,7630245888,331,0,0,1,SCHED_OTHER,0,57995.1,2.05065e+06,245,0.0282813
32768,8,64,32768,8,64,262144,8,64,6291456,12,64,0,0,0,4, Intel(R) Xeon(R) CPU E31225 @ 3.10GHz,3100000000,Linux,rex.seas.wustl.edu,3.13.9-100.fc19.x86_64,#1 SMP Fri Apr 4 00:51:59 UTC 2014,x86_64,8141515,860352,667680,427968,8327553024,7725322240,0,9056256,8472489984,7630245888,331,0,0,1,SCHED_OTHER,0,41458.9,1.64445e+06,312,0.0252114
32768,8,64,32768,8,64,262144,8,64,6291456,12,64,0,0,0,4, Intel(R) Xeon(R) CPU E31225 @ 3.10GHz,3100000000,Linux,rex.seas.wustl.edu,3.13.9-100.fc19.x86_64,#1 SMP Fri Apr 4 00:51:59 UTC 2014,x86_64,8141515,860352,667680,427968,8327553024,7725322240,0,9056256,8472489984,7630245888,331,0,0,1,SCHED_OTHER,0,56309.4,2.52473e+06,267,0.0223029
32768,8,64,32768,8,64,262144,8,64,6291456,12,64,0,0,0,4, Intel(R) Xeon(R) CPU E31225 @ 3.10GHz,3100000000,Linux,rex.seas.wustl.edu,3.13.9-100.fc19.x86_64,#1 SMP Fri Apr 4 00:51:59 UTC 2014,x86_64,8141538,879840,684864,438752,8327553024,7727669248,0,9056256,8472489984,7630295040,332,0,0,1,SCHED_OTHER,0,111.652,597.307,390,0.186925
32768,8,64,32768,8,64,262144,8,64,6291456,12,64,0,0,0,4, Intel(R) Xeon(R) CPU E31225 @ 3.10GHz,3100000000,Linux,rex.seas.wustl.edu,3.13.9-100.fc19.x86_64,#1 SMP Fri Apr 4 00:51:59 UTC 2014,x86_64,8141538,879840,684864,438752,8327553024,7727669248,0,9056256,8472489984,7630295040,332,0,0,1,SCHED_OTHER,0,211.005,589.45,186,0.357969
32768,8,64,32768,8,64,262144,8,64,6291456,12,64,0,0,0,4, Intel(R) Xeon(R) CPU E31225 @ 3.10GHz,3100000000,Linux,rex.seas.wustl.edu,3.13.9-100.fc19.x86_64,#1 SMP Fri Apr 4 00:51:59 UTC 2014,x86_64,8141538,879840,684864,438752,8327553024,7727669248,0,9056256,8472489984,7630295040,332,0,0,1,SCHED_OTHER,0,473.509,843.032,291,0.561674
32768,8,64,32768,8,64,262144,8,64,6291456,12,64,0,0,0,4, Intel(R) Xeon(R) CPU E31225 @ 3.10GHz,3100000000,Linux,rex.seas.wustl.edu,3.13.9-100.fc19.x86_64,#1 SMP Fri Apr 4 00:51:59 UTC 2014,x86_64,8141538,879840,684864,438752,8327553024,7727669248,0,9056256,8472489984,7630295040,332,0,0,1,SCHED_OTHER,0,209.37,480.071,203,0.436123
32768,8,64,32768,8,64,262144,8,64,6291456,12,64,0,0,0,4, Intel(R) Xeon(R) CPU E31225 @ 3.10GHz,3100000000,Linux,rex.seas.wustl.edu,3.13.9-100.fc19.x86_64,#1 SMP Fri Apr 4 00:51:59 UTC 2014,x86_64,8141538,879840,684864,438752,8327553024,7727669248,0,9056256,8472489984,7630295040,332,0,0,1,SCHED_OTHER,0,5704.49,1.90025e+06,111,0.00300197
32768,8,64,32768,8,64,262144,8,64,6291456,12,64,0,0,0,4, Intel(R) Xeon(R) CPU E31225 @ 3.10GHz,3100000000,Linux,rex.seas.wustl.edu,3.13.9-100.fc19.x86_64,#1 SMP Fri Apr 4 00:51:59 UTC 2014,x86_64,8141538,879840,684864,438752,8327553024,7727669248,0,9056256,8472489984,7630295040,332,0,0,1,SCHED_OTHER,0,9201.43,1.22363e+06,121,0.0075198
32768,8,64,32768,8,64,262144,8,64,6291456,12,64,0,0,0,4, Intel(R) Xeon(R) CPU E31225 @ 3.10GHz,3100000000,Linux,rex.seas.wustl.edu,3.13.9-100.fc19.x86_64,#1 SMP Fri Apr 4 00:51:59 UTC 2014,x86_64,8141538,879840,684864,438752,8327553024,7727669248,0,9056256,8472489984,7630295040,332,0,0,1,SCHED_OTHER,0,17427.8,1.35256e+06,232,0.0128849
32768,8,64,32768,8,64,262144,8,64,6291456,12,64,0,0,0,4, Intel(R) Xeon(R) CPU E31225 @ 3.10GHz,3100000000,Linux,rex.seas.wustl.edu,3.13.9-100.fc19.x86_64,#1 SMP Fri Apr 4 00:51:59 UTC 2014,x86_64,8141538,879840,684864,438752,8327553024,7727669248,0,9056256,8472489984,7630295040,332,0,0,1,SCHED_OTHER,0,52217.1,1.48193e+06,216,0.0352358
32768,8,64,32768,8,64,262144,8,64,6291456,12,64,0,0,0,4, Intel(R) Xeon(R) CPU E31225 @ 3.10GHz,3099877888,Linux,rex.seas.wustl.edu,3.13.9-100.fc19.x86_64,#1 SMP Fri Apr 4 00:51:59 UTC 2014,x86_64,8141561,803232,680800,443872,8327553024,7727267840,0,9056256,8472489984,7630295040,332,0,0,1,SCHED_OTHER,0,400.889,583.029,249,0.687597
32768,8,64,32768,8,64,262144,8,64,6291456,12,64,0,0,0,4, Intel(R) Xeon(R) CPU E31225 @ 3.10GHz,3099877888,Linux,rex.seas.wustl.edu,3.13.9-100.fc19.x86_64,#1 SMP Fri Apr 4 00:51:59 UTC 2014,x86_64,8141561,803232,680800,443872,8327553024,7727267840,0,9056256,8472489984,7630295040,332,0,0,1,SCHED_OTHER,0,464.466,1105.12,326,0.420285
32768,8,64,32768,8,64,262144,8,64,6291456,12,64,0,0,0,4, Intel(R) Xeon(R) CPU E31225 @ 3.10GHz,3099877888,Linux,rex.seas.wustl.edu,3.13.9-100.fc19.x86_64,#1 SMP Fri Apr 4 00:51:59 UTC 2014,x86_64,8141561,803232,680800,443872,8327553024,7727267840,0,9056256,8472489984,7630295040,332,0,0,1,SCHED_OTHER,0,667.143,1602.22,52,0.416388
32768,8,64,32768,8,64,262144,8,64,6291456,12,64,0,0,0,4, Intel(R) Xeon(R) CPU E31225 @ 3.10GHz,3099877888,Linux,rex.seas.wustl.edu,3.13.9-100.fc19.x86_64,#1 SMP Fri Apr 4 00:51:59 UTC 2014,x86_64,8141561,803232,680800,443872,8327553024,7727267840,0,9056256,8472489984,7630295040,332,0,0,1,SCHED_OTHER,0,262.494,619.045,304,0.42403
32768,8,64,32768,8,64,262144,8,64,6291456,12,64,0,0,0,4, Intel(R) Xeon(R) CPU E31225 @ 3.10GHz,3099877888,Linux,rex.seas.wustl.edu,3.13.9-100.fc19.x86_64,#1 SMP Fri Apr 4 00:51:59 UTC 2014,x86_64,8141561,803232,680800,443872,8327553024,7727267840,0,9056256,8472489984,7630295040,332,0,0,1,SCHED_OTHER,0,24778.9,1.5172e+06,114,0.016332
32768,8,64,32768,8,64,262144,8,64,6291456,12,64,0,0,0,4, Intel(R) Xeon(R) CPU E31225 @ 3.10GHz,3099877888,Linux,rex.seas.wustl.edu,3.13.9-100.fc19.x86_64,#1 SMP Fri Apr 4 00:51:59 UTC 2014,x86_64,8141561,803232,680800,443872,8327553024,7727267840,0,9056256,8472489984,7630295040,332,0,0,1,SCHED_OTHER,0,29509.7,1.15552e+06,194,0.025538
32768,8,64,32768,8,64,262144,8,64,6291456,12,64,0,0,0,4, Intel(R) Xeon(R) CPU E31225 @ 3.10GHz,3099877888,Linux,rex.seas.wustl.edu,3.13.9-100.fc19.x86_64,#1 SMP Fri Apr 4 00:51:59 UTC 2014,x86_64,8141561,803232,680800,443872,8327553024,7727267840,0,9056256,8472489984,7630295040,332,0,0,1,SCHED_OTHER,0,9649.5,1.42035e+06,87,0.00679376
32768,8,64,32768,8,64,262144,8,64,6291456,12,64,0,0,0,4, Intel(R) Xeon(R) CPU E31225 @ 3.10GHz,3099877888,Linux,rex.seas.wustl.edu,3.13.9-100.fc19.x86_64,#1 SMP Fri Apr 4 00:51:59 UTC 2014,x86_64,8141561,803232,680800,443872,8327553024,7727267840,0,9056256,8472489984,7630295040,332,0,0,1,SCHED_OTHER,0,17371.5,1.47325e+06,261,0.0117913
32768,8,64,32768,8,64,262144,8,64,6291456,12,64,0,0,0,4, Intel(R) Xeon(R) CPU E31225 @ 3.10GHz,3100000000,Linux,rex.seas.wustl.edu,3.13.9-100.fc19.x86_64,#1 SMP Fri Apr 4 00:51:59 UTC 2014,x86_64,8141585,838752,699648,456448,8327553024,7726977024,0,9056256,8472489984,7630295040,332,0,0,1,SCHED_OTHER,0,250.768,555.05,120,0.451794
32768,8,64,32768,8,64,262144,8,64,6291456,12,64,0,0,0,4, Intel(R) Xeon(R) CPU E31225 @ 3.10GHz,3100000000,Linux,rex.seas.wustl.edu,3.13.9-100.fc19.x86_64,#1 SMP Fri Apr 4 00:51:59 UTC 2014,x86_64,8141585,838752,699648,456448,8327553024,7726977024,0,9056256,8472489984,7630295040,332,0,0,1,SCHED_OTHER,0,230.163,536.631,170,0.428903
32768,8,64,32768,8,64,262144,8,64,6291456,12,64,0,0,0,4, Intel(R) Xeon(R) CPU E31225 @ 3.10GHz,3100000000,Linux,rex.seas.wustl.edu,3.13.9-100.fc19.x86_64,#1 SMP Fri Apr 4 00:51:59 UTC 2014,x86_64,8141585,838752,699648,456448,8327553024,7726977024,0,9056256,8472489984,7630295040,332,0,0,1,SCHED_OTHER,0,222.948,432.023,128,0.516056
32768,8,64,32768,8,64,262144,8,64,6291456,12,64,0,0,0,4, Intel(R) Xeon(R) CPU E31225 @ 3.10GHz,3100000000,Linux,rex.seas.wustl.edu,3.13.9-100.fc19.x86_64,#1 SMP Fri Apr 4 00:51:59 UTC 2014,x86_64,8141585,838752,699648,456448,8327553024,7726977024,0,9056256,8472489984,7630295040,332,0,0,1,SCHED_OTHER,0,27.7582,564.182,398,0.0492008
32768,8,64,32768,8,64,262144,8,64,6291456,12,64,0,0,0,4, Intel(R) Xeon(R) CPU E31225 @ 3.10GHz,3100000000,Linux,rex.seas.wustl.edu,3.13.9-100.fc19.x86_64,#1 SMP Fri Apr 4 00:51:59 UTC 2014,x86_64,8141585,838752,699648,456448,8327553024,7726977024,0,9056256,8472489984,7630295040,332,0,0,1,SCHED_OTHER,0,3.76772,1.50102e+06,107,2.51011e-06
32768,8,64,32768,8,64,262144,8,64,6291456,12,64,0,0,0,4, Intel(R) Xeon(R) CPU E31225 @ 3.10GHz,3100000000,Linux,rex.seas.wustl.edu,3.13.9-100.fc19.x86_64,#1 SMP Fri Apr 4 00:51:59 UTC 2014,x86_64,8141585,838752,699648,456448,8327553024,7726977024,0,9056256,8472489984,7630295040,332,0,0,1,SCHED_OTHER,0,30250.7,1.38015e+06,248,0.0219184
32768,8,64,32768,8,64,262144,8,64,6291456,12,64,0,0,0,4, Intel(R) Xeon(R) CPU E31225 @ 3.10GHz,3100000000,Linux,rex.seas.wustl.edu,3.13.9-100.fc19.x86_64,#1 SMP Fri Apr 4 00:51:59 UTC 2014,x86_64,8141585,838752,699648,456448,8327553024,7726977024,0,9056256,8472489984,7630295040,332,0,0,1,SCHED_OTHER,0,21113,1.31583e+06,162,0.0160454
32768,8,64,32768,8,64,262144,8,64,6291456,12,64,0,0,0,4, Intel(R) Xeon(R) CPU E31225 @ 3.10GHz,3100000000,Linux,rex.seas.wustl.edu,3.13.9-100.fc19.x86_64,#1 SMP Fri Apr 4 00:51:59 UTC 2014,x86_64,8141585,838752,699648,456448,8327553024,7726977024,0,9056256,8472489984,7630295040,332,0,0,1,SCHED_OTHER,0,6256.85,6.44835e+06,266,0.000970289
32768,8,64,32768,8,64,262144,8,64,6291456,12,64,0,0,0,4, Intel(R) Xeon(R) CPU E31225 @ 3.10GHz,3100000000,Linux,rex.seas.wustl.edu,3.13.9-100.fc19.x86_64,#1 SMP Fri Apr 4 00:51:59 UTC 2014,x86_64,8141603,865472,712448,464512,8327553024,7723163648,0,9056256,8472489984,7630295040,332,0,0,1,SCHED_OTHER,0,700.104,701.63,300,0.997825
32768,8,64,32768,8,64,262144,8,64,6291456,12,64,0,0,0,4, Intel(R) Xeon(R) CPU E31225 @ 3.10GHz,3100000000,Linux,rex.seas.wustl.edu,3.13.9-100.fc19.x86_64,#1 SMP Fri Apr 4 00:51:59 UTC 2014,x86_64,8141603,865472,712448,464512,8327553024,7723163648,0,9056256,8472489984,7630295040,332,0,0,1,SCHED_OTHER,0,198.368,636.579,343,0.311614
32768,8,64,32768,8,64,262144,8,64,6291456,12,64,0,0,0,4, Intel(R) Xeon(R) CPU E31225 @ 3.10GHz,3100000000,Linux,rex.seas.wustl.edu,3.13.9-100.fc19.x86_64,#1 SMP Fri Apr 4 00:51:59 UTC 2014,x86_64,8141603,865472,712448,464512,8327553024,7723163648,0,9056256,8472489984,7630295040,332,0,0,1,SCHED_OTHER,0,327.93,762.397,384,0.430131
32768,8,64,32768,8,64,262144,8,64,6291456,12,64,0,0,0,4, Intel(R) Xeon(R) CPU E31225 @ 3.10GHz,3100000000,Linux,rex.seas.wustl.edu,3.13.9-100.fc19.x86_64,#1 SMP Fri Apr 4 00:51:59 UTC 2014,x86_64,8141603,865472,712448,464512,8327553024,7723163648,0,9056256,8472489984,7630295040,332,0,0,1,SCHED_OTHER,0,168.909,773.363,372,0.218409
32768,8,64,32768,8,64,262144,8,64,6291456,12,64,0,0,0,4, Intel(R) Xeon(R) CPU E31225 @ 3.10GHz,3100000000,Linux,rex.seas.wustl.edu,3.13.9-100.fc19.x86_64,#1 SMP Fri Apr 4 00:51:59 UTC 2014,x86_64,8141603,865472,712448,464512,8327553024,7723163648,0,9056256,8472489984,7630295040,332,0,0,1,SCHED_OTHER,0,32157.6,2.34649e+06,222,0.0137046
32768,8,64,32768,8,64,262144,8,64,6291456,12,64,0,0,0,4, Intel(R) Xeon(R) CPU E31225 @ 3.10GHz,3100000000,Linux,rex.seas.wustl.edu,3.13.9-100.fc19.x86_64,#1 SMP Fri Apr 4 00:51:59 UTC 2014,x86_64,8141603,865472,712448,464512,8327553024,7723163648,0,9056256,8472489984,7630295040,332,0,0,1,SCHED_OTHER,0,57713,1.96135e+06,223,0.0294251
32768,8,64,32768,8,64,262144,8,64,6291456,12,64,0,0,0,4, Intel(R) Xeon(R) CPU E31225 @ 3.10GHz,3100000000,Linux,rex.seas.wustl.edu,3.13.9-100.fc19.x86_64,#1 SMP Fri Apr 4 00:51:59 UTC 2014,x86_64,8141603,865472,712448,464512,8327553024,7723163648,0,9056256,8472489984,7630295040,332,0,0,1,SCHED_OTHER,0,0,6.30105e+08,251,0
32768,8,64,32768,8,64,262144,8,64,6291456,12,64,0,0,0,4, Intel(R) Xeon(R) CPU E31225 @ 3.10GHz,3100000000,Linux,rex.seas.wustl.edu,3.13.9-100.fc19.x86_64,#1 SMP Fri Apr 4 00:51:59 UTC 2014,x86_64,8141603,865472,712448,464512,8327553024,7723163648,0,9056256,8472489984,7630295040,332,0,0,1,SCHED_OTHER,0,14733.5,4.06501e+06,201,0.00362444
32768,8,64,32768,8,64,262144,8,64,6291456,12,64,0,0,0,4, Intel(R) Xeon(R) CPU E31225 @ 3.10GHz,3099877888,Linux,rex.seas.wustl.edu,3.13.9-100.fc19.x86_64,#1 SMP Fri Apr 4 00:51:59 UTC 2014,x86_64,8141623,817472,710112,468960,8327553024,7726977024,0,9056256,8472489984,7630299136,331,0,0,1,SCHED_OTHER,0,267.48,612.381,149,0.436784
32768,8,64,32768,8,64,262144,8,64,6291456,12,64,0,0,0,4, Intel(R) Xeon(R) CPU E31225 @ 3.10GHz,3099877888,Linux,rex.seas.wustl.edu,3.13.9-100.fc19.x86_64,#1 SMP Fri Apr 4 00:51:59 UTC 2014,x86_64,8141623,817472,710112,468960,8327553024,7726977024,0,9056256,8472489984,7630299136,331,0,0,1,SCHED_OTHER,0,196.578,621.75,371,0.316169
32768,8,64,32768,8,64,262144,8,64,6291456,12,64,0,0,0,4, Intel(R) Xeon(R) CPU E31225 @ 3.10GHz,3099877888,Linux,rex.seas.wustl.edu,3.13.9-100.fc19.x86_64,#1 SMP Fri Apr 4 00:51:59 UTC 2014,x86_64,8141623,817472,710112,468960,8327553024,7726977024,0,9056256,8472489984,7630299136,331,0,0,1,SCHED_OTHER,0,496.038,627.7,369,0.790246
32768,8,64,32768,8,64,262144,8,64,6291456,12,64,0,0,0,4, Intel(R) Xeon(R) CPU E31225 @ 3.10GHz,3099877888,Linux,rex.seas.wustl.edu,3.13.9-100.fc19.x86_64,#1 SMP Fri Apr 4 00:51:59 UTC 2014,x86_64,8141623,817472,710112,468960,8327553024,7726977024,0,9056256,8472489984,7630299136,331,0,0,1,SCHED_OTHER,0,249.031,791.038,406,0.314816
32768,8,64,32768,8,64,262144,8,64,6291456,12,64,0,0,0,4, Intel(R) Xeon(R) CPU E31225 @ 3.10GHz,3099877888,Linux,rex.seas.wustl.edu,3.13.9-100.fc19.x86_64,#1 SMP Fri Apr 4 00:51:59 UTC 2014,x86_64,8141623,817472,710112,468960,8327553024,7726977024,0,9056256,8472489984,7630299136,331,0,0,1,SCHED_OTHER,0,516.48,1.98609e+06,127,0.000260048
32768,8,64,32768,8,64,262144,8,64,6291456,12,64,0,0,0,4, Intel(R) Xeon(R) CPU E31225 @ 3.10GHz,3099877888,Linux,rex.seas.wustl.edu,3.13.9-100.fc19.x86_64,#1 SMP Fri Apr 4 00:51:59 UTC 2014,x86_64,8141623,817472,710112,468960,8327553024,7726977024,0,9056256,8472489984,7630299136,331,0,0,1,SCHED_OTHER,0,36023.5,1.88873e+06,235,0.0190728
32768,8,64,32768,8,64,262144,8,64,6291456,12,64,0,0,0,4, Intel(R) Xeon(R) CPU E31225 @ 3.10GHz,3099877888,Linux,rex.seas.wustl.edu,3.13.9-100.fc19.x86_64,#1 SMP Fri Apr 4 00:51:59 UTC 2014,x86_64,8141623,817472,710112,468960,8327553024,7726977024,0,9056256,8472489984,7630299136,331,0,0,1,SCHED_OTHER,0,29944.9,1.56383e+06,197,0.0191483
32768,8,64,32768,8,64,262144,8,64,6291456,12,64,0,0,0,4, Intel(R) Xeon(R) CPU E31225 @ 3.10GHz,3099877888,Linux,rex.seas.wustl.edu,3.13.9-100.fc19.x86_64,#1 SMP Fri Apr 4 00:51:59 UTC 2014,x86_64,8141623,817472,710112,468960,8327553024,7726977024,0,9056256,8472489984,7630299136,331,0,0,1,SCHED_OTHER,0,39524.1,1.80925e+06,350,0.0218455
32768,8,64,32768,8,64,262144,8,64,6291456,12,64,0,0,0,4, Intel(R) Xeon(R) CPU E31225 @ 3.10GHz,3100000000,Linux,rex.seas.wustl.edu,3.13.9-100.fc19.x86_64,#1 SMP Fri Apr 4 00:51:59 UTC 2014,x86_64,8141646,782912,709248,474976,8327553024,7714787328,0,9056256,8472489984,7630303232,332,0,0,1,SCHED_OTHER,0,394.904,564.959,263,0.698991
32768,8,64,32768,8,64,262144,8,64,6291456,12,64,0,0,0,4, Intel(R) Xeon(R) CPU E31225 @ 3.10GHz,3100000000,Linux,rex.seas.wustl.edu,3.13.9-100.fc19.x86_64,#1 SMP Fri Apr 4 00:51:59 UTC 2014,x86_64,8141646,782912,709248,474976,8327553024,7714787328,0,9056256,8472489984,7630303232,332,0,0,1,SCHED_OTHER,0,353.718,823.54,316,0.429509
32768,8,64,32768,8,64,262144,8,64,6291456,12,64,0,0,0,4, Intel(R) Xeon(R) CPU E31225 @ 3.10GHz,3100000000,Linux,rex.seas.wustl.edu,3.13.9-100.fc19.x86_64,#1 SMP Fri Apr 4 00:51:59 UTC 2014,x86_64,8141646,782912,709248,474976,8327553024,7714787328,0,9056256,8472489984,7630303232,332,0,0,1,SCHED_OTHER,0,470.759,590.33,348,0.797452
32768,8,64,32768,8,64,262144,8,64,6291456,12,64,0,0,0,4, Intel(R) Xeon(R) CPU E31225 @ 3.10GHz,3100000000,Linux,rex.seas.wustl.edu,3.13.9-100.fc19.x86_64,#1 SMP Fri Apr 4 00:51:59 UTC 2014,x86_64,8141646,782912,709248,474976,8327553024,7714787328,0,9056256,8472489984,7630303232,332,0,0,1,SCHED_OTHER,0,241.384,587.468,247,0.410888
32768,8,64,32768,8,64,262144,8,64,6291456,12,64,0,0,0,4, Intel(R) Xeon(R) CPU E31225 @ 3.10GHz,3100000000,Linux,rex.seas.wustl.edu,3.13.9-100.fc19.x86_64,#1 SMP Fri Apr 4 00:51:59 UTC 2014,x86_64,8141646,782912,709248,474976,8327553024,7714787328,0,9056256,8472489984,7630303232,332,0,0,1,SCHED_OTHER,0,15314.1,1.70184e+06,209,0.00899855
32768,8,64,32768,8,64,262144,8,64,6291456,12,64,0,0,0,4, Intel(R) Xeon(R) CPU E31225 @ 3.10GHz,3100000000,Linux,rex.seas.wustl.edu,3.13.9-100.fc19.x86_64,#1 SMP Fri Apr 4 00:51:59 UTC 2014,x86_64,8141646,782912,709248,474976,8327553024,7714787328,0,9056256,8472489984,7630303232,332,0,0,1,SCHED_OTHER,0,13354.8,1.42093e+06,179,0.00939869
32768,8,64,32768,8,64,262144,8,64,6291456,12,64,0,0,0,4, Intel(R) Xeon(R) CPU E31225 @ 3.10GHz,3100000000,Linux,rex.seas.wustl.edu,3.13.9-100.fc19.x86_64,#1 SMP Fri Apr 4 00:51:59 UTC 2014,x86_64,8141646,782912,709248,474976,8327553024,7714787328,0,9056256,8472489984,7630303232,332,0,0,1,SCHED_OTHER,0,38725.9,1.79879e+06,293,0.0215288
32768,8,64,32768,8,64,262144,8,64,6291456,12,64,0,0,0,4, Intel(R) Xeon(R) CPU E31225 @ 3.10GHz,3100000000,Linux,rex.seas.wustl.edu,3.13.9-100.fc19.x86_64,#1 SMP Fri Apr 4 00:51:59 UTC 2014,x86_64,8141646,782912,709248,474976,8327553024,7714787328,0,9056256,8472489984,7630303232,332,0,0,1,SCHED_OTHER,0,11110.7,1.59342e+06,219,0.00697286
32768,8,64,32768,8,64,262144,8,64,6291456,12,64,0,0,0,4, Intel(R) Xeon(R) CPU E31225 @ 3.10GHz,3100000000,Linux,rex.seas.wustl.edu,3.13.9-100.fc19.x86_64,#1 SMP Fri Apr 4 00:51:59 UTC 2014,x86_64,8141666,824416,723744,484736,8327553024,7714549760,0,9056256,8472489984,7630303232,331,0,0,1,SCHED_OTHER,0,376.781,587.115,276,0.64175
32768,8,64,32768,8,64,262144,8,64,6291456,12,64,0,0,0,4, Intel(R) Xeon(R) CPU E31225 @ 3.10GHz,3100000000,Linux,rex.seas.wustl.edu,3.13.9-100.fc19.x86_64,#1 SMP Fri Apr 4 00:51:59 UTC 2014,x86_64,8141666,824416,723744,484736,8327553024,7714549760,0,9056256,8472489984,7630303232,331,0,0,1,SCHED_OTHER,0,306.816,697.098,272,0.440133
32768,8,64,32768,8,64,262144,8,64,6291456,12,64,0,0,0,4, Intel(R) Xeon(R) CPU E31225 @ 3.10GHz,3100000000,Linux,rex.seas.wustl.edu,3.13.9-100.fc19.x86_64,#1 SMP Fri Apr 4 00:51:59 UTC 2014,x86_64,8141666,824416,723744,484736,8327553024,7714549760,0,9056256,8472489984,7630303232,331,0,0,1,SCHED_OTHER,0,558.534,665.531,343,0.839231
32768,8,64,32768,8,64,262144,8,64,6291456,12,64,0,0,0,4, Intel(R) Xeon(R) CPU E31225 @ 3.10GHz,3100000000,Linux,rex.seas.wustl.edu,3.13.9-100.fc19.x86_64,#1 SMP Fri Apr 4 00:51:59 UTC 2014,x86_64,8141666,824416,723744,484736,8327553024,7714549760,0,9056256,8472489984,7630303232,331,0,0,1,SCHED_OTHER,0,234.594,571.366,274,0.410584
32768,8,64,32768,8,64,262144,8,64,6291456,12,64,0,0,0,4, Intel(R) Xeon(R) CPU E31225 @ 3.10GHz,3100000000,Linux,rex.seas.wustl.edu,3.13.9-100.fc19.x86_64,#1 SMP Fri Apr 4 00:51:59 UTC 2014,x86_64,8141666,824416,723744,484736,8327553024,7714549760,0,9056256,8472489984,7630303232,331,0,0,1,SCHED_OTHER,0,9220.96,1.39783e+06,148,0.00659662
32768,8,64,32768,8,64,262144,8,64,6291456,12,64,0,0,0,4, Intel(R) Xeon(R) CPU E31225 @ 3.10GHz,3100000000,Linux,rex.seas.wustl.edu,3.13.9-100.fc19.x86_64,#1 SMP Fri Apr 4 00:51:59 UTC 2014,x86_64,8141666,824416,723744,484736,8327553024,7714549760,0,9056256,8472489984,7630303232,331,0,0,1,SCHED_OTHER,0,20329.9,1.68495e+06,253,0.0120655
32768,8,64,32768,8,64,262144,8,64,6291456,12,64,0,0,0,4, Intel(R) Xeon(R) CPU E31225 @ 3.10GHz,3100000000,Linux,rex.seas.wustl.edu,3.13.9-100.fc19.x86_64,#1 SMP Fri Apr 4 00:51:59 UTC 2014,x86_64,8141666,824416,723744,484736,8327553024,7714549760,0,9056256,8472489984,7630303232,331,0,0,1,SCHED_OTHER,0,5014.5,1.48732e+06,147,0.00337149
32768,8,64,32768,8,64,262144,8,64,6291456,12,64,0,0,0,4, Intel(R) Xeon(R) CPU E31225 @ 3.10GHz,3100000000,Linux,rex.seas.wustl.edu,3.13.9-100.fc19.x86_64,#1 SMP Fri Apr 4 00:51:59 UTC 2014,x86_64,8141666,824416,723744,484736,8327553024,7714549760,0,9056256,8472489984,7630303232,331,0,0,1,SCHED_OTHER,0,22658.9,2.71652e+06,194,0.00834114
32768,8,64,32768,8,64,262144,8,64,6291456,12,64,0,0,0,4, Intel(R) Xeon(R) CPU E31225 @ 3.10GHz,3100000000,Linux,rex.seas.wustl.edu,3.13.9-100.fc19.x86_64,#1 SMP Fri Apr 4 00:51:59 UTC 2014,x86_64,8141687,843616,735104,493600,8327553024,7717974016,0,9064448,8472489984,7630311424,331,0,0,1,SCHED_OTHER,0,280.107,598.731,261,0.467835
32768,8,64,32768,8,64,262144,8,64,6291456,12,64,0,0,0,4, Intel(R) Xeon(R) CPU E31225 @ 3.10GHz,3100000000,Linux,rex.seas.wustl.edu,3.13.9-100.fc19.x86_64,#1 SMP Fri Apr 4 00:51:59 UTC 2014,x86_64,8141687,843616,735104,493600,8327553024,7717974016,0,9064448,8472489984,7630311424,331,0,0,1,SCHED_OTHER,0,368.086,717.706,183,0.512864
32768,8,64,32768,8,64,262144,8,64,6291456,12,64,0,0,0,4, Intel(R) Xeon(R) CPU E31225 @ 3.10GHz,3100000000,Linux,rex.seas.wustl.edu,3.13.9-100.fc19.x86_64,#1 SMP Fri Apr 4 00:51:59 UTC 2014,x86_64,8141687,843616,735104,493600,8327553024,7717974016,0,9064448,8472489984,7630311424,331,0,0,1,SCHED_OTHER,0,77.5412,598.56,275,0.129546
32768,8,64,32768,8,64,262144,8,64,6291456,12,64,0,0,0,4, Intel(R) Xeon(R) CPU E31225 @ 3.10GHz,3100000000,Linux,rex.seas.wustl.edu,3.13.9-100.fc19.x86_64,#1 SMP Fri Apr 4 00:51:59 UTC 2014,x86_64,8141687,843616,735104,493600,8327553024,7717974016,0,9064448,8472489984,7630311424,331,0,0,1,SCHED_OTHER,0,230.02,524.515,223,0.438538
32768,8,64,32768,8,64,262144,8,64,6291456,12,64,0,0,0,4, Intel(R) Xeon(R) CPU E31225 @ 3.10GHz,3100000000,Linux,rex.seas.wustl.edu,3.13.9-100.fc19.x86_64,#1 SMP Fri Apr 4 00:51:59 UTC 2014,x86_64,8141687,843616,735104,493600,8327553024,7717974016,0,9064448,8472489984,7630311424,331,0,0,1,SCHED_OTHER,0,224.87,1.42544e+06,147,0.000157754
32768,8,64,32768,8,64,262144,8,64,6291456,12,64,0,0,0,4, Intel(R) Xeon(R) CPU E31225 @ 3.10GHz,3100000000,Linux,rex.seas.wustl.edu,3.13.9-100.fc19.x86_64,#1 SMP Fri Apr 4 00:51:59 UTC 2014,x86_64,8141687,843616,735104,493600,8327553024,7717974016,0,9064448,8472489984,7630311424,331,0,0,1,SCHED_OTHER,0,17834.8,1.77096e+06,107,0.0100707
32768,8,64,32768,8,64,262144,8,64,6291456,12,64,0,0,0,4, Intel(R) Xeon(R) CPU E31225 @ 3.10GHz,3100000000,Linux,rex.seas.wustl.edu,3.13.9-100.fc19.x86_64,#1 SMP Fri Apr 4 00:51:59 UTC 2014,x86_64,8141687,843616,735104,493600,8327553024,7717974016,0,9064448,8472489984,7630311424,331,0,0,1,SCHED_OTHER,0,21673.8,1.47295e+06,194,0.0147145
32768,8,64,32768,8,64,262144,8,64,6291456,12,64,0,0,0,4, Intel(R) Xeon(R) CPU E31225 @ 3.10GHz,3100000000,Linux,rex.seas.wustl.edu,3.13.9-100.fc19.x86_64,#1 SMP Fri Apr 4 00:51:59 UTC 2014,x86_64,8141687,843616,735104,493600,8327553024,7717974016,0,9064448,8472489984,7630311424,331,0,0,1,SCHED_OTHER,0,3161.85,1.19685e+06,203,0.0026418
32768,8,64,32768,8,64,262144,8,64,6291456,12,64,0,0,0,4, Intel(R) Xeon(R) CPU E31225 @ 3.10GHz,3100000000,Linux,rex.seas.wustl.edu,3.13.9-100.fc19.x86_64,#1 SMP Fri Apr 4 00:51:59 UTC 2014,x86_64,8141708,793760,729280,496704,8327553024,7716356096,0,9203712,8472489984,7630340096,332,0,0,1,SCHED_OTHER,0,446.071,582.647,223,0.765593
32768,8,64,32768,8,64,262144,8,64,6291456,12,64,0,0,0,4, Intel(R) Xeon(R) CPU E31225 @ 3.10GHz,3100000000,Linux,rex.seas.wustl.edu,3.13.9-100.fc19.x86_64,#1 SMP Fri Apr 4 00:51:59 UTC 2014,x86_64,8141708,793760,729280,496704,8327553024,7716356096,0,9203712,8472489984,7630340096,332,0,0,1,SCHED_OTHER,0,271.986,622.758,253,0.436744
32768,8,64,32768,8,64,262144,8,64,6291456,12,64,0,0,0,4, Intel(R) Xeon(R) CPU E31225 @ 3.10GHz,3100000000,Linux,rex.seas.wustl.edu,3.13.9-100.fc19.x86_64,#1 SMP Fri Apr 4 00:51:59 UTC 2014,x86_64,8141708,793760,729280,496704,8327553024,7716356096,0,9203712,8472489984,7630340096,332,0,0,1,SCHED_OTHER,0,134.837,703.502,439,0.191665
32768,8,64,32768,8,64,262144,8,64,6291456,12,64,0,0,0,4, Intel(R) Xeon(R) CPU E31225 @ 3.10GHz,3100000000,Linux,rex.seas.wustl.edu,3.13.9-100.fc19.x86_64,#1 SMP Fri Apr 4 00:51:59 UTC 2014,x86_64,8141708,793760,729280,496704,8327553024,7716356096,0,9203712,8472489984,7630340096,332,0,0,1,SCHED_OTHER,0,290.251,665.526,153,0.436123
32768,8,64,32768,8,64,262144,8,64,6291456,12,64,0,0,0,4, Intel(R) Xeon(R) CPU E31225 @ 3.10GHz,3100000000,Linux,rex.seas.wustl.edu,3.13.9-100.fc19.x86_64,#1 SMP Fri Apr 4 00:51:59 UTC 2014,x86_64,8141708,793760,729280,496704,8327553024,7716356096,0,9203712,8472489984,7630340096,332,0,0,1,SCHED_OTHER,0,17612.3,3.25879e+06,185,0.00540455
32768,8,64,32768,8,64,262144,8,64,6291456,12,64,0,0,0,4, Intel(R) Xeon(R) CPU E31225 @ 3.10GHz,3100000000,Linux,rex.seas.wustl.edu,3.13.9-100.fc19.x86_64,#1 SMP Fri Apr 4 00:51:59 UTC 2014,x86_64,8141708,793760,729280,496704,8327553024,7716356096,0,9203712,8472489984,7630340096,332,0,0,1,SCHED_OTHER,0,63141.1,1.71357e+06,207,0.0368477
32768,8,64,32768,8,64,262144,8,64,6291456,12,64,0,0,0,4, Intel(R) Xeon(R) CPU E31225 @ 3.10GHz,3100000000,Linux,rex.seas.wustl.edu,3.13.9-100.fc19.x86_64,#1 SMP Fri Apr 4 00:51:59 UTC 2014,x86_64,8141708,793760,729280,496704,8327553024,7716356096,0,9203712,8472489984,7630340096,332,0,0,1,SCHED_OTHER,0,24671.8,2.02384e+06,193,0.0121906
32768,8,64,32768,8,64,262144,8,64,6291456,12,64,0,0,0,4, Intel(R) Xeon(R) CPU E31225 @ 3.10GHz,3100000000,Linux,rex.seas.wustl.edu,3.13.9-100.fc19.x86_64,#1 SMP Fri Apr 4 00:51:59 UTC 2014,x86_64,8141708,793760,729280,496704,8327553024,7716356096,0,9203712,8472489984,7630340096,332,0,0,1,SCHED_OTHER,0,3423.61,2.0778e+06,191,0.00164771
32768,8,64,32768,8,64,262144,8,64,6291456,12,64,0,0,0,4, Intel(R) Xeon(R) CPU E31225 @ 3.10GHz,3099877888,Linux,rex.seas.wustl.edu,3.13.9-100.fc19.x86_64,#1 SMP Fri Apr 4 00:51:59 UTC 2014,x86_64,8141731,761472,724928,501344,8327553024,7718408192,0,9211904,8472489984,7630344192,332,0,0,1,SCHED_OTHER,0,331.6,757.601,347,0.437698
32768,8,64,32768,8,64,262144,8,64,6291456,12,64,0,0,0,4, Intel(R) Xeon(R) CPU E31225 @ 3.10GHz,3099877888,Linux,rex.seas.wustl.edu,3.13.9-100.fc19.x86_64,#1 SMP Fri Apr 4 00:51:59 UTC 2014,x86_64,8141731,761472,724928,501344,8327553024,7718408192,0,9211904,8472489984,7630344192,332,0,0,1,SCHED_OTHER,0,256.92,650.445,308,0.394992
32768,8,64,32768,8,64,262144,8,64,6291456,12,64,0,0,0,4, Intel(R) Xeon(R) CPU E31225 @ 3.10GHz,3099877888,Linux,rex.seas.wustl.edu,3.13.9-100.fc19.x86_64,#1 SMP Fri Apr 4 00:51:59 UTC 2014,x86_64,8141731,761472,724928,501344,8327553024,7718408192,0,9211904,8472489984,7630344192,332,0,0,1,SCHED_OTHER,0,184.781,607.766,420,0.304033
32768,8,64,32768,8,64,262144,8,64,6291456,12,64,0,0,0,4, Intel(R) Xeon(R) CPU E31225 @ 3.10GHz,3099877888,Linux,rex.seas.wustl.edu,3.13.9-100.fc19.x86_64,#1 SMP Fri Apr 4 00:51:59 UTC 2014,x86_64,8141731,761472,724928,501344,8327553024,7718408192,0,9211904,8472489984,7630344192,332,0,0,1,SCHED_OTHER,0,658.497,1087.04,206,0.605767
32768,8,64,32768,8,64,262144,8,64,6291456,12,64,0,0,0,4, Intel(R) Xeon(R) CPU E31225 @ 3.10GHz,3099877888,Linux,rex.seas.wustl.edu,3.13.9-100.fc19.x86_64,#1 SMP Fri Apr 4 00:51:59 UTC 2014,x86_64,8141731,761472,724928,501344,8327553024,7718408192,0,9211904,8472489984,7630344192,332,0,0,1,SCHED_OTHER,0,9413.34,1.45677e+06,129,0.00646181
32768,8,64,32768,8,64,262144,8,64,6291456,12,64,0,0,0,4, Intel(R) Xeon(R) CPU E31225 @ 3.10GHz,3099877888,Linux,rex.seas.wustl.edu,3.13.9-100.fc19.x86_64,#1 SMP Fri Apr 4 00:51:59 UTC 2014,x86_64,8141731,761472,724928,501344,8327553024,7718408192,0,9211904,8472489984,7630344192,332,0,0,1,SCHED_OTHER,0,17971,1.64289e+06,222,0.0109387
32768,8,64,32768,8,64,262144,8,64,6291456,12,64,0,0,0,4, Intel(R) Xeon(R) CPU E31225 @ 3.10GHz,3099877888,Linux,rex.seas.wustl.edu,3.13.9-100.fc19.x86_64,#1 SMP Fri Apr 4 00:51:59 UTC 2014,x86_64,8141731,761472,724928,501344,8327553024,7718408192,0,9211904,8472489984,7630344192,332,0,0,1,SCHED_OTHER,0,108358,6.17056e+06,258,0.0175606
32768,8,64,32768,8,64,262144,8,64,6291456,12,64,0,0,0,4, Intel(R) Xeon(R) CPU E31225 @ 3.10GHz,3099877888,Linux,rex.seas.wustl.edu,3.13.9-100.fc19.x86_64,#1 SMP Fri Apr 4 00:51:59 UTC 2014,x86_64,8141731,761472,724928,501344,8327553024,7718408192,0,9211904,8472489984,7630344192,332,0,0,1,SCHED_OTHER,0,34240.7,1.78457e+06,233,0.0191871
32768,8,64,32768,8,64,262144,8,64,6291456,12,64,0,0,0,4, Intel(R) Xeon(R) CPU E31225 @ 3.10GHz,3100000000,Linux,rex.seas.wustl.edu,3.13.9-100.fc19.x86_64,#1 SMP Fri Apr 4 00:51:59 UTC 2014,x86_64,8141750,809024,738400,510560,8327553024,7718817792,0,9220096,8472489984,7630360576,331,0,0,1,SCHED_OTHER,0,416.175,588.022,396,0.707754
32768,8,64,32768,8,64,262144,8,64,6291456,12,64,0,0,0,4, Intel(R) Xeon(R) CPU E31225 @ 3.10GHz,3100000000,Linux,rex.seas.wustl.edu,3.13.9-100.fc19.x86_64,#1 SMP Fri Apr 4 00:51:59 UTC 2014,x86_64,8141750,809024,738400,510560,8327553024,7718817792,0,9220096,8472489984,7630360576,331,0,0,1,SCHED_OTHER,0,297.252,679.862,311,0.437225
32768,8,64,32768,8,64,262144,8,64,6291456,12,64,0,0,0,4, Intel(R) Xeon(R) CPU E31225 @ 3.10GHz,3100000000,Linux,rex.seas.wustl.edu,3.13.9-100.fc19.x86_64,#1 SMP Fri Apr 4 00:51:59 UTC 2014,x86_64,8141750,809024,738400,510560,8327553024,7718817792,0,9220096,8472489984,7630360576,331,0,0,1,SCHED_OTHER,0,417.068,956.308,230,0.436123
32768,8,64,32768,8,64,262144,8,64,6291456,12,64,0,0,0,4, Intel(R) Xeon(R) CPU E31225 @ 3.10GHz,3100000000,Linux,rex.seas.wustl.edu,3.13.9-100.fc19.x86_64,#1 SMP Fri Apr 4 00:51:59 UTC 2014,x86_64,8141750,809024,738400,510560,8327553024,7718817792,0,9220096,8472489984,7630360576,331,0,0,1,SCHED_OTHER,0,235.065,605.848,371,0.387993
32768,8,64,32768,8,64,262144,8,64,6291456,12,64,0,0,0,4, Intel(R) Xeon(R) CPU E31225 @ 3.10GHz,3100000000,Linux,rex.seas.wustl.edu,3.13.9-100.fc19.x86_64,#1 SMP Fri Apr 4 00:51:59 UTC 2014,x86_64,8141750,809024,738400,510560,8327553024,7718817792,0,9220096,8472489984,7630360576,331,0,0,1,SCHED_OTHER,0,9705.37,1.81897e+06,248,0.00533563
32768,8,64,32768,8,64,262144,8,64,6291456,12,64,0,0,0,4, Intel(R) Xeon(R) CPU E31225 @ 3.10GHz,3100000000,Linux,rex.seas.wustl.edu,3.13.9-100.fc19.x86_64,#1 SMP Fri Apr 4 00:51:59 UTC 2014,x86_64,8141750,809024,738400,510560,8327553024,7718817792,0,9220096,8472489984,7630360576,331,0,0,1,SCHED_OTHER,0,21673.2,1.66827e+06,338,0.0129913
32768,8,64,32768,8,64,262144,8,64,6291456,12,64,0,0,0,4, Intel(R) Xeon(R) CPU E31225 @ 3.10GHz,3100000000,Linux,rex.seas.wustl.edu,3.13.9-100.fc19.x86_64,#1 SMP Fri Apr 4 00:51:59 UTC 2014,x86_64,8141750,809024,738400,510560,8327553024,7718817792,0,9220096,8472489984,7630360576,331,0,0,1,SCHED_OTHER,0,18613.1,1.61468e+06,316,0.0115274
32768,8,64,32768,8,64,262144,8,64,6291456,12,64,0,0,0,4, Intel(R) Xeon(R) CPU E31225 @ 3.10GHz,3100000000,Linux,rex.seas.wustl.edu,3.13.9-100.fc19.x86_64,#1 SMP Fri Apr 4 00:51:59 UTC 2014,x86_64,8141750,809024,738400,510560,8327553024,7718817792,0,9220096,8472489984,7630360576,331,0,0,1,SCHED_OTHER,0,66631.5,4.22564e+07,78,0.00157667
