32768,8,64,32768,8,64,262144,8,64,6291456,12,64,0,0,0,4, Intel(R) Xeon(R) CPU E31225 @ 3.10GHz,3100000000,Linux,rex.seas.wustl.edu,3.13.9-100.fc19.x86_64,#1 SMP Fri Apr 4 00:51:59 UTC 2014,x86_64,8142891,580864,174592,203616,8327553024,2283556864,0,1576960,8472489984,7649820672,324,0,0,1,SCHED_OTHER,0,1724.99,309.468,0,5.57404
32768,8,64,32768,8,64,262144,8,64,6291456,12,64,0,0,0,4, Intel(R) Xeon(R) CPU E31225 @ 3.10GHz,3100000000,Linux,rex.seas.wustl.edu,3.13.9-100.fc19.x86_64,#1 SMP Fri Apr 4 00:51:59 UTC 2014,x86_64,8142891,580864,174592,203616,8327553024,2283556864,0,1576960,8472489984,7649820672,324,0,0,1,SCHED_OTHER,0,1726.16,339.483,0,5.08466
32768,8,64,32768,8,64,262144,8,64,6291456,12,64,0,0,0,4, Intel(R) Xeon(R) CPU E31225 @ 3.10GHz,3100000000,Linux,rex.seas.wustl.edu,3.13.9-100.fc19.x86_64,#1 SMP Fri Apr 4 00:51:59 UTC 2014,x86_64,8142891,580864,174592,203616,8327553024,2283556864,0,1576960,8472489984,7649820672,324,0,0,1,SCHED_OTHER,0,1725.27,319.842,0,5.39414
32768,8,64,32768,8,64,262144,8,64,6291456,12,64,0,0,0,4, Intel(R) Xeon(R) CPU E31225 @ 3.10GHz,3100000000,Linux,rex.seas.wustl.edu,3.13.9-100.fc19.x86_64,#1 SMP Fri Apr 4 00:51:59 UTC 2014,x86_64,8142891,580864,174592,203616,8327553024,2283556864,0,1576960,8472489984,7649820672,324,0,0,1,SCHED_OTHER,0,1725.05,340.221,0,5.0704
32768,8,64,32768,8,64,262144,8,64,6291456,12,64,0,0,0,4, Intel(R) Xeon(R) CPU E31225 @ 3.10GHz,3100000000,Linux,rex.seas.wustl.edu,3.13.9-100.fc19.x86_64,#1 SMP Fri Apr 4 00:51:59 UTC 2014,x86_64,8142891,580864,174592,203616,8327553024,2283556864,0,1576960,8472489984,7649820672,324,0,0,1,SCHED_OTHER,0,748860,1.27588e+06,0,0.586935
32768,8,64,32768,8,64,262144,8,64,6291456,12,64,0,0,0,4, Intel(R) Xeon(R) CPU E31225 @ 3.10GHz,3100000000,Linux,rex.seas.wustl.edu,3.13.9-100.fc19.x86_64,#1 SMP Fri Apr 4 00:51:59 UTC 2014,x86_64,8142891,580864,174592,203616,8327553024,2283556864,0,1576960,8472489984,7649820672,324,0,0,1,SCHED_OTHER,0,835286,1.27564e+06,0,0.654798
32768,8,64,32768,8,64,262144,8,64,6291456,12,64,0,0,0,4, Intel(R) Xeon(R) CPU E31225 @ 3.10GHz,3100000000,Linux,rex.seas.wustl.edu,3.13.9-100.fc19.x86_64,#1 SMP Fri Apr 4 00:51:59 UTC 2014,x86_64,8142891,580864,174592,203616,8327553024,2283556864,0,1576960,8472489984,7649820672,324,0,0,1,SCHED_OTHER,0,785836,1.27564e+06,0,0.616035
32768,8,64,32768,8,64,262144,8,64,6291456,12,64,0,0,0,4, Intel(R) Xeon(R) CPU E31225 @ 3.10GHz,3100000000,Linux,rex.seas.wustl.edu,3.13.9-100.fc19.x86_64,#1 SMP Fri Apr 4 00:51:59 UTC 2014,x86_64,8142891,580864,174592,203616,8327553024,2283556864,0,1576960,8472489984,7649820672,324,0,0,1,SCHED_OTHER,0,837363,1.27534e+06,0,0.656578
32768,8,64,32768,8,64,262144,8,64,6291456,12,64,0,0,0,4, Intel(R) Xeon(R) CPU E31225 @ 3.10GHz,3100000000,Linux,rex.seas.wustl.edu,3.13.9-100.fc19.x86_64,#1 SMP Fri Apr 4 00:51:59 UTC 2014,x86_64,8142954,566240,232448,220640,8327553024,785399808,0,1617920,8472489984,7649820672,323,0,0,1,SCHED_OTHER,0,3815.96,348.92,0,10.9365
32768,8,64,32768,8,64,262144,8,64,6291456,12,64,0,0,0,4, Intel(R) Xeon(R) CPU E31225 @ 3.10GHz,3100000000,Linux,rex.seas.wustl.edu,3.13.9-100.fc19.x86_64,#1 SMP Fri Apr 4 00:51:59 UTC 2014,x86_64,8142954,566240,232448,220640,8327553024,785399808,0,1617920,8472489984,7649820672,323,0,0,1,SCHED_OTHER,0,3815.31,358.488,0,10.6428
32768,8,64,32768,8,64,262144,8,64,6291456,12,64,0,0,0,4, Intel(R) Xeon(R) CPU E31225 @ 3.10GHz,3100000000,Linux,rex.seas.wustl.edu,3.13.9-100.fc19.x86_64,#1 SMP Fri Apr 4 00:51:59 UTC 2014,x86_64,8142954,566240,232448,220640,8327553024,785399808,0,1617920,8472489984,7649820672,323,0,0,1,SCHED_OTHER,0,3816.11,357.176,0,10.6841
32768,8,64,32768,8,64,262144,8,64,6291456,12,64,0,0,0,4, Intel(R) Xeon(R) CPU E31225 @ 3.10GHz,3100000000,Linux,rex.seas.wustl.edu,3.13.9-100.fc19.x86_64,#1 SMP Fri Apr 4 00:51:59 UTC 2014,x86_64,8142954,566240,232448,220640,8327553024,785399808,0,1617920,8472489984,7649820672,323,0,0,1,SCHED_OTHER,0,3813.97,364.418,0,10.4659
32768,8,64,32768,8,64,262144,8,64,6291456,12,64,0,0,0,4, Intel(R) Xeon(R) CPU E31225 @ 3.10GHz,3100000000,Linux,rex.seas.wustl.edu,3.13.9-100.fc19.x86_64,#1 SMP Fri Apr 4 00:51:59 UTC 2014,x86_64,8142954,566240,232448,220640,8327553024,785399808,0,1617920,8472489984,7649820672,323,0,0,1,SCHED_OTHER,0,313045,1.36527e+06,0,0.229291
32768,8,64,32768,8,64,262144,8,64,6291456,12,64,0,0,0,4, Intel(R) Xeon(R) CPU E31225 @ 3.10GHz,3100000000,Linux,rex.seas.wustl.edu,3.13.9-100.fc19.x86_64,#1 SMP Fri Apr 4 00:51:59 UTC 2014,x86_64,8142954,566240,232448,220640,8327553024,785399808,0,1617920,8472489984,7649820672,323,0,0,1,SCHED_OTHER,0,410004,1.36573e+06,0,0.300208
32768,8,64,32768,8,64,262144,8,64,6291456,12,64,0,0,0,4, Intel(R) Xeon(R) CPU E31225 @ 3.10GHz,3100000000,Linux,rex.seas.wustl.edu,3.13.9-100.fc19.x86_64,#1 SMP Fri Apr 4 00:51:59 UTC 2014,x86_64,8142954,566240,232448,220640,8327553024,785399808,0,1617920,8472489984,7649820672,323,0,0,1,SCHED_OTHER,0,405273,1.36808e+06,0,0.296235
32768,8,64,32768,8,64,262144,8,64,6291456,12,64,0,0,0,4, Intel(R) Xeon(R) CPU E31225 @ 3.10GHz,3100000000,Linux,rex.seas.wustl.edu,3.13.9-100.fc19.x86_64,#1 SMP Fri Apr 4 00:51:59 UTC 2014,x86_64,8142954,566240,232448,220640,8327553024,785399808,0,1617920,8472489984,7649820672,323,0,0,1,SCHED_OTHER,0,399515,1.36478e+06,0,0.292733
32768,8,64,32768,8,64,262144,8,64,6291456,12,64,0,0,0,4, Intel(R) Xeon(R) CPU E31225 @ 3.10GHz,3099877888,Linux,rex.seas.wustl.edu,3.13.9-100.fc19.x86_64,#1 SMP Fri Apr 4 00:51:59 UTC 2014,x86_64,8142976,510912,240000,223296,8327553024,1694949376,0,1626112,8472489984,7649824768,323,0,0,1,SCHED_OTHER,0,30690.1,294.554,0,104.192
32768,8,64,32768,8,64,262144,8,64,6291456,12,64,0,0,0,4, Intel(R) Xeon(R) CPU E31225 @ 3.10GHz,3099877888,Linux,rex.seas.wustl.edu,3.13.9-100.fc19.x86_64,#1 SMP Fri Apr 4 00:51:59 UTC 2014,x86_64,8142976,510912,240000,223296,8327553024,1694949376,0,1626112,8472489984,7649824768,323,0,0,1,SCHED_OTHER,0,30721.5,319.907,0,96.0328
32768,8,64,32768,8,64,262144,8,64,6291456,12,64,0,0,0,4, Intel(R) Xeon(R) CPU E31225 @ 3.10GHz,3099877888,Linux,rex.seas.wustl.edu,3.13.9-100.fc19.x86_64,#1 SMP Fri Apr 4 00:51:59 UTC 2014,x86_64,8142976,510912,240000,223296,8327553024,1694949376,0,1626112,8472489984,7649824768,323,0,0,1,SCHED_OTHER,0,30628.1,320.958,0,95.4269
32768,8,64,32768,8,64,262144,8,64,6291456,12,64,0,0,0,4, Intel(R) Xeon(R) CPU E31225 @ 3.10GHz,3099877888,Linux,rex.seas.wustl.edu,3.13.9-100.fc19.x86_64,#1 SMP Fri Apr 4 00:51:59 UTC 2014,x86_64,8142976,510912,240000,223296,8327553024,1694949376,0,1626112,8472489984,7649824768,323,0,0,1,SCHED_OTHER,0,31347.3,450.434,0,69.5936
32768,8,64,32768,8,64,262144,8,64,6291456,12,64,0,0,0,4, Intel(R) Xeon(R) CPU E31225 @ 3.10GHz,3099877888,Linux,rex.seas.wustl.edu,3.13.9-100.fc19.x86_64,#1 SMP Fri Apr 4 00:51:59 UTC 2014,x86_64,8142976,510912,240000,223296,8327553024,1694949376,0,1626112,8472489984,7649824768,323,0,0,1,SCHED_OTHER,0,651605,1.36628e+06,0,0.47692
32768,8,64,32768,8,64,262144,8,64,6291456,12,64,0,0,0,4, Intel(R) Xeon(R) CPU E31225 @ 3.10GHz,3099877888,Linux,rex.seas.wustl.edu,3.13.9-100.fc19.x86_64,#1 SMP Fri Apr 4 00:51:59 UTC 2014,x86_64,8142976,510912,240000,223296,8327553024,1694949376,0,1626112,8472489984,7649824768,323,0,0,1,SCHED_OTHER,0,557301,1.3751e+06,0,0.405281
32768,8,64,32768,8,64,262144,8,64,6291456,12,64,0,0,0,4, Intel(R) Xeon(R) CPU E31225 @ 3.10GHz,3099877888,Linux,rex.seas.wustl.edu,3.13.9-100.fc19.x86_64,#1 SMP Fri Apr 4 00:51:59 UTC 2014,x86_64,8142976,510912,240000,223296,8327553024,1694949376,0,1626112,8472489984,7649824768,323,0,0,1,SCHED_OTHER,0,506560,1.39392e+06,0,0.363407
32768,8,64,32768,8,64,262144,8,64,6291456,12,64,0,0,0,4, Intel(R) Xeon(R) CPU E31225 @ 3.10GHz,3099877888,Linux,rex.seas.wustl.edu,3.13.9-100.fc19.x86_64,#1 SMP Fri Apr 4 00:51:59 UTC 2014,x86_64,8142976,510912,240000,223296,8327553024,1694949376,0,1626112,8472489984,7649824768,323,0,0,1,SCHED_OTHER,0,623902,1.39669e+06,0,0.446701
32768,8,64,32768,8,64,262144,8,64,6291456,12,64,0,0,0,4, Intel(R) Xeon(R) CPU E31225 @ 3.10GHz,3100000000,Linux,rex.seas.wustl.edu,3.13.9-100.fc19.x86_64,#1 SMP Fri Apr 4 00:51:59 UTC 2014,x86_64,8142982,548704,252320,227392,8327553024,1692344320,0,1626112,8472489984,7649824768,323,0,0,1,SCHED_OTHER,0,29545.2,286.822,0,103.009
32768,8,64,32768,8,64,262144,8,64,6291456,12,64,0,0,0,4, Intel(R) Xeon(R) CPU E31225 @ 3.10GHz,3100000000,Linux,rex.seas.wustl.edu,3.13.9-100.fc19.x86_64,#1 SMP Fri Apr 4 00:51:59 UTC 2014,x86_64,8142982,548704,252320,227392,8327553024,1692344320,0,1626112,8472489984,7649824768,323,0,0,1,SCHED_OTHER,0,29407.5,320.157,0,91.8532
32768,8,64,32768,8,64,262144,8,64,6291456,12,64,0,0,0,4, Intel(R) Xeon(R) CPU E31225 @ 3.10GHz,3100000000,Linux,rex.seas.wustl.edu,3.13.9-100.fc19.x86_64,#1 SMP Fri Apr 4 00:51:59 UTC 2014,x86_64,8142982,548704,252320,227392,8327553024,1692344320,0,1626112,8472489984,7649824768,323,0,0,1,SCHED_OTHER,0,29617.8,324.405,0,91.2988
32768,8,64,32768,8,64,262144,8,64,6291456,12,64,0,0,0,4, Intel(R) Xeon(R) CPU E31225 @ 3.10GHz,3100000000,Linux,rex.seas.wustl.edu,3.13.9-100.fc19.x86_64,#1 SMP Fri Apr 4 00:51:59 UTC 2014,x86_64,8142982,548704,252320,227392,8327553024,1692344320,0,1626112,8472489984,7649824768,323,0,0,1,SCHED_OTHER,0,29930.9,337.403,0,88.7097
32768,8,64,32768,8,64,262144,8,64,6291456,12,64,0,0,0,4, Intel(R) Xeon(R) CPU E31225 @ 3.10GHz,3100000000,Linux,rex.seas.wustl.edu,3.13.9-100.fc19.x86_64,#1 SMP Fri Apr 4 00:51:59 UTC 2014,x86_64,8142982,548704,252320,227392,8327553024,1692344320,0,1626112,8472489984,7649824768,323,0,0,1,SCHED_OTHER,0,611182,1.35649e+06,0,0.450562
32768,8,64,32768,8,64,262144,8,64,6291456,12,64,0,0,0,4, Intel(R) Xeon(R) CPU E31225 @ 3.10GHz,3100000000,Linux,rex.seas.wustl.edu,3.13.9-100.fc19.x86_64,#1 SMP Fri Apr 4 00:51:59 UTC 2014,x86_64,8142982,548704,252320,227392,8327553024,1692344320,0,1626112,8472489984,7649824768,323,0,0,1,SCHED_OTHER,0,520552,1.36847e+06,0,0.38039
32768,8,64,32768,8,64,262144,8,64,6291456,12,64,0,0,0,4, Intel(R) Xeon(R) CPU E31225 @ 3.10GHz,3100000000,Linux,rex.seas.wustl.edu,3.13.9-100.fc19.x86_64,#1 SMP Fri Apr 4 00:51:59 UTC 2014,x86_64,8142982,548704,252320,227392,8327553024,1692344320,0,1626112,8472489984,7649824768,323,0,0,1,SCHED_OTHER,0,564591,1.37875e+06,0,0.409495
32768,8,64,32768,8,64,262144,8,64,6291456,12,64,0,0,0,4, Intel(R) Xeon(R) CPU E31225 @ 3.10GHz,3100000000,Linux,rex.seas.wustl.edu,3.13.9-100.fc19.x86_64,#1 SMP Fri Apr 4 00:51:59 UTC 2014,x86_64,8142982,548704,252320,227392,8327553024,1692344320,0,1626112,8472489984,7649824768,323,0,0,1,SCHED_OTHER,0,460362,1.38145e+06,0,0.333245
32768,8,64,32768,8,64,262144,8,64,6291456,12,64,0,0,0,4, Intel(R) Xeon(R) CPU E31225 @ 3.10GHz,3099877888,Linux,rex.seas.wustl.edu,3.13.9-100.fc19.x86_64,#1 SMP Fri Apr 4 00:51:59 UTC 2014,x86_64,8142987,515264,250304,226880,8327553024,1708748800,0,1630208,8472489984,7649828864,323,0,0,1,SCHED_OTHER,0,34370.9,339.728,0,101.172
32768,8,64,32768,8,64,262144,8,64,6291456,12,64,0,0,0,4, Intel(R) Xeon(R) CPU E31225 @ 3.10GHz,3099877888,Linux,rex.seas.wustl.edu,3.13.9-100.fc19.x86_64,#1 SMP Fri Apr 4 00:51:59 UTC 2014,x86_64,8142987,515264,250304,226880,8327553024,1708748800,0,1630208,8472489984,7649828864,323,0,0,1,SCHED_OTHER,0,34440.8,341.937,0,100.723
32768,8,64,32768,8,64,262144,8,64,6291456,12,64,0,0,0,4, Intel(R) Xeon(R) CPU E31225 @ 3.10GHz,3099877888,Linux,rex.seas.wustl.edu,3.13.9-100.fc19.x86_64,#1 SMP Fri Apr 4 00:51:59 UTC 2014,x86_64,8142987,515264,250304,226880,8327553024,1708748800,0,1630208,8472489984,7649828864,323,0,0,1,SCHED_OTHER,0,34519.4,345.761,0,99.8361
32768,8,64,32768,8,64,262144,8,64,6291456,12,64,0,0,0,4, Intel(R) Xeon(R) CPU E31225 @ 3.10GHz,3099877888,Linux,rex.seas.wustl.edu,3.13.9-100.fc19.x86_64,#1 SMP Fri Apr 4 00:51:59 UTC 2014,x86_64,8142987,515264,250304,226880,8327553024,1708748800,0,1630208,8472489984,7649828864,323,0,0,1,SCHED_OTHER,0,34598,332.064,0,104.191
32768,8,64,32768,8,64,262144,8,64,6291456,12,64,0,0,0,4, Intel(R) Xeon(R) CPU E31225 @ 3.10GHz,3099877888,Linux,rex.seas.wustl.edu,3.13.9-100.fc19.x86_64,#1 SMP Fri Apr 4 00:51:59 UTC 2014,x86_64,8142987,515264,250304,226880,8327553024,1708748800,0,1630208,8472489984,7649828864,323,0,0,1,SCHED_OTHER,0,615714,1.38863e+06,0,0.443396
32768,8,64,32768,8,64,262144,8,64,6291456,12,64,0,0,0,4, Intel(R) Xeon(R) CPU E31225 @ 3.10GHz,3099877888,Linux,rex.seas.wustl.edu,3.13.9-100.fc19.x86_64,#1 SMP Fri Apr 4 00:51:59 UTC 2014,x86_64,8142987,515264,250304,226880,8327553024,1708748800,0,1630208,8472489984,7649828864,323,0,0,1,SCHED_OTHER,0,573111,1.3918e+06,0,0.411778
32768,8,64,32768,8,64,262144,8,64,6291456,12,64,0,0,0,4, Intel(R) Xeon(R) CPU E31225 @ 3.10GHz,3099877888,Linux,rex.seas.wustl.edu,3.13.9-100.fc19.x86_64,#1 SMP Fri Apr 4 00:51:59 UTC 2014,x86_64,8142987,515264,250304,226880,8327553024,1708748800,0,1630208,8472489984,7649828864,323,0,0,1,SCHED_OTHER,0,553574,1.39498e+06,0,0.396834
32768,8,64,32768,8,64,262144,8,64,6291456,12,64,0,0,0,4, Intel(R) Xeon(R) CPU E31225 @ 3.10GHz,3099877888,Linux,rex.seas.wustl.edu,3.13.9-100.fc19.x86_64,#1 SMP Fri Apr 4 00:51:59 UTC 2014,x86_64,8142987,515264,250304,226880,8327553024,1708748800,0,1630208,8472489984,7649828864,323,0,0,1,SCHED_OTHER,0,503653,1.4089e+06,0,0.357478
32768,8,64,32768,8,64,262144,8,64,6291456,12,64,0,0,0,4, Intel(R) Xeon(R) CPU E31225 @ 3.10GHz,3100000000,Linux,rex.seas.wustl.edu,3.13.9-100.fc19.x86_64,#1 SMP Fri Apr 4 00:51:59 UTC 2014,x86_64,8142992,484512,248320,226368,8327553024,1704550400,0,1630208,8472489984,7649828864,323,0,0,1,SCHED_OTHER,0,34444.7,346.151,0,99.5077
32768,8,64,32768,8,64,262144,8,64,6291456,12,64,0,0,0,4, Intel(R) Xeon(R) CPU E31225 @ 3.10GHz,3100000000,Linux,rex.seas.wustl.edu,3.13.9-100.fc19.x86_64,#1 SMP Fri Apr 4 00:51:59 UTC 2014,x86_64,8142992,484512,248320,226368,8327553024,1704550400,0,1630208,8472489984,7649828864,323,0,0,1,SCHED_OTHER,0,34545.7,324.326,0,106.515
32768,8,64,32768,8,64,262144,8,64,6291456,12,64,0,0,0,4, Intel(R) Xeon(R) CPU E31225 @ 3.10GHz,3100000000,Linux,rex.seas.wustl.edu,3.13.9-100.fc19.x86_64,#1 SMP Fri Apr 4 00:51:59 UTC 2014,x86_64,8142992,484512,248320,226368,8327553024,1704550400,0,1630208,8472489984,7649828864,323,0,0,1,SCHED_OTHER,0,34598.4,306.902,0,112.734
32768,8,64,32768,8,64,262144,8,64,6291456,12,64,0,0,0,4, Intel(R) Xeon(R) CPU E31225 @ 3.10GHz,3100000000,Linux,rex.seas.wustl.edu,3.13.9-100.fc19.x86_64,#1 SMP Fri Apr 4 00:51:59 UTC 2014,x86_64,8142992,484512,248320,226368,8327553024,1704550400,0,1630208,8472489984,7649828864,323,0,0,1,SCHED_OTHER,0,35025.3,336.551,0,104.071
32768,8,64,32768,8,64,262144,8,64,6291456,12,64,0,0,0,4, Intel(R) Xeon(R) CPU E31225 @ 3.10GHz,3100000000,Linux,rex.seas.wustl.edu,3.13.9-100.fc19.x86_64,#1 SMP Fri Apr 4 00:51:59 UTC 2014,x86_64,8142992,484512,248320,226368,8327553024,1704550400,0,1630208,8472489984,7649828864,323,0,0,1,SCHED_OTHER,0,582139,1.42033e+06,0,0.409862
32768,8,64,32768,8,64,262144,8,64,6291456,12,64,0,0,0,4, Intel(R) Xeon(R) CPU E31225 @ 3.10GHz,3100000000,Linux,rex.seas.wustl.edu,3.13.9-100.fc19.x86_64,#1 SMP Fri Apr 4 00:51:59 UTC 2014,x86_64,8142992,484512,248320,226368,8327553024,1704550400,0,1630208,8472489984,7649828864,323,0,0,1,SCHED_OTHER,0,428487,1.42352e+06,0,0.301005
32768,8,64,32768,8,64,262144,8,64,6291456,12,64,0,0,0,4, Intel(R) Xeon(R) CPU E31225 @ 3.10GHz,3100000000,Linux,rex.seas.wustl.edu,3.13.9-100.fc19.x86_64,#1 SMP Fri Apr 4 00:51:59 UTC 2014,x86_64,8142992,484512,248320,226368,8327553024,1704550400,0,1630208,8472489984,7649828864,323,0,0,1,SCHED_OTHER,0,598107,1.45133e+06,0,0.41211
32768,8,64,32768,8,64,262144,8,64,6291456,12,64,0,0,0,4, Intel(R) Xeon(R) CPU E31225 @ 3.10GHz,3100000000,Linux,rex.seas.wustl.edu,3.13.9-100.fc19.x86_64,#1 SMP Fri Apr 4 00:51:59 UTC 2014,x86_64,8142992,484512,248320,226368,8327553024,1704550400,0,1630208,8472489984,7649828864,323,0,0,1,SCHED_OTHER,0,476669,1.44301e+06,0,0.330329
32768,8,64,32768,8,64,262144,8,64,6291456,12,64,0,0,0,4, Intel(R) Xeon(R) CPU E31225 @ 3.10GHz,3099877888,Linux,rex.seas.wustl.edu,3.13.9-100.fc19.x86_64,#1 SMP Fri Apr 4 00:51:59 UTC 2014,x86_64,8142997,524448,260512,230432,8327553024,1683574784,0,1630208,8472489984,7649828864,323,0,0,1,SCHED_OTHER,0,27622.4,327.812,0,84.2628
32768,8,64,32768,8,64,262144,8,64,6291456,12,64,0,0,0,4, Intel(R) Xeon(R) CPU E31225 @ 3.10GHz,3099877888,Linux,rex.seas.wustl.edu,3.13.9-100.fc19.x86_64,#1 SMP Fri Apr 4 00:51:59 UTC 2014,x86_64,8142997,524448,260512,230432,8327553024,1683574784,0,1630208,8472489984,7649828864,323,0,0,1,SCHED_OTHER,0,27668.1,336.892,0,82.1276
32768,8,64,32768,8,64,262144,8,64,6291456,12,64,0,0,0,4, Intel(R) Xeon(R) CPU E31225 @ 3.10GHz,3099877888,Linux,rex.seas.wustl.edu,3.13.9-100.fc19.x86_64,#1 SMP Fri Apr 4 00:51:59 UTC 2014,x86_64,8142997,524448,260512,230432,8327553024,1683574784,0,1630208,8472489984,7649828864,323,0,0,1,SCHED_OTHER,0,27542.2,326.86,0,84.2628
32768,8,64,32768,8,64,262144,8,64,6291456,12,64,0,0,0,4, Intel(R) Xeon(R) CPU E31225 @ 3.10GHz,3099877888,Linux,rex.seas.wustl.edu,3.13.9-100.fc19.x86_64,#1 SMP Fri Apr 4 00:51:59 UTC 2014,x86_64,8142997,524448,260512,230432,8327553024,1683574784,0,1630208,8472489984,7649828864,323,0,0,1,SCHED_OTHER,0,27743.8,333.843,0,83.1044
32768,8,64,32768,8,64,262144,8,64,6291456,12,64,0,0,0,4, Intel(R) Xeon(R) CPU E31225 @ 3.10GHz,3099877888,Linux,rex.seas.wustl.edu,3.13.9-100.fc19.x86_64,#1 SMP Fri Apr 4 00:51:59 UTC 2014,x86_64,8142997,524448,260512,230432,8327553024,1683574784,0,1630208,8472489984,7649828864,323,0,0,1,SCHED_OTHER,0,530200,1.31338e+06,0,0.403692
32768,8,64,32768,8,64,262144,8,64,6291456,12,64,0,0,0,4, Intel(R) Xeon(R) CPU E31225 @ 3.10GHz,3099877888,Linux,rex.seas.wustl.edu,3.13.9-100.fc19.x86_64,#1 SMP Fri Apr 4 00:51:59 UTC 2014,x86_64,8142997,524448,260512,230432,8327553024,1683574784,0,1630208,8472489984,7649828864,323,0,0,1,SCHED_OTHER,0,537235,1.31574e+06,0,0.408313
32768,8,64,32768,8,64,262144,8,64,6291456,12,64,0,0,0,4, Intel(R) Xeon(R) CPU E31225 @ 3.10GHz,3099877888,Linux,rex.seas.wustl.edu,3.13.9-100.fc19.x86_64,#1 SMP Fri Apr 4 00:51:59 UTC 2014,x86_64,8142997,524448,260512,230432,8327553024,1683574784,0,1630208,8472489984,7649828864,323,0,0,1,SCHED_OTHER,0,725859,1.33345e+06,0,0.544345
32768,8,64,32768,8,64,262144,8,64,6291456,12,64,0,0,0,4, Intel(R) Xeon(R) CPU E31225 @ 3.10GHz,3099877888,Linux,rex.seas.wustl.edu,3.13.9-100.fc19.x86_64,#1 SMP Fri Apr 4 00:51:59 UTC 2014,x86_64,8142997,524448,260512,230432,8327553024,1683574784,0,1630208,8472489984,7649828864,323,0,0,1,SCHED_OTHER,0,491048,1.32363e+06,0,0.370986
32768,8,64,32768,8,64,262144,8,64,6291456,12,64,0,0,0,4, Intel(R) Xeon(R) CPU E31225 @ 3.10GHz,3099877888,Linux,rex.seas.wustl.edu,3.13.9-100.fc19.x86_64,#1 SMP Fri Apr 4 00:51:59 UTC 2014,x86_64,8143003,492960,258368,229888,8327553024,1698684928,0,1630208,8472489984,7649828864,324,0,0,1,SCHED_OTHER,0,31259.1,329.637,0,94.8286
32768,8,64,32768,8,64,262144,8,64,6291456,12,64,0,0,0,4, Intel(R) Xeon(R) CPU E31225 @ 3.10GHz,3099877888,Linux,rex.seas.wustl.edu,3.13.9-100.fc19.x86_64,#1 SMP Fri Apr 4 00:51:59 UTC 2014,x86_64,8143003,492960,258368,229888,8327553024,1698684928,0,1630208,8472489984,7649828864,324,0,0,1,SCHED_OTHER,0,31317.7,326.46,0,95.9313
32768,8,64,32768,8,64,262144,8,64,6291456,12,64,0,0,0,4, Intel(R) Xeon(R) CPU E31225 @ 3.10GHz,3099877888,Linux,rex.seas.wustl.edu,3.13.9-100.fc19.x86_64,#1 SMP Fri Apr 4 00:51:59 UTC 2014,x86_64,8143003,492960,258368,229888,8327553024,1698684928,0,1630208,8472489984,7649828864,324,0,0,1,SCHED_OTHER,0,31543.8,342.025,0,92.2266
32768,8,64,32768,8,64,262144,8,64,6291456,12,64,0,0,0,4, Intel(R) Xeon(R) CPU E31225 @ 3.10GHz,3099877888,Linux,rex.seas.wustl.edu,3.13.9-100.fc19.x86_64,#1 SMP Fri Apr 4 00:51:59 UTC 2014,x86_64,8143003,492960,258368,229888,8327553024,1698684928,0,1630208,8472489984,7649828864,324,0,0,1,SCHED_OTHER,0,31864.5,353.582,0,90.1192
32768,8,64,32768,8,64,262144,8,64,6291456,12,64,0,0,0,4, Intel(R) Xeon(R) CPU E31225 @ 3.10GHz,3099877888,Linux,rex.seas.wustl.edu,3.13.9-100.fc19.x86_64,#1 SMP Fri Apr 4 00:51:59 UTC 2014,x86_64,8143003,492960,258368,229888,8327553024,1698684928,0,1630208,8472489984,7649828864,324,0,0,1,SCHED_OTHER,0,482926,1.35246e+06,0,0.357072
32768,8,64,32768,8,64,262144,8,64,6291456,12,64,0,0,0,4, Intel(R) Xeon(R) CPU E31225 @ 3.10GHz,3099877888,Linux,rex.seas.wustl.edu,3.13.9-100.fc19.x86_64,#1 SMP Fri Apr 4 00:51:59 UTC 2014,x86_64,8143003,492960,258368,229888,8327553024,1698684928,0,1630208,8472489984,7649828864,324,0,0,1,SCHED_OTHER,0,657097,1.36563e+06,0,0.481168
32768,8,64,32768,8,64,262144,8,64,6291456,12,64,0,0,0,4, Intel(R) Xeon(R) CPU E31225 @ 3.10GHz,3099877888,Linux,rex.seas.wustl.edu,3.13.9-100.fc19.x86_64,#1 SMP Fri Apr 4 00:51:59 UTC 2014,x86_64,8143003,492960,258368,229888,8327553024,1698684928,0,1630208,8472489984,7649828864,324,0,0,1,SCHED_OTHER,0,553886,1.37855e+06,0,0.401788
32768,8,64,32768,8,64,262144,8,64,6291456,12,64,0,0,0,4, Intel(R) Xeon(R) CPU E31225 @ 3.10GHz,3099877888,Linux,rex.seas.wustl.edu,3.13.9-100.fc19.x86_64,#1 SMP Fri Apr 4 00:51:59 UTC 2014,x86_64,8143003,492960,258368,229888,8327553024,1698684928,0,1630208,8472489984,7649828864,324,0,0,1,SCHED_OTHER,0,457260,1.38143e+06,0,0.331003
32768,8,64,32768,8,64,262144,8,64,6291456,12,64,0,0,0,4, Intel(R) Xeon(R) CPU E31225 @ 3.10GHz,3100000000,Linux,rex.seas.wustl.edu,3.13.9-100.fc19.x86_64,#1 SMP Fri Apr 4 00:51:59 UTC 2014,x86_64,8143007,463968,256256,229344,8327553024,1717108736,0,1630208,8472489984,7649828864,323,0,0,1,SCHED_OTHER,0,34868.4,310.833,0,112.177
32768,8,64,32768,8,64,262144,8,64,6291456,12,64,0,0,0,4, Intel(R) Xeon(R) CPU E31225 @ 3.10GHz,3100000000,Linux,rex.seas.wustl.edu,3.13.9-100.fc19.x86_64,#1 SMP Fri Apr 4 00:51:59 UTC 2014,x86_64,8143007,463968,256256,229344,8327553024,1717108736,0,1630208,8472489984,7649828864,323,0,0,1,SCHED_OTHER,0,34890.8,339.485,0,102.776
32768,8,64,32768,8,64,262144,8,64,6291456,12,64,0,0,0,4, Intel(R) Xeon(R) CPU E31225 @ 3.10GHz,3100000000,Linux,rex.seas.wustl.edu,3.13.9-100.fc19.x86_64,#1 SMP Fri Apr 4 00:51:59 UTC 2014,x86_64,8143007,463968,256256,229344,8327553024,1717108736,0,1630208,8472489984,7649828864,323,0,0,1,SCHED_OTHER,0,34970.9,320.611,0,109.076
32768,8,64,32768,8,64,262144,8,64,6291456,12,64,0,0,0,4, Intel(R) Xeon(R) CPU E31225 @ 3.10GHz,3100000000,Linux,rex.seas.wustl.edu,3.13.9-100.fc19.x86_64,#1 SMP Fri Apr 4 00:51:59 UTC 2014,x86_64,8143007,463968,256256,229344,8327553024,1717108736,0,1630208,8472489984,7649828864,323,0,0,1,SCHED_OTHER,0,35728.5,327.561,0,109.075
32768,8,64,32768,8,64,262144,8,64,6291456,12,64,0,0,0,4, Intel(R) Xeon(R) CPU E31225 @ 3.10GHz,3100000000,Linux,rex.seas.wustl.edu,3.13.9-100.fc19.x86_64,#1 SMP Fri Apr 4 00:51:59 UTC 2014,x86_64,8143007,463968,256256,229344,8327553024,1717108736,0,1630208,8472489984,7649828864,323,0,0,1,SCHED_OTHER,0,607210,1.30542e+06,0,0.465147
32768,8,64,32768,8,64,262144,8,64,6291456,12,64,0,0,0,4, Intel(R) Xeon(R) CPU E31225 @ 3.10GHz,3100000000,Linux,rex.seas.wustl.edu,3.13.9-100.fc19.x86_64,#1 SMP Fri Apr 4 00:51:59 UTC 2014,x86_64,8143007,463968,256256,229344,8327553024,1717108736,0,1630208,8472489984,7649828864,323,0,0,1,SCHED_OTHER,0,320342,1.30843e+06,0,0.24483
32768,8,64,32768,8,64,262144,8,64,6291456,12,64,0,0,0,4, Intel(R) Xeon(R) CPU E31225 @ 3.10GHz,3100000000,Linux,rex.seas.wustl.edu,3.13.9-100.fc19.x86_64,#1 SMP Fri Apr 4 00:51:59 UTC 2014,x86_64,8143007,463968,256256,229344,8327553024,1717108736,0,1630208,8472489984,7649828864,323,0,0,1,SCHED_OTHER,0,583916,1.33457e+06,0,0.43753
32768,8,64,32768,8,64,262144,8,64,6291456,12,64,0,0,0,4, Intel(R) Xeon(R) CPU E31225 @ 3.10GHz,3100000000,Linux,rex.seas.wustl.edu,3.13.9-100.fc19.x86_64,#1 SMP Fri Apr 4 00:51:59 UTC 2014,x86_64,8143007,463968,256256,229344,8327553024,1717108736,0,1630208,8472489984,7649828864,323,0,0,1,SCHED_OTHER,0,660387,1.33714e+06,0,0.493879
32768,8,64,32768,8,64,262144,8,64,6291456,12,64,0,0,0,4, Intel(R) Xeon(R) CPU E31225 @ 3.10GHz,3100000000,Linux,rex.seas.wustl.edu,3.13.9-100.fc19.x86_64,#1 SMP Fri Apr 4 00:51:59 UTC 2014,x86_64,8143013,437312,254176,228832,8327553024,1694138368,0,1630208,8472489984,7649828864,323,0,0,1,SCHED_OTHER,0,28799,304.33,0,94.6309
32768,8,64,32768,8,64,262144,8,64,6291456,12,64,0,0,0,4, Intel(R) Xeon(R) CPU E31225 @ 3.10GHz,3100000000,Linux,rex.seas.wustl.edu,3.13.9-100.fc19.x86_64,#1 SMP Fri Apr 4 00:51:59 UTC 2014,x86_64,8143013,437312,254176,228832,8327553024,1694138368,0,1630208,8472489984,7649828864,323,0,0,1,SCHED_OTHER,0,28855.7,343.721,0,83.951
32768,8,64,32768,8,64,262144,8,64,6291456,12,64,0,0,0,4, Intel(R) Xeon(R) CPU E31225 @ 3.10GHz,3100000000,Linux,rex.seas.wustl.edu,3.13.9-100.fc19.x86_64,#1 SMP Fri Apr 4 00:51:59 UTC 2014,x86_64,8143013,437312,254176,228832,8327553024,1694138368,0,1630208,8472489984,7649828864,323,0,0,1,SCHED_OTHER,0,28910.9,347.883,0,83.1053
32768,8,64,32768,8,64,262144,8,64,6291456,12,64,0,0,0,4, Intel(R) Xeon(R) CPU E31225 @ 3.10GHz,3100000000,Linux,rex.seas.wustl.edu,3.13.9-100.fc19.x86_64,#1 SMP Fri Apr 4 00:51:59 UTC 2014,x86_64,8143013,437312,254176,228832,8327553024,1694138368,0,1630208,8472489984,7649828864,323,0,0,1,SCHED_OTHER,0,29283.8,340.757,0,85.9375
32768,8,64,32768,8,64,262144,8,64,6291456,12,64,0,0,0,4, Intel(R) Xeon(R) CPU E31225 @ 3.10GHz,3100000000,Linux,rex.seas.wustl.edu,3.13.9-100.fc19.x86_64,#1 SMP Fri Apr 4 00:51:59 UTC 2014,x86_64,8143013,437312,254176,228832,8327553024,1694138368,0,1630208,8472489984,7649828864,323,0,0,1,SCHED_OTHER,0,631211,1.28913e+06,0,0.489642
32768,8,64,32768,8,64,262144,8,64,6291456,12,64,0,0,0,4, Intel(R) Xeon(R) CPU E31225 @ 3.10GHz,3100000000,Linux,rex.seas.wustl.edu,3.13.9-100.fc19.x86_64,#1 SMP Fri Apr 4 00:51:59 UTC 2014,x86_64,8143013,437312,254176,228832,8327553024,1694138368,0,1630208,8472489984,7649828864,323,0,0,1,SCHED_OTHER,0,563735,1.29157e+06,0,0.436473
32768,8,64,32768,8,64,262144,8,64,6291456,12,64,0,0,0,4, Intel(R) Xeon(R) CPU E31225 @ 3.10GHz,3100000000,Linux,rex.seas.wustl.edu,3.13.9-100.fc19.x86_64,#1 SMP Fri Apr 4 00:51:59 UTC 2014,x86_64,8143013,437312,254176,228832,8327553024,1694138368,0,1630208,8472489984,7649828864,323,0,0,1,SCHED_OTHER,0,531826,1.29402e+06,0,0.410979
32768,8,64,32768,8,64,262144,8,64,6291456,12,64,0,0,0,4, Intel(R) Xeon(R) CPU E31225 @ 3.10GHz,3100000000,Linux,rex.seas.wustl.edu,3.13.9-100.fc19.x86_64,#1 SMP Fri Apr 4 00:51:59 UTC 2014,x86_64,8143013,437312,254176,228832,8327553024,1694138368,0,1630208,8472489984,7649828864,323,0,0,1,SCHED_OTHER,0,683989,1.31997e+06,0,0.518186
32768,8,64,32768,8,64,262144,8,64,6291456,12,64,0,0,0,4, Intel(R) Xeon(R) CPU E31225 @ 3.10GHz,3099877888,Linux,rex.seas.wustl.edu,3.13.9-100.fc19.x86_64,#1 SMP Fri Apr 4 00:51:59 UTC 2014,x86_64,8143018,412800,252128,228320,8327553024,1666805760,0,1630208,8472489984,7649828864,323,0,0,1,SCHED_OTHER,0,25971.3,318.52,0,81.5373
32768,8,64,32768,8,64,262144,8,64,6291456,12,64,0,0,0,4, Intel(R) Xeon(R) CPU E31225 @ 3.10GHz,3099877888,Linux,rex.seas.wustl.edu,3.13.9-100.fc19.x86_64,#1 SMP Fri Apr 4 00:51:59 UTC 2014,x86_64,8143018,412800,252128,228320,8327553024,1666805760,0,1630208,8472489984,7649828864,323,0,0,1,SCHED_OTHER,0,26130.5,321.337,0,81.3181
32768,8,64,32768,8,64,262144,8,64,6291456,12,64,0,0,0,4, Intel(R) Xeon(R) CPU E31225 @ 3.10GHz,3099877888,Linux,rex.seas.wustl.edu,3.13.9-100.fc19.x86_64,#1 SMP Fri Apr 4 00:51:59 UTC 2014,x86_64,8143018,412800,252128,228320,8327553024,1666805760,0,1630208,8472489984,7649828864,323,0,0,1,SCHED_OTHER,0,25958.4,332.664,0,78.0318
32768,8,64,32768,8,64,262144,8,64,6291456,12,64,0,0,0,4, Intel(R) Xeon(R) CPU E31225 @ 3.10GHz,3099877888,Linux,rex.seas.wustl.edu,3.13.9-100.fc19.x86_64,#1 SMP Fri Apr 4 00:51:59 UTC 2014,x86_64,8143018,412800,252128,228320,8327553024,1666805760,0,1630208,8472489984,7649828864,323,0,0,1,SCHED_OTHER,0,25854.1,332.756,0,77.6969
32768,8,64,32768,8,64,262144,8,64,6291456,12,64,0,0,0,4, Intel(R) Xeon(R) CPU E31225 @ 3.10GHz,3099877888,Linux,rex.seas.wustl.edu,3.13.9-100.fc19.x86_64,#1 SMP Fri Apr 4 00:51:59 UTC 2014,x86_64,8143018,412800,252128,228320,8327553024,1666805760,0,1630208,8472489984,7649828864,323,0,0,1,SCHED_OTHER,0,703458,1.38562e+06,0,0.507684
32768,8,64,32768,8,64,262144,8,64,6291456,12,64,0,0,0,4, Intel(R) Xeon(R) CPU E31225 @ 3.10GHz,3099877888,Linux,rex.seas.wustl.edu,3.13.9-100.fc19.x86_64,#1 SMP Fri Apr 4 00:51:59 UTC 2014,x86_64,8143018,412800,252128,228320,8327553024,1666805760,0,1630208,8472489984,7649828864,323,0,0,1,SCHED_OTHER,0,503813,1.39036e+06,0,0.362361
32768,8,64,32768,8,64,262144,8,64,6291456,12,64,0,0,0,4, Intel(R) Xeon(R) CPU E31225 @ 3.10GHz,3099877888,Linux,rex.seas.wustl.edu,3.13.9-100.fc19.x86_64,#1 SMP Fri Apr 4 00:51:59 UTC 2014,x86_64,8143018,412800,252128,228320,8327553024,1666805760,0,1630208,8472489984,7649828864,323,0,0,1,SCHED_OTHER,0,559150,1.39674e+06,0,0.400325
32768,8,64,32768,8,64,262144,8,64,6291456,12,64,0,0,0,4, Intel(R) Xeon(R) CPU E31225 @ 3.10GHz,3099877888,Linux,rex.seas.wustl.edu,3.13.9-100.fc19.x86_64,#1 SMP Fri Apr 4 00:51:59 UTC 2014,x86_64,8143018,412800,252128,228320,8327553024,1666805760,0,1630208,8472489984,7649828864,323,0,0,1,SCHED_OTHER,0,631916,1.3859e+06,0,0.455962
32768,8,64,32768,8,64,262144,8,64,6291456,12,64,0,0,0,4, Intel(R) Xeon(R) CPU E31225 @ 3.10GHz,3100000000,Linux,rex.seas.wustl.edu,3.13.9-100.fc19.x86_64,#1 SMP Fri Apr 4 00:51:59 UTC 2014,x86_64,8143024,384992,249024,227456,8327553024,1738670080,0,1630208,8472489984,7649828864,323,0,0,1,SCHED_OTHER,0,37964,403.69,0,94.0425
32768,8,64,32768,8,64,262144,8,64,6291456,12,64,0,0,0,4, Intel(R) Xeon(R) CPU E31225 @ 3.10GHz,3100000000,Linux,rex.seas.wustl.edu,3.13.9-100.fc19.x86_64,#1 SMP Fri Apr 4 00:51:59 UTC 2014,x86_64,8143024,384992,249024,227456,8327553024,1738670080,0,1630208,8472489984,7649828864,323,0,0,1,SCHED_OTHER,0,37860.5,326.661,0,115.902
32768,8,64,32768,8,64,262144,8,64,6291456,12,64,0,0,0,4, Intel(R) Xeon(R) CPU E31225 @ 3.10GHz,3100000000,Linux,rex.seas.wustl.edu,3.13.9-100.fc19.x86_64,#1 SMP Fri Apr 4 00:51:59 UTC 2014,x86_64,8143024,384992,249024,227456,8327553024,1738670080,0,1630208,8472489984,7649828864,323,0,0,1,SCHED_OTHER,0,37860.3,326.241,0,116.05
32768,8,64,32768,8,64,262144,8,64,6291456,12,64,0,0,0,4, Intel(R) Xeon(R) CPU E31225 @ 3.10GHz,3100000000,Linux,rex.seas.wustl.edu,3.13.9-100.fc19.x86_64,#1 SMP Fri Apr 4 00:51:59 UTC 2014,x86_64,8143024,384992,249024,227456,8327553024,1738670080,0,1630208,8472489984,7649828864,323,0,0,1,SCHED_OTHER,0,39049.1,362.306,0,107.779
32768,8,64,32768,8,64,262144,8,64,6291456,12,64,0,0,0,4, Intel(R) Xeon(R) CPU E31225 @ 3.10GHz,3100000000,Linux,rex.seas.wustl.edu,3.13.9-100.fc19.x86_64,#1 SMP Fri Apr 4 00:51:59 UTC 2014,x86_64,8143024,384992,249024,227456,8327553024,1738670080,0,1630208,8472489984,7649828864,323,0,0,1,SCHED_OTHER,0,493738,1.12535e+06,0,0.438742
32768,8,64,32768,8,64,262144,8,64,6291456,12,64,0,0,0,4, Intel(R) Xeon(R) CPU E31225 @ 3.10GHz,3100000000,Linux,rex.seas.wustl.edu,3.13.9-100.fc19.x86_64,#1 SMP Fri Apr 4 00:51:59 UTC 2014,x86_64,8143024,384992,249024,227456,8327553024,1738670080,0,1630208,8472489984,7649828864,323,0,0,1,SCHED_OTHER,0,626616,1.1291e+06,0,0.554969
32768,8,64,32768,8,64,262144,8,64,6291456,12,64,0,0,0,4, Intel(R) Xeon(R) CPU E31225 @ 3.10GHz,3100000000,Linux,rex.seas.wustl.edu,3.13.9-100.fc19.x86_64,#1 SMP Fri Apr 4 00:51:59 UTC 2014,x86_64,8143024,384992,249024,227456,8327553024,1738670080,0,1630208,8472489984,7649828864,323,0,0,1,SCHED_OTHER,0,550150,1.13096e+06,0,0.486444
32768,8,64,32768,8,64,262144,8,64,6291456,12,64,0,0,0,4, Intel(R) Xeon(R) CPU E31225 @ 3.10GHz,3100000000,Linux,rex.seas.wustl.edu,3.13.9-100.fc19.x86_64,#1 SMP Fri Apr 4 00:51:59 UTC 2014,x86_64,8143024,384992,249024,227456,8327553024,1738670080,0,1630208,8472489984,7649828864,323,0,0,1,SCHED_OTHER,0,569326,1.15703e+06,0,0.492058
32768,8,64,32768,8,64,262144,8,64,6291456,12,64,0,0,0,4, Intel(R) Xeon(R) CPU E31225 @ 3.10GHz,3099877888,Linux,rex.seas.wustl.edu,3.13.9-100.fc19.x86_64,#1 SMP Fri Apr 4 00:51:59 UTC 2014,x86_64,8143028,364672,247072,226944,8327553024,1705570304,0,1630208,8472489984,7649828864,323,0,0,1,SCHED_OTHER,0,34002.4,312.107,0,108.945
32768,8,64,32768,8,64,262144,8,64,6291456,12,64,0,0,0,4, Intel(R) Xeon(R) CPU E31225 @ 3.10GHz,3099877888,Linux,rex.seas.wustl.edu,3.13.9-100.fc19.x86_64,#1 SMP Fri Apr 4 00:51:59 UTC 2014,x86_64,8143028,364672,247072,226944,8327553024,1705570304,0,1630208,8472489984,7649828864,323,0,0,1,SCHED_OTHER,0,33976.6,344.068,0,98.7497
32768,8,64,32768,8,64,262144,8,64,6291456,12,64,0,0,0,4, Intel(R) Xeon(R) CPU E31225 @ 3.10GHz,3099877888,Linux,rex.seas.wustl.edu,3.13.9-100.fc19.x86_64,#1 SMP Fri Apr 4 00:51:59 UTC 2014,x86_64,8143028,364672,247072,226944,8327553024,1705570304,0,1630208,8472489984,7649828864,323,0,0,1,SCHED_OTHER,0,34078.7,328.578,0,103.715
32768,8,64,32768,8,64,262144,8,64,6291456,12,64,0,0,0,4, Intel(R) Xeon(R) CPU E31225 @ 3.10GHz,3099877888,Linux,rex.seas.wustl.edu,3.13.9-100.fc19.x86_64,#1 SMP Fri Apr 4 00:51:59 UTC 2014,x86_64,8143028,364672,247072,226944,8327553024,1705570304,0,1630208,8472489984,7649828864,323,0,0,1,SCHED_OTHER,0,34558.4,332.827,0,103.833
32768,8,64,32768,8,64,262144,8,64,6291456,12,64,0,0,0,4, Intel(R) Xeon(R) CPU E31225 @ 3.10GHz,3099877888,Linux,rex.seas.wustl.edu,3.13.9-100.fc19.x86_64,#1 SMP Fri Apr 4 00:51:59 UTC 2014,x86_64,8143028,364672,247072,226944,8327553024,1705570304,0,1630208,8472489984,7649828864,323,0,0,1,SCHED_OTHER,0,628846,1.39353e+06,0,0.451262
32768,8,64,32768,8,64,262144,8,64,6291456,12,64,0,0,0,4, Intel(R) Xeon(R) CPU E31225 @ 3.10GHz,3099877888,Linux,rex.seas.wustl.edu,3.13.9-100.fc19.x86_64,#1 SMP Fri Apr 4 00:51:59 UTC 2014,x86_64,8143028,364672,247072,226944,8327553024,1705570304,0,1630208,8472489984,7649828864,323,0,0,1,SCHED_OTHER,0,351636,1.39662e+06,0,0.251777
32768,8,64,32768,8,64,262144,8,64,6291456,12,64,0,0,0,4, Intel(R) Xeon(R) CPU E31225 @ 3.10GHz,3099877888,Linux,rex.seas.wustl.edu,3.13.9-100.fc19.x86_64,#1 SMP Fri Apr 4 00:51:59 UTC 2014,x86_64,8143028,364672,247072,226944,8327553024,1705570304,0,1630208,8472489984,7649828864,323,0,0,1,SCHED_OTHER,0,592382,1.42358e+06,0,0.416119
32768,8,64,32768,8,64,262144,8,64,6291456,12,64,0,0,0,4, Intel(R) Xeon(R) CPU E31225 @ 3.10GHz,3099877888,Linux,rex.seas.wustl.edu,3.13.9-100.fc19.x86_64,#1 SMP Fri Apr 4 00:51:59 UTC 2014,x86_64,8143028,364672,247072,226944,8327553024,1705570304,0,1630208,8472489984,7649828864,323,0,0,1,SCHED_OTHER,0,551590,1.42687e+06,0,0.386574
32768,8,64,32768,8,64,262144,8,64,6291456,12,64,0,0,0,4, Intel(R) Xeon(R) CPU E31225 @ 3.10GHz,3100000000,Linux,rex.seas.wustl.edu,3.13.9-100.fc19.x86_64,#1 SMP Fri Apr 4 00:51:59 UTC 2014,x86_64,8143033,340704,244064,226080,8327553024,1709867008,0,1638400,8472489984,7649828864,323,0,0,1,SCHED_OTHER,0,31075.8,340.033,0,91.3907
32768,8,64,32768,8,64,262144,8,64,6291456,12,64,0,0,0,4, Intel(R) Xeon(R) CPU E31225 @ 3.10GHz,3100000000,Linux,rex.seas.wustl.edu,3.13.9-100.fc19.x86_64,#1 SMP Fri Apr 4 00:51:59 UTC 2014,x86_64,8143033,340704,244064,226080,8327553024,1709867008,0,1638400,8472489984,7649828864,323,0,0,1,SCHED_OTHER,0,30983.6,339.023,0,91.3907
32768,8,64,32768,8,64,262144,8,64,6291456,12,64,0,0,0,4, Intel(R) Xeon(R) CPU E31225 @ 3.10GHz,3100000000,Linux,rex.seas.wustl.edu,3.13.9-100.fc19.x86_64,#1 SMP Fri Apr 4 00:51:59 UTC 2014,x86_64,8143033,340704,244064,226080,8327553024,1709867008,0,1638400,8472489984,7649828864,323,0,0,1,SCHED_OTHER,0,31047.2,340.746,0,91.1155
32768,8,64,32768,8,64,262144,8,64,6291456,12,64,0,0,0,4, Intel(R) Xeon(R) CPU E31225 @ 3.10GHz,3100000000,Linux,rex.seas.wustl.edu,3.13.9-100.fc19.x86_64,#1 SMP Fri Apr 4 00:51:59 UTC 2014,x86_64,8143033,340704,244064,226080,8327553024,1709867008,0,1638400,8472489984,7649828864,323,0,0,1,SCHED_OTHER,0,31554.2,348.4,0,90.5689
32768,8,64,32768,8,64,262144,8,64,6291456,12,64,0,0,0,4, Intel(R) Xeon(R) CPU E31225 @ 3.10GHz,3100000000,Linux,rex.seas.wustl.edu,3.13.9-100.fc19.x86_64,#1 SMP Fri Apr 4 00:51:59 UTC 2014,x86_64,8143033,340704,244064,226080,8327553024,1709867008,0,1638400,8472489984,7649828864,323,0,0,1,SCHED_OTHER,0,574536,1.23021e+06,0,0.467022
32768,8,64,32768,8,64,262144,8,64,6291456,12,64,0,0,0,4, Intel(R) Xeon(R) CPU E31225 @ 3.10GHz,3100000000,Linux,rex.seas.wustl.edu,3.13.9-100.fc19.x86_64,#1 SMP Fri Apr 4 00:51:59 UTC 2014,x86_64,8143033,340704,244064,226080,8327553024,1709867008,0,1638400,8472489984,7649828864,323,0,0,1,SCHED_OTHER,0,512262,1.23271e+06,0,0.415558
32768,8,64,32768,8,64,262144,8,64,6291456,12,64,0,0,0,4, Intel(R) Xeon(R) CPU E31225 @ 3.10GHz,3100000000,Linux,rex.seas.wustl.edu,3.13.9-100.fc19.x86_64,#1 SMP Fri Apr 4 00:51:59 UTC 2014,x86_64,8143033,340704,244064,226080,8327553024,1709867008,0,1638400,8472489984,7649828864,323,0,0,1,SCHED_OTHER,0,575667,1.24076e+06,0,0.463964
32768,8,64,32768,8,64,262144,8,64,6291456,12,64,0,0,0,4, Intel(R) Xeon(R) CPU E31225 @ 3.10GHz,3100000000,Linux,rex.seas.wustl.edu,3.13.9-100.fc19.x86_64,#1 SMP Fri Apr 4 00:51:59 UTC 2014,x86_64,8143033,340704,244064,226080,8327553024,1709867008,0,1638400,8472489984,7649828864,323,0,0,1,SCHED_OTHER,0,630165,1.261e+06,0,0.499733
32768,8,64,32768,8,64,262144,8,64,6291456,12,64,0,0,0,4, Intel(R) Xeon(R) CPU E31225 @ 3.10GHz,3100000000,Linux,rex.seas.wustl.edu,3.13.9-100.fc19.x86_64,#1 SMP Fri Apr 4 00:51:59 UTC 2014,x86_64,8143038,318656,241088,225216,8327553024,1709178880,0,1638400,8472489984,7649837056,324,0,0,1,SCHED_OTHER,0,33519.9,341.659,0,98.1092
32768,8,64,32768,8,64,262144,8,64,6291456,12,64,0,0,0,4, Intel(R) Xeon(R) CPU E31225 @ 3.10GHz,3100000000,Linux,rex.seas.wustl.edu,3.13.9-100.fc19.x86_64,#1 SMP Fri Apr 4 00:51:59 UTC 2014,x86_64,8143038,318656,241088,225216,8327553024,1709178880,0,1638400,8472489984,7649837056,324,0,0,1,SCHED_OTHER,0,33504.4,344.064,0,97.3785
32768,8,64,32768,8,64,262144,8,64,6291456,12,64,0,0,0,4, Intel(R) Xeon(R) CPU E31225 @ 3.10GHz,3100000000,Linux,rex.seas.wustl.edu,3.13.9-100.fc19.x86_64,#1 SMP Fri Apr 4 00:51:59 UTC 2014,x86_64,8143038,318656,241088,225216,8327553024,1709178880,0,1638400,8472489984,7649837056,324,0,0,1,SCHED_OTHER,0,33438.1,336.403,0,99.3987
32768,8,64,32768,8,64,262144,8,64,6291456,12,64,0,0,0,4, Intel(R) Xeon(R) CPU E31225 @ 3.10GHz,3100000000,Linux,rex.seas.wustl.edu,3.13.9-100.fc19.x86_64,#1 SMP Fri Apr 4 00:51:59 UTC 2014,x86_64,8143038,318656,241088,225216,8327553024,1709178880,0,1638400,8472489984,7649837056,324,0,0,1,SCHED_OTHER,0,33988.8,351.685,0,96.6454
32768,8,64,32768,8,64,262144,8,64,6291456,12,64,0,0,0,4, Intel(R) Xeon(R) CPU E31225 @ 3.10GHz,3100000000,Linux,rex.seas.wustl.edu,3.13.9-100.fc19.x86_64,#1 SMP Fri Apr 4 00:51:59 UTC 2014,x86_64,8143038,318656,241088,225216,8327553024,1709178880,0,1638400,8472489984,7649837056,324,0,0,1,SCHED_OTHER,0,497589,1.31334e+06,0,0.378872
32768,8,64,32768,8,64,262144,8,64,6291456,12,64,0,0,0,4, Intel(R) Xeon(R) CPU E31225 @ 3.10GHz,3100000000,Linux,rex.seas.wustl.edu,3.13.9-100.fc19.x86_64,#1 SMP Fri Apr 4 00:51:59 UTC 2014,x86_64,8143038,318656,241088,225216,8327553024,1709178880,0,1638400,8472489984,7649837056,324,0,0,1,SCHED_OTHER,0,550021,1.30704e+06,0,0.420813
32768,8,64,32768,8,64,262144,8,64,6291456,12,64,0,0,0,4, Intel(R) Xeon(R) CPU E31225 @ 3.10GHz,3100000000,Linux,rex.seas.wustl.edu,3.13.9-100.fc19.x86_64,#1 SMP Fri Apr 4 00:51:59 UTC 2014,x86_64,8143038,318656,241088,225216,8327553024,1709178880,0,1638400,8472489984,7649837056,324,0,0,1,SCHED_OTHER,0,546204,1.33e+06,0,0.410673
32768,8,64,32768,8,64,262144,8,64,6291456,12,64,0,0,0,4, Intel(R) Xeon(R) CPU E31225 @ 3.10GHz,3100000000,Linux,rex.seas.wustl.edu,3.13.9-100.fc19.x86_64,#1 SMP Fri Apr 4 00:51:59 UTC 2014,x86_64,8143038,318656,241088,225216,8327553024,1709178880,0,1638400,8472489984,7649837056,324,0,0,1,SCHED_OTHER,0,487443,1.32001e+06,0,0.369271
32768,8,64,32768,8,64,262144,8,64,6291456,12,64,0,0,0,4, Intel(R) Xeon(R) CPU E31225 @ 3.10GHz,3100000000,Linux,rex.seas.wustl.edu,3.13.9-100.fc19.x86_64,#1 SMP Fri Apr 4 00:51:59 UTC 2014,x86_64,8143043,298400,238176,224352,8327553024,1673379840,0,1638400,8472489984,7649837056,323,0,0,1,SCHED_OTHER,0,26855,300.95,0,89.234
32768,8,64,32768,8,64,262144,8,64,6291456,12,64,0,0,0,4, Intel(R) Xeon(R) CPU E31225 @ 3.10GHz,3100000000,Linux,rex.seas.wustl.edu,3.13.9-100.fc19.x86_64,#1 SMP Fri Apr 4 00:51:59 UTC 2014,x86_64,8143043,298400,238176,224352,8327553024,1673379840,0,1638400,8472489984,7649837056,323,0,0,1,SCHED_OTHER,0,26856,301.553,0,89.0589
32768,8,64,32768,8,64,262144,8,64,6291456,12,64,0,0,0,4, Intel(R) Xeon(R) CPU E31225 @ 3.10GHz,3100000000,Linux,rex.seas.wustl.edu,3.13.9-100.fc19.x86_64,#1 SMP Fri Apr 4 00:51:59 UTC 2014,x86_64,8143043,298400,238176,224352,8327553024,1673379840,0,1638400,8472489984,7649837056,323,0,0,1,SCHED_OTHER,0,26889.2,312.297,0,86.1015
32768,8,64,32768,8,64,262144,8,64,6291456,12,64,0,0,0,4, Intel(R) Xeon(R) CPU E31225 @ 3.10GHz,3100000000,Linux,rex.seas.wustl.edu,3.13.9-100.fc19.x86_64,#1 SMP Fri Apr 4 00:51:59 UTC 2014,x86_64,8143043,298400,238176,224352,8327553024,1673379840,0,1638400,8472489984,7649837056,323,0,0,1,SCHED_OTHER,0,26935.2,315.802,0,85.2914
32768,8,64,32768,8,64,262144,8,64,6291456,12,64,0,0,0,4, Intel(R) Xeon(R) CPU E31225 @ 3.10GHz,3100000000,Linux,rex.seas.wustl.edu,3.13.9-100.fc19.x86_64,#1 SMP Fri Apr 4 00:51:59 UTC 2014,x86_64,8143043,298400,238176,224352,8327553024,1673379840,0,1638400,8472489984,7649837056,323,0,0,1,SCHED_OTHER,0,670225,1.41337e+06,0,0.474203
32768,8,64,32768,8,64,262144,8,64,6291456,12,64,0,0,0,4, Intel(R) Xeon(R) CPU E31225 @ 3.10GHz,3100000000,Linux,rex.seas.wustl.edu,3.13.9-100.fc19.x86_64,#1 SMP Fri Apr 4 00:51:59 UTC 2014,x86_64,8143043,298400,238176,224352,8327553024,1673379840,0,1638400,8472489984,7649837056,323,0,0,1,SCHED_OTHER,0,622051,1.41475e+06,0,0.439688
32768,8,64,32768,8,64,262144,8,64,6291456,12,64,0,0,0,4, Intel(R) Xeon(R) CPU E31225 @ 3.10GHz,3100000000,Linux,rex.seas.wustl.edu,3.13.9-100.fc19.x86_64,#1 SMP Fri Apr 4 00:51:59 UTC 2014,x86_64,8143043,298400,238176,224352,8327553024,1673379840,0,1638400,8472489984,7649837056,323,0,0,1,SCHED_OTHER,0,552209,1.41434e+06,0,0.390435
32768,8,64,32768,8,64,262144,8,64,6291456,12,64,0,0,0,4, Intel(R) Xeon(R) CPU E31225 @ 3.10GHz,3100000000,Linux,rex.seas.wustl.edu,3.13.9-100.fc19.x86_64,#1 SMP Fri Apr 4 00:51:59 UTC 2014,x86_64,8143043,298400,238176,224352,8327553024,1673379840,0,1638400,8472489984,7649837056,323,0,0,1,SCHED_OTHER,0,462562,1.41514e+06,0,0.326867
32768,8,64,32768,8,64,262144,8,64,6291456,12,64,0,0,0,4, Intel(R) Xeon(R) CPU E31225 @ 3.10GHz,3100000000,Linux,rex.seas.wustl.edu,3.13.9-100.fc19.x86_64,#1 SMP Fri Apr 4 00:51:59 UTC 2014,x86_64,8143049,319904,244416,226496,8327553024,1715503104,0,1638400,8472489984,7649837056,323,0,0,1,SCHED_OTHER,0,35295.8,361.705,0,97.5817
32768,8,64,32768,8,64,262144,8,64,6291456,12,64,0,0,0,4, Intel(R) Xeon(R) CPU E31225 @ 3.10GHz,3100000000,Linux,rex.seas.wustl.edu,3.13.9-100.fc19.x86_64,#1 SMP Fri Apr 4 00:51:59 UTC 2014,x86_64,8143049,319904,244416,226496,8327553024,1715503104,0,1638400,8472489984,7649837056,323,0,0,1,SCHED_OTHER,0,35314,330.597,0,106.819
32768,8,64,32768,8,64,262144,8,64,6291456,12,64,0,0,0,4, Intel(R) Xeon(R) CPU E31225 @ 3.10GHz,3100000000,Linux,rex.seas.wustl.edu,3.13.9-100.fc19.x86_64,#1 SMP Fri Apr 4 00:51:59 UTC 2014,x86_64,8143049,319904,244416,226496,8327553024,1715503104,0,1638400,8472489984,7649837056,323,0,0,1,SCHED_OTHER,0,35998,341.928,0,105.28
32768,8,64,32768,8,64,262144,8,64,6291456,12,64,0,0,0,4, Intel(R) Xeon(R) CPU E31225 @ 3.10GHz,3100000000,Linux,rex.seas.wustl.edu,3.13.9-100.fc19.x86_64,#1 SMP Fri Apr 4 00:51:59 UTC 2014,x86_64,8143049,319904,244416,226496,8327553024,1715503104,0,1638400,8472489984,7649837056,323,0,0,1,SCHED_OTHER,0,35849.8,323.142,0,110.941
32768,8,64,32768,8,64,262144,8,64,6291456,12,64,0,0,0,4, Intel(R) Xeon(R) CPU E31225 @ 3.10GHz,3100000000,Linux,rex.seas.wustl.edu,3.13.9-100.fc19.x86_64,#1 SMP Fri Apr 4 00:51:59 UTC 2014,x86_64,8143049,319904,244416,226496,8327553024,1715503104,0,1638400,8472489984,7649837056,323,0,0,1,SCHED_OTHER,0,420324,1.3241e+06,0,0.317441
32768,8,64,32768,8,64,262144,8,64,6291456,12,64,0,0,0,4, Intel(R) Xeon(R) CPU E31225 @ 3.10GHz,3100000000,Linux,rex.seas.wustl.edu,3.13.9-100.fc19.x86_64,#1 SMP Fri Apr 4 00:51:59 UTC 2014,x86_64,8143049,319904,244416,226496,8327553024,1715503104,0,1638400,8472489984,7649837056,323,0,0,1,SCHED_OTHER,0,541761,1.32741e+06,0,0.408135
32768,8,64,32768,8,64,262144,8,64,6291456,12,64,0,0,0,4, Intel(R) Xeon(R) CPU E31225 @ 3.10GHz,3100000000,Linux,rex.seas.wustl.edu,3.13.9-100.fc19.x86_64,#1 SMP Fri Apr 4 00:51:59 UTC 2014,x86_64,8143049,319904,244416,226496,8327553024,1715503104,0,1638400,8472489984,7649837056,323,0,0,1,SCHED_OTHER,0,451658,1.34416e+06,0,0.336014
32768,8,64,32768,8,64,262144,8,64,6291456,12,64,0,0,0,4, Intel(R) Xeon(R) CPU E31225 @ 3.10GHz,3100000000,Linux,rex.seas.wustl.edu,3.13.9-100.fc19.x86_64,#1 SMP Fri Apr 4 00:51:59 UTC 2014,x86_64,8143049,319904,244416,226496,8327553024,1715503104,0,1638400,8472489984,7649837056,323,0,0,1,SCHED_OTHER,0,533276,1.35217e+06,0,0.394386
32768,8,64,32768,8,64,262144,8,64,6291456,12,64,0,0,0,4, Intel(R) Xeon(R) CPU E31225 @ 3.10GHz,3100000000,Linux,rex.seas.wustl.edu,3.13.9-100.fc19.x86_64,#1 SMP Fri Apr 4 00:51:59 UTC 2014,x86_64,8143053,319904,244416,226496,8327553024,1723883520,0,1638400,8472489984,7649837056,323,0,0,1,SCHED_OTHER,0,37953.4,415.706,0,91.2988
32768,8,64,32768,8,64,262144,8,64,6291456,12,64,0,0,0,4, Intel(R) Xeon(R) CPU E31225 @ 3.10GHz,3100000000,Linux,rex.seas.wustl.edu,3.13.9-100.fc19.x86_64,#1 SMP Fri Apr 4 00:51:59 UTC 2014,x86_64,8143053,319904,244416,226496,8327553024,1723883520,0,1638400,8472489984,7649837056,323,0,0,1,SCHED_OTHER,0,37828.9,334.308,0,113.156
32768,8,64,32768,8,64,262144,8,64,6291456,12,64,0,0,0,4, Intel(R) Xeon(R) CPU E31225 @ 3.10GHz,3100000000,Linux,rex.seas.wustl.edu,3.13.9-100.fc19.x86_64,#1 SMP Fri Apr 4 00:51:59 UTC 2014,x86_64,8143053,319904,244416,226496,8327553024,1723883520,0,1638400,8472489984,7649837056,323,0,0,1,SCHED_OTHER,0,37812.9,290,0,130.389
32768,8,64,32768,8,64,262144,8,64,6291456,12,64,0,0,0,4, Intel(R) Xeon(R) CPU E31225 @ 3.10GHz,3100000000,Linux,rex.seas.wustl.edu,3.13.9-100.fc19.x86_64,#1 SMP Fri Apr 4 00:51:59 UTC 2014,x86_64,8143053,319904,244416,226496,8327553024,1723883520,0,1638400,8472489984,7649837056,323,0,0,1,SCHED_OTHER,0,37907.4,325.816,0,116.346
32768,8,64,32768,8,64,262144,8,64,6291456,12,64,0,0,0,4, Intel(R) Xeon(R) CPU E31225 @ 3.10GHz,3100000000,Linux,rex.seas.wustl.edu,3.13.9-100.fc19.x86_64,#1 SMP Fri Apr 4 00:51:59 UTC 2014,x86_64,8143053,319904,244416,226496,8327553024,1723883520,0,1638400,8472489984,7649837056,323,0,0,1,SCHED_OTHER,0,463743,1.27536e+06,0,0.363618
32768,8,64,32768,8,64,262144,8,64,6291456,12,64,0,0,0,4, Intel(R) Xeon(R) CPU E31225 @ 3.10GHz,3100000000,Linux,rex.seas.wustl.edu,3.13.9-100.fc19.x86_64,#1 SMP Fri Apr 4 00:51:59 UTC 2014,x86_64,8143053,319904,244416,226496,8327553024,1723883520,0,1638400,8472489984,7649837056,323,0,0,1,SCHED_OTHER,0,559955,1.27854e+06,0,0.437964
32768,8,64,32768,8,64,262144,8,64,6291456,12,64,0,0,0,4, Intel(R) Xeon(R) CPU E31225 @ 3.10GHz,3100000000,Linux,rex.seas.wustl.edu,3.13.9-100.fc19.x86_64,#1 SMP Fri Apr 4 00:51:59 UTC 2014,x86_64,8143053,319904,244416,226496,8327553024,1723883520,0,1638400,8472489984,7649837056,323,0,0,1,SCHED_OTHER,0,500211,1.28011e+06,0,0.390754
32768,8,64,32768,8,64,262144,8,64,6291456,12,64,0,0,0,4, Intel(R) Xeon(R) CPU E31225 @ 3.10GHz,3100000000,Linux,rex.seas.wustl.edu,3.13.9-100.fc19.x86_64,#1 SMP Fri Apr 4 00:51:59 UTC 2014,x86_64,8143053,319904,244416,226496,8327553024,1723883520,0,1638400,8472489984,7649837056,323,0,0,1,SCHED_OTHER,0,617818,1.31617e+06,0,0.469404
32768,8,64,32768,8,64,262144,8,64,6291456,12,64,0,0,0,4, Intel(R) Xeon(R) CPU E31225 @ 3.10GHz,3100000000,Linux,rex.seas.wustl.edu,3.13.9-100.fc19.x86_64,#1 SMP Fri Apr 4 00:51:59 UTC 2014,x86_64,8143059,304768,242528,225984,8327553024,1669382144,0,1638400,8472489984,7649837056,323,0,0,1,SCHED_OTHER,0,25948.3,336.121,0,77.1993
32768,8,64,32768,8,64,262144,8,64,6291456,12,64,0,0,0,4, Intel(R) Xeon(R) CPU E31225 @ 3.10GHz,3100000000,Linux,rex.seas.wustl.edu,3.13.9-100.fc19.x86_64,#1 SMP Fri Apr 4 00:51:59 UTC 2014,x86_64,8143059,304768,242528,225984,8327553024,1669382144,0,1638400,8472489984,7649837056,323,0,0,1,SCHED_OTHER,0,25892,316.977,0,81.6841
32768,8,64,32768,8,64,262144,8,64,6291456,12,64,0,0,0,4, Intel(R) Xeon(R) CPU E31225 @ 3.10GHz,3100000000,Linux,rex.seas.wustl.edu,3.13.9-100.fc19.x86_64,#1 SMP Fri Apr 4 00:51:59 UTC 2014,x86_64,8143059,304768,242528,225984,8327553024,1669382144,0,1638400,8472489984,7649837056,323,0,0,1,SCHED_OTHER,0,25943.7,336.193,0,77.1692
32768,8,64,32768,8,64,262144,8,64,6291456,12,64,0,0,0,4, Intel(R) Xeon(R) CPU E31225 @ 3.10GHz,3100000000,Linux,rex.seas.wustl.edu,3.13.9-100.fc19.x86_64,#1 SMP Fri Apr 4 00:51:59 UTC 2014,x86_64,8143059,304768,242528,225984,8327553024,1669382144,0,1638400,8472489984,7649837056,323,0,0,1,SCHED_OTHER,0,25855,335.047,0,77.1684
32768,8,64,32768,8,64,262144,8,64,6291456,12,64,0,0,0,4, Intel(R) Xeon(R) CPU E31225 @ 3.10GHz,3100000000,Linux,rex.seas.wustl.edu,3.13.9-100.fc19.x86_64,#1 SMP Fri Apr 4 00:51:59 UTC 2014,x86_64,8143059,304768,242528,225984,8327553024,1669382144,0,1638400,8472489984,7649837056,323,0,0,1,SCHED_OTHER,0,605532,1.35171e+06,0,0.447973
32768,8,64,32768,8,64,262144,8,64,6291456,12,64,0,0,0,4, Intel(R) Xeon(R) CPU E31225 @ 3.10GHz,3100000000,Linux,rex.seas.wustl.edu,3.13.9-100.fc19.x86_64,#1 SMP Fri Apr 4 00:51:59 UTC 2014,x86_64,8143059,304768,242528,225984,8327553024,1669382144,0,1638400,8472489984,7649837056,323,0,0,1,SCHED_OTHER,0,622562,1.35528e+06,0,0.459359
32768,8,64,32768,8,64,262144,8,64,6291456,12,64,0,0,0,4, Intel(R) Xeon(R) CPU E31225 @ 3.10GHz,3100000000,Linux,rex.seas.wustl.edu,3.13.9-100.fc19.x86_64,#1 SMP Fri Apr 4 00:51:59 UTC 2014,x86_64,8143059,304768,242528,225984,8327553024,1669382144,0,1638400,8472489984,7649837056,323,0,0,1,SCHED_OTHER,0,548436,1.35218e+06,0,0.405592
32768,8,64,32768,8,64,262144,8,64,6291456,12,64,0,0,0,4, Intel(R) Xeon(R) CPU E31225 @ 3.10GHz,3100000000,Linux,rex.seas.wustl.edu,3.13.9-100.fc19.x86_64,#1 SMP Fri Apr 4 00:51:59 UTC 2014,x86_64,8143059,304768,242528,225984,8327553024,1669382144,0,1638400,8472489984,7649837056,323,0,0,1,SCHED_OTHER,0,630147,1.35025e+06,0,0.46669
32768,8,64,32768,8,64,262144,8,64,6291456,12,64,0,0,0,4, Intel(R) Xeon(R) CPU E31225 @ 3.10GHz,3100000000,Linux,rex.seas.wustl.edu,3.13.9-100.fc19.x86_64,#1 SMP Fri Apr 4 00:51:59 UTC 2014,x86_64,8143065,325696,248672,228128,8327553024,1662918656,0,1642496,8472489984,7649837056,323,0,0,1,SCHED_OTHER,0,25746.9,316.335,0,81.391
32768,8,64,32768,8,64,262144,8,64,6291456,12,64,0,0,0,4, Intel(R) Xeon(R) CPU E31225 @ 3.10GHz,3100000000,Linux,rex.seas.wustl.edu,3.13.9-100.fc19.x86_64,#1 SMP Fri Apr 4 00:51:59 UTC 2014,x86_64,8143065,325696,248672,228128,8327553024,1662918656,0,1642496,8472489984,7649837056,323,0,0,1,SCHED_OTHER,0,25774.3,347.062,0,74.2643
32768,8,64,32768,8,64,262144,8,64,6291456,12,64,0,0,0,4, Intel(R) Xeon(R) CPU E31225 @ 3.10GHz,3100000000,Linux,rex.seas.wustl.edu,3.13.9-100.fc19.x86_64,#1 SMP Fri Apr 4 00:51:59 UTC 2014,x86_64,8143065,325696,248672,228128,8327553024,1662918656,0,1642496,8472489984,7649837056,323,0,0,1,SCHED_OTHER,0,25638.6,314.44,0,81.5373
32768,8,64,32768,8,64,262144,8,64,6291456,12,64,0,0,0,4, Intel(R) Xeon(R) CPU E31225 @ 3.10GHz,3100000000,Linux,rex.seas.wustl.edu,3.13.9-100.fc19.x86_64,#1 SMP Fri Apr 4 00:51:59 UTC 2014,x86_64,8143065,325696,248672,228128,8327553024,1662918656,0,1642496,8472489984,7649837056,323,0,0,1,SCHED_OTHER,0,25664.6,333.711,0,76.9068
32768,8,64,32768,8,64,262144,8,64,6291456,12,64,0,0,0,4, Intel(R) Xeon(R) CPU E31225 @ 3.10GHz,3100000000,Linux,rex.seas.wustl.edu,3.13.9-100.fc19.x86_64,#1 SMP Fri Apr 4 00:51:59 UTC 2014,x86_64,8143065,325696,248672,228128,8327553024,1662918656,0,1642496,8472489984,7649837056,323,0,0,1,SCHED_OTHER,0,554491,1.41102e+06,0,0.392972
32768,8,64,32768,8,64,262144,8,64,6291456,12,64,0,0,0,4, Intel(R) Xeon(R) CPU E31225 @ 3.10GHz,3100000000,Linux,rex.seas.wustl.edu,3.13.9-100.fc19.x86_64,#1 SMP Fri Apr 4 00:51:59 UTC 2014,x86_64,8143065,325696,248672,228128,8327553024,1662918656,0,1642496,8472489984,7649837056,323,0,0,1,SCHED_OTHER,0,601250,1.41298e+06,0,0.425518
32768,8,64,32768,8,64,262144,8,64,6291456,12,64,0,0,0,4, Intel(R) Xeon(R) CPU E31225 @ 3.10GHz,3100000000,Linux,rex.seas.wustl.edu,3.13.9-100.fc19.x86_64,#1 SMP Fri Apr 4 00:51:59 UTC 2014,x86_64,8143065,325696,248672,228128,8327553024,1662918656,0,1642496,8472489984,7649837056,323,0,0,1,SCHED_OTHER,0,571654,1.41698e+06,0,0.403431
32768,8,64,32768,8,64,262144,8,64,6291456,12,64,0,0,0,4, Intel(R) Xeon(R) CPU E31225 @ 3.10GHz,3100000000,Linux,rex.seas.wustl.edu,3.13.9-100.fc19.x86_64,#1 SMP Fri Apr 4 00:51:59 UTC 2014,x86_64,8143065,325696,248672,228128,8327553024,1662918656,0,1642496,8472489984,7649837056,323,0,0,1,SCHED_OTHER,0,764868,1.40871e+06,0,0.542955
