65536,2,64,65536,2,64,524288,16,64,6291456,48,64,0,0,0,12, Six-Core AMD Opteron(tm) Processor 2431,2412481024,Linux,cinnaproa.int.seas.wustl.edu,3.0.27,#1 SMP Tue Apr 17 10:58:24 CDT 2012,x86_64,7859069,383776,130528,74976,32883171328,22438252544,0,935882752,32777703424,32777703424,195,0,0,1,SCHED_OTHER,0,1.14904e+06,299795,0,3.83274
65536,2,64,65536,2,64,524288,16,64,6291456,48,64,0,0,0,12, Six-Core AMD Opteron(tm) Processor 2431,2412481024,Linux,cinnaproa.int.seas.wustl.edu,3.0.27,#1 SMP Tue Apr 17 10:58:24 CDT 2012,x86_64,7859069,383776,130528,74976,32883171328,22438252544,0,935882752,32777703424,32777703424,195,0,0,1,SCHED_OTHER,0,1.14904e+06,233343,0,4.92425
65536,2,64,65536,2,64,524288,16,64,6291456,48,64,0,0,0,12, Six-Core AMD Opteron(tm) Processor 2431,2412481024,Linux,cinnaproa.int.seas.wustl.edu,3.0.27,#1 SMP Tue Apr 17 10:58:24 CDT 2012,x86_64,7859069,383776,130528,74976,32883171328,22438252544,0,935882752,32777703424,32777703424,195,0,0,1,SCHED_OTHER,0,1.14904e+06,295958,0,3.88243
65536,2,64,65536,2,64,524288,16,64,6291456,48,64,0,0,0,12, Six-Core AMD Opteron(tm) Processor 2431,2412481024,Linux,cinnaproa.int.seas.wustl.edu,3.0.27,#1 SMP Tue Apr 17 10:58:24 CDT 2012,x86_64,7859069,383776,130528,74976,32883171328,22438252544,0,935882752,32777703424,32777703424,195,0,0,1,SCHED_OTHER,0,299794,1.132e+06,0,0.264836
65536,2,64,65536,2,64,524288,16,64,6291456,48,64,0,0,0,12, Six-Core AMD Opteron(tm) Processor 2431,2412481024,Linux,cinnaproa.int.seas.wustl.edu,3.0.27,#1 SMP Tue Apr 17 10:58:24 CDT 2012,x86_64,7859069,383776,130528,74976,32883171328,22438252544,0,935882752,32777703424,32777703424,195,0,0,1,SCHED_OTHER,0,233342,1.132e+06,0,0.206132
65536,2,64,65536,2,64,524288,16,64,6291456,48,64,0,0,0,12, Six-Core AMD Opteron(tm) Processor 2431,2412481024,Linux,cinnaproa.int.seas.wustl.edu,3.0.27,#1 SMP Tue Apr 17 10:58:24 CDT 2012,x86_64,7859069,383776,130528,74976,32883171328,22438252544,0,935882752,32777703424,32777703424,195,0,0,1,SCHED_OTHER,0,295957,1.132e+06,0,0.261446
65536,2,64,65536,2,64,524288,16,64,6291456,48,64,0,0,0,12, Six-Core AMD Opteron(tm) Processor 2431,2412481024,Linux,cinnaproa.int.seas.wustl.edu,3.0.27,#1 SMP Tue Apr 17 10:58:24 CDT 2012,x86_64,7859152,421152,183200,96960,32883171328,22436622336,0,935899136,32777703424,32777703424,195,0,0,1,SCHED_OTHER,0,1.2859e+06,259676,0,4.95195
65536,2,64,65536,2,64,524288,16,64,6291456,48,64,0,0,0,12, Six-Core AMD Opteron(tm) Processor 2431,2412481024,Linux,cinnaproa.int.seas.wustl.edu,3.0.27,#1 SMP Tue Apr 17 10:58:24 CDT 2012,x86_64,7859152,421152,183200,96960,32883171328,22436622336,0,935899136,32777703424,32777703424,195,0,0,1,SCHED_OTHER,0,1.2859e+06,364943,0,3.52357
65536,2,64,65536,2,64,524288,16,64,6291456,48,64,0,0,0,12, Six-Core AMD Opteron(tm) Processor 2431,2412481024,Linux,cinnaproa.int.seas.wustl.edu,3.0.27,#1 SMP Tue Apr 17 10:58:24 CDT 2012,x86_64,7859152,421152,183200,96960,32883171328,22436622336,0,935899136,32777703424,32777703424,195,0,0,1,SCHED_OTHER,0,1.2859e+06,286748,0,4.48442
65536,2,64,65536,2,64,524288,16,64,6291456,48,64,0,0,0,12, Six-Core AMD Opteron(tm) Processor 2431,2412481024,Linux,cinnaproa.int.seas.wustl.edu,3.0.27,#1 SMP Tue Apr 17 10:58:24 CDT 2012,x86_64,7859152,421152,183200,96960,32883171328,22436622336,0,935899136,32777703424,32777703424,195,0,0,1,SCHED_OTHER,0,259673,1.203e+06,0,0.215855
65536,2,64,65536,2,64,524288,16,64,6291456,48,64,0,0,0,12, Six-Core AMD Opteron(tm) Processor 2431,2412481024,Linux,cinnaproa.int.seas.wustl.edu,3.0.27,#1 SMP Tue Apr 17 10:58:24 CDT 2012,x86_64,7859152,421152,183200,96960,32883171328,22436622336,0,935899136,32777703424,32777703424,195,0,0,1,SCHED_OTHER,0,364939,1.203e+06,0,0.303358
65536,2,64,65536,2,64,524288,16,64,6291456,48,64,0,0,0,12, Six-Core AMD Opteron(tm) Processor 2431,2412481024,Linux,cinnaproa.int.seas.wustl.edu,3.0.27,#1 SMP Tue Apr 17 10:58:24 CDT 2012,x86_64,7859152,421152,183200,96960,32883171328,22436622336,0,935899136,32777703424,32777703424,195,0,0,1,SCHED_OTHER,0,286746,1.203e+06,0,0.238359
65536,2,64,65536,2,64,524288,16,64,6291456,48,64,0,0,0,12, Six-Core AMD Opteron(tm) Processor 2431,2412481024,Linux,cinnaproa.int.seas.wustl.edu,3.0.27,#1 SMP Tue Apr 17 10:58:24 CDT 2012,x86_64,7859235,424864,222912,117408,32883171328,22438408192,0,935899136,32777703424,32777703424,195,0,0,1,SCHED_OTHER,0,1.28493e+06,255773,0,5.02373
65536,2,64,65536,2,64,524288,16,64,6291456,48,64,0,0,0,12, Six-Core AMD Opteron(tm) Processor 2431,2412481024,Linux,cinnaproa.int.seas.wustl.edu,3.0.27,#1 SMP Tue Apr 17 10:58:24 CDT 2012,x86_64,7859235,424864,222912,117408,32883171328,22438408192,0,935899136,32777703424,32777703424,195,0,0,1,SCHED_OTHER,0,1.28493e+06,368981,0,3.48238
65536,2,64,65536,2,64,524288,16,64,6291456,48,64,0,0,0,12, Six-Core AMD Opteron(tm) Processor 2431,2412481024,Linux,cinnaproa.int.seas.wustl.edu,3.0.27,#1 SMP Tue Apr 17 10:58:24 CDT 2012,x86_64,7859235,424864,222912,117408,32883171328,22438408192,0,935899136,32777703424,32777703424,195,0,0,1,SCHED_OTHER,0,1.28493e+06,294491,0,4.36322
65536,2,64,65536,2,64,524288,16,64,6291456,48,64,0,0,0,12, Six-Core AMD Opteron(tm) Processor 2431,2412481024,Linux,cinnaproa.int.seas.wustl.edu,3.0.27,#1 SMP Tue Apr 17 10:58:24 CDT 2012,x86_64,7859235,424864,222912,117408,32883171328,22438408192,0,935899136,32777703424,32777703424,195,0,0,1,SCHED_OTHER,0,255771,1.19515e+06,0,0.214007
65536,2,64,65536,2,64,524288,16,64,6291456,48,64,0,0,0,12, Six-Core AMD Opteron(tm) Processor 2431,2412481024,Linux,cinnaproa.int.seas.wustl.edu,3.0.27,#1 SMP Tue Apr 17 10:58:24 CDT 2012,x86_64,7859235,424864,222912,117408,32883171328,22438408192,0,935899136,32777703424,32777703424,195,0,0,1,SCHED_OTHER,0,368979,1.19515e+06,0,0.30873
65536,2,64,65536,2,64,524288,16,64,6291456,48,64,0,0,0,12, Six-Core AMD Opteron(tm) Processor 2431,2412481024,Linux,cinnaproa.int.seas.wustl.edu,3.0.27,#1 SMP Tue Apr 17 10:58:24 CDT 2012,x86_64,7859235,424864,222912,117408,32883171328,22438408192,0,935899136,32777703424,32777703424,195,0,0,1,SCHED_OTHER,0,294490,1.19515e+06,0,0.246404
65536,2,64,65536,2,64,524288,16,64,6291456,48,64,0,0,0,12, Six-Core AMD Opteron(tm) Processor 2431,2412481024,Linux,cinnaproa.int.seas.wustl.edu,3.0.27,#1 SMP Tue Apr 17 10:58:24 CDT 2012,x86_64,7859313,396288,244704,132768,32883171328,22437949440,0,935899136,32777703424,32777703424,195,0,0,1,SCHED_OTHER,0,1.64696e+06,333572,0,4.93735
65536,2,64,65536,2,64,524288,16,64,6291456,48,64,0,0,0,12, Six-Core AMD Opteron(tm) Processor 2431,2412481024,Linux,cinnaproa.int.seas.wustl.edu,3.0.27,#1 SMP Tue Apr 17 10:58:24 CDT 2012,x86_64,7859313,396288,244704,132768,32883171328,22437949440,0,935899136,32777703424,32777703424,195,0,0,1,SCHED_OTHER,0,1.64696e+06,402606,0,4.09075
65536,2,64,65536,2,64,524288,16,64,6291456,48,64,0,0,0,12, Six-Core AMD Opteron(tm) Processor 2431,2412481024,Linux,cinnaproa.int.seas.wustl.edu,3.0.27,#1 SMP Tue Apr 17 10:58:24 CDT 2012,x86_64,7859313,396288,244704,132768,32883171328,22437949440,0,935899136,32777703424,32777703424,195,0,0,1,SCHED_OTHER,0,1.64696e+06,323034,0,5.09841
65536,2,64,65536,2,64,524288,16,64,6291456,48,64,0,0,0,12, Six-Core AMD Opteron(tm) Processor 2431,2412481024,Linux,cinnaproa.int.seas.wustl.edu,3.0.27,#1 SMP Tue Apr 17 10:58:24 CDT 2012,x86_64,7859313,396288,244704,132768,32883171328,22437949440,0,935899136,32777703424,32777703424,195,0,0,1,SCHED_OTHER,0,333570,923024,0,0.361389
65536,2,64,65536,2,64,524288,16,64,6291456,48,64,0,0,0,12, Six-Core AMD Opteron(tm) Processor 2431,2412481024,Linux,cinnaproa.int.seas.wustl.edu,3.0.27,#1 SMP Tue Apr 17 10:58:24 CDT 2012,x86_64,7859313,396288,244704,132768,32883171328,22437949440,0,935899136,32777703424,32777703424,195,0,0,1,SCHED_OTHER,0,402603,923023,0,0.436179
65536,2,64,65536,2,64,524288,16,64,6291456,48,64,0,0,0,12, Six-Core AMD Opteron(tm) Processor 2431,2412481024,Linux,cinnaproa.int.seas.wustl.edu,3.0.27,#1 SMP Tue Apr 17 10:58:24 CDT 2012,x86_64,7859313,396288,244704,132768,32883171328,22437949440,0,935899136,32777703424,32777703424,195,0,0,1,SCHED_OTHER,0,323032,923024,0,0.349972
65536,2,64,65536,2,64,524288,16,64,6291456,48,64,0,0,0,12, Six-Core AMD Opteron(tm) Processor 2431,2412481024,Linux,cinnaproa.int.seas.wustl.edu,3.0.27,#1 SMP Tue Apr 17 10:58:24 CDT 2012,x86_64,7859396,424448,270624,150144,32883171328,22438395904,0,935903232,32777703424,32777703424,195,0,0,1,SCHED_OTHER,0,1.28062e+06,308088,0,4.15668
65536,2,64,65536,2,64,524288,16,64,6291456,48,64,0,0,0,12, Six-Core AMD Opteron(tm) Processor 2431,2412481024,Linux,cinnaproa.int.seas.wustl.edu,3.0.27,#1 SMP Tue Apr 17 10:58:24 CDT 2012,x86_64,7859396,424448,270624,150144,32883171328,22438395904,0,935903232,32777703424,32777703424,195,0,0,1,SCHED_OTHER,0,1.28062e+06,363492,0,3.5231
65536,2,64,65536,2,64,524288,16,64,6291456,48,64,0,0,0,12, Six-Core AMD Opteron(tm) Processor 2431,2412481024,Linux,cinnaproa.int.seas.wustl.edu,3.0.27,#1 SMP Tue Apr 17 10:58:24 CDT 2012,x86_64,7859396,424448,270624,150144,32883171328,22438395904,0,935903232,32777703424,32777703424,195,0,0,1,SCHED_OTHER,0,1.28062e+06,287893,0,4.44825
65536,2,64,65536,2,64,524288,16,64,6291456,48,64,0,0,0,12, Six-Core AMD Opteron(tm) Processor 2431,2412481024,Linux,cinnaproa.int.seas.wustl.edu,3.0.27,#1 SMP Tue Apr 17 10:58:24 CDT 2012,x86_64,7859396,424448,270624,150144,32883171328,22438395904,0,935903232,32777703424,32777703424,195,0,0,1,SCHED_OTHER,0,308086,1.43386e+06,0,0.214865
65536,2,64,65536,2,64,524288,16,64,6291456,48,64,0,0,0,12, Six-Core AMD Opteron(tm) Processor 2431,2412481024,Linux,cinnaproa.int.seas.wustl.edu,3.0.27,#1 SMP Tue Apr 17 10:58:24 CDT 2012,x86_64,7859396,424448,270624,150144,32883171328,22438395904,0,935903232,32777703424,32777703424,195,0,0,1,SCHED_OTHER,0,363490,1.43386e+06,0,0.253505
65536,2,64,65536,2,64,524288,16,64,6291456,48,64,0,0,0,12, Six-Core AMD Opteron(tm) Processor 2431,2412481024,Linux,cinnaproa.int.seas.wustl.edu,3.0.27,#1 SMP Tue Apr 17 10:58:24 CDT 2012,x86_64,7859396,424448,270624,150144,32883171328,22438395904,0,935903232,32777703424,32777703424,195,0,0,1,SCHED_OTHER,0,287892,1.43386e+06,0,0.200781
65536,2,64,65536,2,64,524288,16,64,6291456,48,64,0,0,0,12, Six-Core AMD Opteron(tm) Processor 2431,2412481024,Linux,cinnaproa.int.seas.wustl.edu,3.0.27,#1 SMP Tue Apr 17 10:58:24 CDT 2012,x86_64,7859478,425664,288768,165920,32883171328,22438281216,0,935907328,32777703424,32777703424,195,0,0,1,SCHED_OTHER,0,1.34987e+06,209601,0,6.44019
65536,2,64,65536,2,64,524288,16,64,6291456,48,64,0,0,0,12, Six-Core AMD Opteron(tm) Processor 2431,2412481024,Linux,cinnaproa.int.seas.wustl.edu,3.0.27,#1 SMP Tue Apr 17 10:58:24 CDT 2012,x86_64,7859478,425664,288768,165920,32883171328,22438281216,0,935907328,32777703424,32777703424,195,0,0,1,SCHED_OTHER,0,1.34987e+06,240907,0,5.60327
65536,2,64,65536,2,64,524288,16,64,6291456,48,64,0,0,0,12, Six-Core AMD Opteron(tm) Processor 2431,2412481024,Linux,cinnaproa.int.seas.wustl.edu,3.0.27,#1 SMP Tue Apr 17 10:58:24 CDT 2012,x86_64,7859478,425664,288768,165920,32883171328,22438281216,0,935907328,32777703424,32777703424,195,0,0,1,SCHED_OTHER,0,1.34987e+06,350592,0,3.85025
65536,2,64,65536,2,64,524288,16,64,6291456,48,64,0,0,0,12, Six-Core AMD Opteron(tm) Processor 2431,2412481024,Linux,cinnaproa.int.seas.wustl.edu,3.0.27,#1 SMP Tue Apr 17 10:58:24 CDT 2012,x86_64,7859478,425664,288768,165920,32883171328,22438281216,0,935907328,32777703424,32777703424,195,0,0,1,SCHED_OTHER,0,209600,1.0762e+06,0,0.194759
65536,2,64,65536,2,64,524288,16,64,6291456,48,64,0,0,0,12, Six-Core AMD Opteron(tm) Processor 2431,2412481024,Linux,cinnaproa.int.seas.wustl.edu,3.0.27,#1 SMP Tue Apr 17 10:58:24 CDT 2012,x86_64,7859478,425664,288768,165920,32883171328,22438281216,0,935907328,32777703424,32777703424,195,0,0,1,SCHED_OTHER,0,240906,1.0762e+06,0,0.223849
65536,2,64,65536,2,64,524288,16,64,6291456,48,64,0,0,0,12, Six-Core AMD Opteron(tm) Processor 2431,2412481024,Linux,cinnaproa.int.seas.wustl.edu,3.0.27,#1 SMP Tue Apr 17 10:58:24 CDT 2012,x86_64,7859478,425664,288768,165920,32883171328,22438281216,0,935907328,32777703424,32777703424,195,0,0,1,SCHED_OTHER,0,350590,1.0762e+06,0,0.325768
65536,2,64,65536,2,64,524288,16,64,6291456,48,64,0,0,0,12, Six-Core AMD Opteron(tm) Processor 2431,2412481024,Linux,cinnaproa.int.seas.wustl.edu,3.0.27,#1 SMP Tue Apr 17 10:58:24 CDT 2012,x86_64,7859562,432192,304320,180352,32883171328,22438469632,0,935907328,32777703424,32777703424,195,0,0,1,SCHED_OTHER,0,1.30678e+06,309892,0,4.21688
65536,2,64,65536,2,64,524288,16,64,6291456,48,64,0,0,0,12, Six-Core AMD Opteron(tm) Processor 2431,2412481024,Linux,cinnaproa.int.seas.wustl.edu,3.0.27,#1 SMP Tue Apr 17 10:58:24 CDT 2012,x86_64,7859562,432192,304320,180352,32883171328,22438469632,0,935907328,32777703424,32777703424,195,0,0,1,SCHED_OTHER,0,1.30678e+06,242302,0,5.39318
65536,2,64,65536,2,64,524288,16,64,6291456,48,64,0,0,0,12, Six-Core AMD Opteron(tm) Processor 2431,2412481024,Linux,cinnaproa.int.seas.wustl.edu,3.0.27,#1 SMP Tue Apr 17 10:58:24 CDT 2012,x86_64,7859562,432192,304320,180352,32883171328,22438469632,0,935907328,32777703424,32777703424,195,0,0,1,SCHED_OTHER,0,1.30678e+06,279466,0,4.67598
65536,2,64,65536,2,64,524288,16,64,6291456,48,64,0,0,0,12, Six-Core AMD Opteron(tm) Processor 2431,2412481024,Linux,cinnaproa.int.seas.wustl.edu,3.0.27,#1 SMP Tue Apr 17 10:58:24 CDT 2012,x86_64,7859562,432192,304320,180352,32883171328,22438469632,0,935907328,32777703424,32777703424,195,0,0,1,SCHED_OTHER,0,309890,930437,0,0.333059
65536,2,64,65536,2,64,524288,16,64,6291456,48,64,0,0,0,12, Six-Core AMD Opteron(tm) Processor 2431,2412481024,Linux,cinnaproa.int.seas.wustl.edu,3.0.27,#1 SMP Tue Apr 17 10:58:24 CDT 2012,x86_64,7859562,432192,304320,180352,32883171328,22438469632,0,935907328,32777703424,32777703424,195,0,0,1,SCHED_OTHER,0,242301,930436,0,0.260416
65536,2,64,65536,2,64,524288,16,64,6291456,48,64,0,0,0,12, Six-Core AMD Opteron(tm) Processor 2431,2412481024,Linux,cinnaproa.int.seas.wustl.edu,3.0.27,#1 SMP Tue Apr 17 10:58:24 CDT 2012,x86_64,7859562,432192,304320,180352,32883171328,22438469632,0,935907328,32777703424,32777703424,195,0,0,1,SCHED_OTHER,0,279464,930437,0,0.300358
65536,2,64,65536,2,64,524288,16,64,6291456,48,64,0,0,0,12, Six-Core AMD Opteron(tm) Processor 2431,2412481024,Linux,cinnaproa.int.seas.wustl.edu,3.0.27,#1 SMP Tue Apr 17 10:58:24 CDT 2012,x86_64,7859645,432352,315104,193824,32883171328,22437871616,0,935911424,32777703424,32777703424,195,0,0,1,SCHED_OTHER,0,1.27632e+06,314675,0,4.05598
65536,2,64,65536,2,64,524288,16,64,6291456,48,64,0,0,0,12, Six-Core AMD Opteron(tm) Processor 2431,2412481024,Linux,cinnaproa.int.seas.wustl.edu,3.0.27,#1 SMP Tue Apr 17 10:58:24 CDT 2012,x86_64,7859645,432352,315104,193824,32883171328,22437871616,0,935911424,32777703424,32777703424,195,0,0,1,SCHED_OTHER,0,1.27632e+06,362058,0,3.52517
65536,2,64,65536,2,64,524288,16,64,6291456,48,64,0,0,0,12, Six-Core AMD Opteron(tm) Processor 2431,2412481024,Linux,cinnaproa.int.seas.wustl.edu,3.0.27,#1 SMP Tue Apr 17 10:58:24 CDT 2012,x86_64,7859645,432352,315104,193824,32883171328,22437871616,0,935911424,32777703424,32777703424,195,0,0,1,SCHED_OTHER,0,1.27632e+06,287368,0,4.4414
65536,2,64,65536,2,64,524288,16,64,6291456,48,64,0,0,0,12, Six-Core AMD Opteron(tm) Processor 2431,2412481024,Linux,cinnaproa.int.seas.wustl.edu,3.0.27,#1 SMP Tue Apr 17 10:58:24 CDT 2012,x86_64,7859645,432352,315104,193824,32883171328,22437871616,0,935911424,32777703424,32777703424,195,0,0,1,SCHED_OTHER,0,314673,1.43417e+06,0,0.219411
65536,2,64,65536,2,64,524288,16,64,6291456,48,64,0,0,0,12, Six-Core AMD Opteron(tm) Processor 2431,2412481024,Linux,cinnaproa.int.seas.wustl.edu,3.0.27,#1 SMP Tue Apr 17 10:58:24 CDT 2012,x86_64,7859645,432352,315104,193824,32883171328,22437871616,0,935911424,32777703424,32777703424,195,0,0,1,SCHED_OTHER,0,362056,1.43417e+06,0,0.252449
65536,2,64,65536,2,64,524288,16,64,6291456,48,64,0,0,0,12, Six-Core AMD Opteron(tm) Processor 2431,2412481024,Linux,cinnaproa.int.seas.wustl.edu,3.0.27,#1 SMP Tue Apr 17 10:58:24 CDT 2012,x86_64,7859645,432352,315104,193824,32883171328,22437871616,0,935911424,32777703424,32777703424,195,0,0,1,SCHED_OTHER,0,287367,1.43417e+06,0,0.200371
65536,2,64,65536,2,64,524288,16,64,6291456,48,64,0,0,0,12, Six-Core AMD Opteron(tm) Processor 2431,2412481024,Linux,cinnaproa.int.seas.wustl.edu,3.0.27,#1 SMP Tue Apr 17 10:58:24 CDT 2012,x86_64,7859726,396320,314336,202688,32883171328,22438592512,0,935911424,32777703424,32777703424,195,0,0,1,SCHED_OTHER,0,1.43332e+06,241704,0,5.93004
65536,2,64,65536,2,64,524288,16,64,6291456,48,64,0,0,0,12, Six-Core AMD Opteron(tm) Processor 2431,2412481024,Linux,cinnaproa.int.seas.wustl.edu,3.0.27,#1 SMP Tue Apr 17 10:58:24 CDT 2012,x86_64,7859726,396320,314336,202688,32883171328,22438592512,0,935911424,32777703424,32777703424,195,0,0,1,SCHED_OTHER,0,1.43332e+06,326740,0,4.38672
65536,2,64,65536,2,64,524288,16,64,6291456,48,64,0,0,0,12, Six-Core AMD Opteron(tm) Processor 2431,2412481024,Linux,cinnaproa.int.seas.wustl.edu,3.0.27,#1 SMP Tue Apr 17 10:58:24 CDT 2012,x86_64,7859726,396320,314336,202688,32883171328,22438592512,0,935911424,32777703424,32777703424,195,0,0,1,SCHED_OTHER,0,1.43331e+06,391363,0,3.66237
65536,2,64,65536,2,64,524288,16,64,6291456,48,64,0,0,0,12, Six-Core AMD Opteron(tm) Processor 2431,2412481024,Linux,cinnaproa.int.seas.wustl.edu,3.0.27,#1 SMP Tue Apr 17 10:58:24 CDT 2012,x86_64,7859726,396320,314336,202688,32883171328,22438592512,0,935911424,32777703424,32777703424,195,0,0,1,SCHED_OTHER,0,241703,1.03211e+06,0,0.234183
65536,2,64,65536,2,64,524288,16,64,6291456,48,64,0,0,0,12, Six-Core AMD Opteron(tm) Processor 2431,2412481024,Linux,cinnaproa.int.seas.wustl.edu,3.0.27,#1 SMP Tue Apr 17 10:58:24 CDT 2012,x86_64,7859726,396320,314336,202688,32883171328,22438592512,0,935911424,32777703424,32777703424,195,0,0,1,SCHED_OTHER,0,326738,1.03211e+06,0,0.316572
65536,2,64,65536,2,64,524288,16,64,6291456,48,64,0,0,0,12, Six-Core AMD Opteron(tm) Processor 2431,2412481024,Linux,cinnaproa.int.seas.wustl.edu,3.0.27,#1 SMP Tue Apr 17 10:58:24 CDT 2012,x86_64,7859726,396320,314336,202688,32883171328,22438592512,0,935911424,32777703424,32777703424,195,0,0,1,SCHED_OTHER,0,391361,1.03211e+06,0,0.379184
65536,2,64,65536,2,64,524288,16,64,6291456,48,64,0,0,0,12, Six-Core AMD Opteron(tm) Processor 2431,2412481024,Linux,cinnaproa.int.seas.wustl.edu,3.0.27,#1 SMP Tue Apr 17 10:58:24 CDT 2012,x86_64,7859803,386880,313760,210720,32883171328,22438387712,0,935911424,32777703424,32777703424,195,0,0,1,SCHED_OTHER,0,1.65631e+06,341565,0,4.84916
65536,2,64,65536,2,64,524288,16,64,6291456,48,64,0,0,0,12, Six-Core AMD Opteron(tm) Processor 2431,2412481024,Linux,cinnaproa.int.seas.wustl.edu,3.0.27,#1 SMP Tue Apr 17 10:58:24 CDT 2012,x86_64,7859803,386880,313760,210720,32883171328,22438387712,0,935911424,32777703424,32777703424,195,0,0,1,SCHED_OTHER,0,1.65631e+06,257962,0,6.42074
65536,2,64,65536,2,64,524288,16,64,6291456,48,64,0,0,0,12, Six-Core AMD Opteron(tm) Processor 2431,2412481024,Linux,cinnaproa.int.seas.wustl.edu,3.0.27,#1 SMP Tue Apr 17 10:58:24 CDT 2012,x86_64,7859803,386880,313760,210720,32883171328,22438387712,0,935911424,32777703424,32777703424,195,0,0,1,SCHED_OTHER,0,1.65631e+06,345282,0,4.79697
65536,2,64,65536,2,64,524288,16,64,6291456,48,64,0,0,0,12, Six-Core AMD Opteron(tm) Processor 2431,2412481024,Linux,cinnaproa.int.seas.wustl.edu,3.0.27,#1 SMP Tue Apr 17 10:58:24 CDT 2012,x86_64,7859803,386880,313760,210720,32883171328,22438387712,0,935911424,32777703424,32777703424,195,0,0,1,SCHED_OTHER,0,341563,1.30417e+06,0,0.261902
65536,2,64,65536,2,64,524288,16,64,6291456,48,64,0,0,0,12, Six-Core AMD Opteron(tm) Processor 2431,2412481024,Linux,cinnaproa.int.seas.wustl.edu,3.0.27,#1 SMP Tue Apr 17 10:58:24 CDT 2012,x86_64,7859803,386880,313760,210720,32883171328,22438387712,0,935911424,32777703424,32777703424,195,0,0,1,SCHED_OTHER,0,257960,1.30417e+06,0,0.197797
65536,2,64,65536,2,64,524288,16,64,6291456,48,64,0,0,0,12, Six-Core AMD Opteron(tm) Processor 2431,2412481024,Linux,cinnaproa.int.seas.wustl.edu,3.0.27,#1 SMP Tue Apr 17 10:58:24 CDT 2012,x86_64,7859803,386880,313760,210720,32883171328,22438387712,0,935911424,32777703424,32777703424,195,0,0,1,SCHED_OTHER,0,345280,1.30417e+06,0,0.264751
65536,2,64,65536,2,64,524288,16,64,6291456,48,64,0,0,0,12, Six-Core AMD Opteron(tm) Processor 2431,2412481024,Linux,cinnaproa.int.seas.wustl.edu,3.0.27,#1 SMP Tue Apr 17 10:58:24 CDT 2012,x86_64,7859893,478016,338656,227584,32883171328,22436335616,0,935911424,32777703424,32777703424,195,0,0,1,SCHED_OTHER,0,1.00418e+06,248582,0,4.03962
65536,2,64,65536,2,64,524288,16,64,6291456,48,64,0,0,0,12, Six-Core AMD Opteron(tm) Processor 2431,2412481024,Linux,cinnaproa.int.seas.wustl.edu,3.0.27,#1 SMP Tue Apr 17 10:58:24 CDT 2012,x86_64,7859893,478016,338656,227584,32883171328,22436335616,0,935911424,32777703424,32777703424,195,0,0,1,SCHED_OTHER,0,1.00417e+06,266726,0,3.76482
65536,2,64,65536,2,64,524288,16,64,6291456,48,64,0,0,0,12, Six-Core AMD Opteron(tm) Processor 2431,2412481024,Linux,cinnaproa.int.seas.wustl.edu,3.0.27,#1 SMP Tue Apr 17 10:58:24 CDT 2012,x86_64,7859893,478016,338656,227584,32883171328,22436335616,0,935911424,32777703424,32777703424,195,0,0,1,SCHED_OTHER,0,1.00418e+06,252653,0,3.97452
65536,2,64,65536,2,64,524288,16,64,6291456,48,64,0,0,0,12, Six-Core AMD Opteron(tm) Processor 2431,2412481024,Linux,cinnaproa.int.seas.wustl.edu,3.0.27,#1 SMP Tue Apr 17 10:58:24 CDT 2012,x86_64,7859893,478016,338656,227584,32883171328,22436335616,0,935911424,32777703424,32777703424,195,0,0,1,SCHED_OTHER,0,248580,982299,0,0.253059
65536,2,64,65536,2,64,524288,16,64,6291456,48,64,0,0,0,12, Six-Core AMD Opteron(tm) Processor 2431,2412481024,Linux,cinnaproa.int.seas.wustl.edu,3.0.27,#1 SMP Tue Apr 17 10:58:24 CDT 2012,x86_64,7859893,478016,338656,227584,32883171328,22436335616,0,935911424,32777703424,32777703424,195,0,0,1,SCHED_OTHER,0,266723,982299,0,0.27153
65536,2,64,65536,2,64,524288,16,64,6291456,48,64,0,0,0,12, Six-Core AMD Opteron(tm) Processor 2431,2412481024,Linux,cinnaproa.int.seas.wustl.edu,3.0.27,#1 SMP Tue Apr 17 10:58:24 CDT 2012,x86_64,7859893,478016,338656,227584,32883171328,22436335616,0,935911424,32777703424,32777703424,195,0,0,1,SCHED_OTHER,0,252651,982300,0,0.257204
65536,2,64,65536,2,64,524288,16,64,6291456,48,64,0,0,0,12, Six-Core AMD Opteron(tm) Processor 2431,2412481024,Linux,cinnaproa.int.seas.wustl.edu,3.0.27,#1 SMP Tue Apr 17 10:58:24 CDT 2012,x86_64,7859973,445920,342464,237024,32883171328,22438531072,0,935915520,32777703424,32777703424,195,0,0,1,SCHED_OTHER,0,1.53725e+06,322208,0,4.77097
65536,2,64,65536,2,64,524288,16,64,6291456,48,64,0,0,0,12, Six-Core AMD Opteron(tm) Processor 2431,2412481024,Linux,cinnaproa.int.seas.wustl.edu,3.0.27,#1 SMP Tue Apr 17 10:58:24 CDT 2012,x86_64,7859973,445920,342464,237024,32883171328,22438531072,0,935915520,32777703424,32777703424,195,0,0,1,SCHED_OTHER,0,1.53725e+06,262472,0,5.85682
65536,2,64,65536,2,64,524288,16,64,6291456,48,64,0,0,0,12, Six-Core AMD Opteron(tm) Processor 2431,2412481024,Linux,cinnaproa.int.seas.wustl.edu,3.0.27,#1 SMP Tue Apr 17 10:58:24 CDT 2012,x86_64,7859973,445920,342464,237024,32883171328,22438531072,0,935915520,32777703424,32777703424,195,0,0,1,SCHED_OTHER,0,1.53725e+06,299724,0,5.12888
65536,2,64,65536,2,64,524288,16,64,6291456,48,64,0,0,0,12, Six-Core AMD Opteron(tm) Processor 2431,2412481024,Linux,cinnaproa.int.seas.wustl.edu,3.0.27,#1 SMP Tue Apr 17 10:58:24 CDT 2012,x86_64,7859973,445920,342464,237024,32883171328,22438531072,0,935915520,32777703424,32777703424,195,0,0,1,SCHED_OTHER,0,322206,1.0042e+06,0,0.320859
65536,2,64,65536,2,64,524288,16,64,6291456,48,64,0,0,0,12, Six-Core AMD Opteron(tm) Processor 2431,2412481024,Linux,cinnaproa.int.seas.wustl.edu,3.0.27,#1 SMP Tue Apr 17 10:58:24 CDT 2012,x86_64,7859973,445920,342464,237024,32883171328,22438531072,0,935915520,32777703424,32777703424,195,0,0,1,SCHED_OTHER,0,262470,1.0042e+06,0,0.261373
65536,2,64,65536,2,64,524288,16,64,6291456,48,64,0,0,0,12, Six-Core AMD Opteron(tm) Processor 2431,2412481024,Linux,cinnaproa.int.seas.wustl.edu,3.0.27,#1 SMP Tue Apr 17 10:58:24 CDT 2012,x86_64,7859973,445920,342464,237024,32883171328,22438531072,0,935915520,32777703424,32777703424,195,0,0,1,SCHED_OTHER,0,299722,1.0042e+06,0,0.298469
65536,2,64,65536,2,64,524288,16,64,6291456,48,64,0,0,0,12, Six-Core AMD Opteron(tm) Processor 2431,2412481024,Linux,cinnaproa.int.seas.wustl.edu,3.0.27,#1 SMP Tue Apr 17 10:58:24 CDT 2012,x86_64,7860060,465408,352768,248608,32883171328,22437986304,0,935915520,32777703424,32777703424,195,0,0,1,SCHED_OTHER,0,1.1453e+06,229548,0,4.98936
65536,2,64,65536,2,64,524288,16,64,6291456,48,64,0,0,0,12, Six-Core AMD Opteron(tm) Processor 2431,2412481024,Linux,cinnaproa.int.seas.wustl.edu,3.0.27,#1 SMP Tue Apr 17 10:58:24 CDT 2012,x86_64,7860060,465408,352768,248608,32883171328,22437986304,0,935915520,32777703424,32777703424,195,0,0,1,SCHED_OTHER,0,1.1453e+06,333436,0,3.43483
65536,2,64,65536,2,64,524288,16,64,6291456,48,64,0,0,0,12, Six-Core AMD Opteron(tm) Processor 2431,2412481024,Linux,cinnaproa.int.seas.wustl.edu,3.0.27,#1 SMP Tue Apr 17 10:58:24 CDT 2012,x86_64,7860060,465408,352768,248608,32883171328,22437986304,0,935915520,32777703424,32777703424,195,0,0,1,SCHED_OTHER,0,1.1453e+06,329355,0,3.47739
65536,2,64,65536,2,64,524288,16,64,6291456,48,64,0,0,0,12, Six-Core AMD Opteron(tm) Processor 2431,2412481024,Linux,cinnaproa.int.seas.wustl.edu,3.0.27,#1 SMP Tue Apr 17 10:58:24 CDT 2012,x86_64,7860060,465408,352768,248608,32883171328,22437986304,0,935915520,32777703424,32777703424,195,0,0,1,SCHED_OTHER,0,229547,1.22301e+06,0,0.18769
65536,2,64,65536,2,64,524288,16,64,6291456,48,64,0,0,0,12, Six-Core AMD Opteron(tm) Processor 2431,2412481024,Linux,cinnaproa.int.seas.wustl.edu,3.0.27,#1 SMP Tue Apr 17 10:58:24 CDT 2012,x86_64,7860060,465408,352768,248608,32883171328,22437986304,0,935915520,32777703424,32777703424,195,0,0,1,SCHED_OTHER,0,333434,1.22301e+06,0,0.272634
65536,2,64,65536,2,64,524288,16,64,6291456,48,64,0,0,0,12, Six-Core AMD Opteron(tm) Processor 2431,2412481024,Linux,cinnaproa.int.seas.wustl.edu,3.0.27,#1 SMP Tue Apr 17 10:58:24 CDT 2012,x86_64,7860060,465408,352768,248608,32883171328,22437986304,0,935915520,32777703424,32777703424,195,0,0,1,SCHED_OTHER,0,329354,1.22301e+06,0,0.269297
65536,2,64,65536,2,64,524288,16,64,6291456,48,64,0,0,0,12, Six-Core AMD Opteron(tm) Processor 2431,2412481024,Linux,cinnaproa.int.seas.wustl.edu,3.0.27,#1 SMP Tue Apr 17 10:58:24 CDT 2012,x86_64,7860141,405056,343136,252864,32883171328,22437376000,0,935919616,32777703424,32777703424,195,0,0,1,SCHED_OTHER,0,1.39375e+06,322699,0,4.31904
65536,2,64,65536,2,64,524288,16,64,6291456,48,64,0,0,0,12, Six-Core AMD Opteron(tm) Processor 2431,2412481024,Linux,cinnaproa.int.seas.wustl.edu,3.0.27,#1 SMP Tue Apr 17 10:58:24 CDT 2012,x86_64,7860141,405056,343136,252864,32883171328,22437376000,0,935919616,32777703424,32777703424,195,0,0,1,SCHED_OTHER,0,1.39375e+06,246307,0,5.65858
65536,2,64,65536,2,64,524288,16,64,6291456,48,64,0,0,0,12, Six-Core AMD Opteron(tm) Processor 2431,2412481024,Linux,cinnaproa.int.seas.wustl.edu,3.0.27,#1 SMP Tue Apr 17 10:58:24 CDT 2012,x86_64,7860141,405056,343136,252864,32883171328,22437376000,0,935919616,32777703424,32777703424,195,0,0,1,SCHED_OTHER,0,1.39375e+06,189293,0,7.36293
65536,2,64,65536,2,64,524288,16,64,6291456,48,64,0,0,0,12, Six-Core AMD Opteron(tm) Processor 2431,2412481024,Linux,cinnaproa.int.seas.wustl.edu,3.0.27,#1 SMP Tue Apr 17 10:58:24 CDT 2012,x86_64,7860141,405056,343136,252864,32883171328,22437376000,0,935919616,32777703424,32777703424,195,0,0,1,SCHED_OTHER,0,322697,1.03113e+06,0,0.312954
65536,2,64,65536,2,64,524288,16,64,6291456,48,64,0,0,0,12, Six-Core AMD Opteron(tm) Processor 2431,2412481024,Linux,cinnaproa.int.seas.wustl.edu,3.0.27,#1 SMP Tue Apr 17 10:58:24 CDT 2012,x86_64,7860141,405056,343136,252864,32883171328,22437376000,0,935919616,32777703424,32777703424,195,0,0,1,SCHED_OTHER,0,246305,1.03113e+06,0,0.238869
65536,2,64,65536,2,64,524288,16,64,6291456,48,64,0,0,0,12, Six-Core AMD Opteron(tm) Processor 2431,2412481024,Linux,cinnaproa.int.seas.wustl.edu,3.0.27,#1 SMP Tue Apr 17 10:58:24 CDT 2012,x86_64,7860141,405056,343136,252864,32883171328,22437376000,0,935919616,32777703424,32777703424,195,0,0,1,SCHED_OTHER,0,189292,1.03113e+06,0,0.183576
65536,2,64,65536,2,64,524288,16,64,6291456,48,64,0,0,0,12, Six-Core AMD Opteron(tm) Processor 2431,2412481024,Linux,cinnaproa.int.seas.wustl.edu,3.0.27,#1 SMP Tue Apr 17 10:58:24 CDT 2012,x86_64,7860220,389152,335744,256800,32883171328,22438297600,0,935919616,32777703424,32777703424,195,0,0,1,SCHED_OTHER,0,1.55261e+06,377245,0,4.11566
65536,2,64,65536,2,64,524288,16,64,6291456,48,64,0,0,0,12, Six-Core AMD Opteron(tm) Processor 2431,2412481024,Linux,cinnaproa.int.seas.wustl.edu,3.0.27,#1 SMP Tue Apr 17 10:58:24 CDT 2012,x86_64,7860220,389152,335744,256800,32883171328,22438297600,0,935919616,32777703424,32777703424,195,0,0,1,SCHED_OTHER,0,1.55261e+06,368806,0,4.20982
65536,2,64,65536,2,64,524288,16,64,6291456,48,64,0,0,0,12, Six-Core AMD Opteron(tm) Processor 2431,2412481024,Linux,cinnaproa.int.seas.wustl.edu,3.0.27,#1 SMP Tue Apr 17 10:58:24 CDT 2012,x86_64,7860220,389152,335744,256800,32883171328,22438297600,0,935919616,32777703424,32777703424,195,0,0,1,SCHED_OTHER,0,1.55261e+06,268942,0,5.77302
65536,2,64,65536,2,64,524288,16,64,6291456,48,64,0,0,0,12, Six-Core AMD Opteron(tm) Processor 2431,2412481024,Linux,cinnaproa.int.seas.wustl.edu,3.0.27,#1 SMP Tue Apr 17 10:58:24 CDT 2012,x86_64,7860220,389152,335744,256800,32883171328,22438297600,0,935919616,32777703424,32777703424,195,0,0,1,SCHED_OTHER,0,377242,1.25612e+06,0,0.300322
65536,2,64,65536,2,64,524288,16,64,6291456,48,64,0,0,0,12, Six-Core AMD Opteron(tm) Processor 2431,2412481024,Linux,cinnaproa.int.seas.wustl.edu,3.0.27,#1 SMP Tue Apr 17 10:58:24 CDT 2012,x86_64,7860220,389152,335744,256800,32883171328,22438297600,0,935919616,32777703424,32777703424,195,0,0,1,SCHED_OTHER,0,368803,1.25612e+06,0,0.293604
65536,2,64,65536,2,64,524288,16,64,6291456,48,64,0,0,0,12, Six-Core AMD Opteron(tm) Processor 2431,2412481024,Linux,cinnaproa.int.seas.wustl.edu,3.0.27,#1 SMP Tue Apr 17 10:58:24 CDT 2012,x86_64,7860220,389152,335744,256800,32883171328,22438297600,0,935919616,32777703424,32777703424,195,0,0,1,SCHED_OTHER,0,268940,1.25613e+06,0,0.214103
