32768,0,64,32768,0,64,6291456,24,64,0,0,64,0,0,0,8,Intel(R) Xeon(R) CPU           X5472  @ 3.00GHz,3000000000,Darwin,buzz.local,13.3.0,Darwin Kernel Version 13.3.0: Tue Jun  3 21:27:35 PDT 2014; root:xnu-2422.110.17~1/RELEASE_X86_64,x86_64,1406332854.000000,17.747070,15.446289,10.347168,19327352832,8925184,0,0,1073741824,900202496,916,0,0,1,traditional_with_pset_runqueue,0,2222.99,3119.41,500,0.712631
32768,0,64,32768,0,64,6291456,24,64,0,0,64,0,0,0,8,Intel(R) Xeon(R) CPU           X5472  @ 3.00GHz,3000000000,Darwin,buzz.local,13.3.0,Darwin Kernel Version 13.3.0: Tue Jun  3 21:27:35 PDT 2014; root:xnu-2422.110.17~1/RELEASE_X86_64,x86_64,1406332854.000000,17.747070,15.446289,10.347168,19327352832,8925184,0,0,1073741824,900202496,916,0,0,1,traditional_with_pset_runqueue,0,2912.48,3120.59,452,0.933308
32768,0,64,32768,0,64,6291456,24,64,0,0,64,0,0,0,8,Intel(R) Xeon(R) CPU           X5472  @ 3.00GHz,3000000000,Darwin,buzz.local,13.3.0,Darwin Kernel Version 13.3.0: Tue Jun  3 21:27:35 PDT 2014; root:xnu-2422.110.17~1/RELEASE_X86_64,x86_64,1406332854.000000,17.747070,15.446289,10.347168,19327352832,8925184,0,0,1073741824,900202496,916,0,0,1,traditional_with_pset_runqueue,0,3089.56,3121.27,320,0.98984
32768,0,64,32768,0,64,6291456,24,64,0,0,64,0,0,0,8,Intel(R) Xeon(R) CPU           X5472  @ 3.00GHz,3000000000,Darwin,buzz.local,13.3.0,Darwin Kernel Version 13.3.0: Tue Jun  3 21:27:35 PDT 2014; root:xnu-2422.110.17~1/RELEASE_X86_64,x86_64,1406332854.000000,17.747070,15.446289,10.347168,19327352832,8925184,0,0,1073741824,900202496,916,0,0,1,traditional_with_pset_runqueue,0,3049.28,3115.79,340,0.978653
32768,0,64,32768,0,64,6291456,24,64,0,0,64,0,0,0,8,Intel(R) Xeon(R) CPU           X5472  @ 3.00GHz,3000000000,Darwin,buzz.local,13.3.0,Darwin Kernel Version 13.3.0: Tue Jun  3 21:27:35 PDT 2014; root:xnu-2422.110.17~1/RELEASE_X86_64,x86_64,1406332854.000000,17.747070,15.446289,10.347168,19327352832,8925184,0,0,1073741824,900202496,916,0,0,1,traditional_with_pset_runqueue,0,57.5124,57.5961,0,0.998548
32768,0,64,32768,0,64,6291456,24,64,0,0,64,0,0,0,8,Intel(R) Xeon(R) CPU           X5472  @ 3.00GHz,3000000000,Darwin,buzz.local,13.3.0,Darwin Kernel Version 13.3.0: Tue Jun  3 21:27:35 PDT 2014; root:xnu-2422.110.17~1/RELEASE_X86_64,x86_64,1406332854.000000,17.747070,15.446289,10.347168,19327352832,8925184,0,0,1073741824,900202496,916,0,0,1,traditional_with_pset_runqueue,0,57.3414,57.0398,0,1.00529
32768,0,64,32768,0,64,6291456,24,64,0,0,64,0,0,0,8,Intel(R) Xeon(R) CPU           X5472  @ 3.00GHz,3000000000,Darwin,buzz.local,13.3.0,Darwin Kernel Version 13.3.0: Tue Jun  3 21:27:35 PDT 2014; root:xnu-2422.110.17~1/RELEASE_X86_64,x86_64,1406332854.000000,17.747070,15.446289,10.347168,19327352832,8925184,0,0,1073741824,900202496,916,0,0,1,traditional_with_pset_runqueue,0,62.6558,61.9998,0,1.01058
32768,0,64,32768,0,64,6291456,24,64,0,0,64,0,0,0,8,Intel(R) Xeon(R) CPU           X5472  @ 3.00GHz,3000000000,Darwin,buzz.local,13.3.0,Darwin Kernel Version 13.3.0: Tue Jun  3 21:27:35 PDT 2014; root:xnu-2422.110.17~1/RELEASE_X86_64,x86_64,1406332854.000000,17.747070,15.446289,10.347168,19327352832,8925184,0,0,1073741824,900202496,916,0,0,1,traditional_with_pset_runqueue,0,59.3745,59.0362,0,1.00573
32768,0,64,32768,0,64,6291456,24,64,0,0,64,0,0,0,8,Intel(R) Xeon(R) CPU           X5472  @ 3.00GHz,3000000000,Darwin,buzz.local,13.3.0,Darwin Kernel Version 13.3.0: Tue Jun  3 21:27:35 PDT 2014; root:xnu-2422.110.17~1/RELEASE_X86_64,x86_64,1406332854.000000,16.708984,16.671387,13.406250,19327352832,8695808,0,0,1073741824,900202496,932,0,0,1,traditional_with_pset_runqueue,0,2913.32,2941.99,376,0.990253
32768,0,64,32768,0,64,6291456,24,64,0,0,64,0,0,0,8,Intel(R) Xeon(R) CPU           X5472  @ 3.00GHz,3000000000,Darwin,buzz.local,13.3.0,Darwin Kernel Version 13.3.0: Tue Jun  3 21:27:35 PDT 2014; root:xnu-2422.110.17~1/RELEASE_X86_64,x86_64,1406332854.000000,16.708984,16.671387,13.406250,19327352832,8695808,0,0,1073741824,900202496,932,0,0,1,traditional_with_pset_runqueue,0,2696.26,2932.86,447,0.919328
32768,0,64,32768,0,64,6291456,24,64,0,0,64,0,0,0,8,Intel(R) Xeon(R) CPU           X5472  @ 3.00GHz,3000000000,Darwin,buzz.local,13.3.0,Darwin Kernel Version 13.3.0: Tue Jun  3 21:27:35 PDT 2014; root:xnu-2422.110.17~1/RELEASE_X86_64,x86_64,1406332854.000000,16.708984,16.671387,13.406250,19327352832,8695808,0,0,1073741824,900202496,932,0,0,1,traditional_with_pset_runqueue,0,2457.5,2943.72,469,0.83483
32768,0,64,32768,0,64,6291456,24,64,0,0,64,0,0,0,8,Intel(R) Xeon(R) CPU           X5472  @ 3.00GHz,3000000000,Darwin,buzz.local,13.3.0,Darwin Kernel Version 13.3.0: Tue Jun  3 21:27:35 PDT 2014; root:xnu-2422.110.17~1/RELEASE_X86_64,x86_64,1406332854.000000,16.708984,16.671387,13.406250,19327352832,8695808,0,0,1073741824,900202496,932,0,0,1,traditional_with_pset_runqueue,0,2629.88,2930.96,462,0.897277
32768,0,64,32768,0,64,6291456,24,64,0,0,64,0,0,0,8,Intel(R) Xeon(R) CPU           X5472  @ 3.00GHz,3000000000,Darwin,buzz.local,13.3.0,Darwin Kernel Version 13.3.0: Tue Jun  3 21:27:35 PDT 2014; root:xnu-2422.110.17~1/RELEASE_X86_64,x86_64,1406332854.000000,16.708984,16.671387,13.406250,19327352832,8695808,0,0,1073741824,900202496,932,0,0,1,traditional_with_pset_runqueue,0,54.2048,54.4225,0,0.995998
32768,0,64,32768,0,64,6291456,24,64,0,0,64,0,0,0,8,Intel(R) Xeon(R) CPU           X5472  @ 3.00GHz,3000000000,Darwin,buzz.local,13.3.0,Darwin Kernel Version 13.3.0: Tue Jun  3 21:27:35 PDT 2014; root:xnu-2422.110.17~1/RELEASE_X86_64,x86_64,1406332854.000000,16.708984,16.671387,13.406250,19327352832,8695808,0,0,1073741824,900202496,932,0,0,1,traditional_with_pset_runqueue,0,54.5551,54.0334,0,1.00966
32768,0,64,32768,0,64,6291456,24,64,0,0,64,0,0,0,8,Intel(R) Xeon(R) CPU           X5472  @ 3.00GHz,3000000000,Darwin,buzz.local,13.3.0,Darwin Kernel Version 13.3.0: Tue Jun  3 21:27:35 PDT 2014; root:xnu-2422.110.17~1/RELEASE_X86_64,x86_64,1406332854.000000,16.708984,16.671387,13.406250,19327352832,8695808,0,0,1073741824,900202496,932,0,0,1,traditional_with_pset_runqueue,0,58.4642,58.479,0,0.999748
32768,0,64,32768,0,64,6291456,24,64,0,0,64,0,0,0,8,Intel(R) Xeon(R) CPU           X5472  @ 3.00GHz,3000000000,Darwin,buzz.local,13.3.0,Darwin Kernel Version 13.3.0: Tue Jun  3 21:27:35 PDT 2014; root:xnu-2422.110.17~1/RELEASE_X86_64,x86_64,1406332854.000000,16.708984,16.671387,13.406250,19327352832,8695808,0,0,1073741824,900202496,932,0,0,1,traditional_with_pset_runqueue,0,55.551,55.6305,0,0.998571
32768,0,64,32768,0,64,6291456,24,64,0,0,64,0,0,0,8,Intel(R) Xeon(R) CPU           X5472  @ 3.00GHz,3000000000,Darwin,buzz.local,13.3.0,Darwin Kernel Version 13.3.0: Tue Jun  3 21:27:35 PDT 2014; root:xnu-2422.110.17~1/RELEASE_X86_64,x86_64,1406332854.000000,16.806641,16.645020,14.866699,19327352832,7057408,0,0,1073741824,900202496,916,0,0,1,traditional_with_pset_runqueue,0,2553.95,2993.83,487,0.853071
32768,0,64,32768,0,64,6291456,24,64,0,0,64,0,0,0,8,Intel(R) Xeon(R) CPU           X5472  @ 3.00GHz,3000000000,Darwin,buzz.local,13.3.0,Darwin Kernel Version 13.3.0: Tue Jun  3 21:27:35 PDT 2014; root:xnu-2422.110.17~1/RELEASE_X86_64,x86_64,1406332854.000000,16.806641,16.645020,14.866699,19327352832,7057408,0,0,1073741824,900202496,916,0,0,1,traditional_with_pset_runqueue,0,2968.32,3000.73,402,0.989202
32768,0,64,32768,0,64,6291456,24,64,0,0,64,0,0,0,8,Intel(R) Xeon(R) CPU           X5472  @ 3.00GHz,3000000000,Darwin,buzz.local,13.3.0,Darwin Kernel Version 13.3.0: Tue Jun  3 21:27:35 PDT 2014; root:xnu-2422.110.17~1/RELEASE_X86_64,x86_64,1406332854.000000,16.806641,16.645020,14.866699,19327352832,7057408,0,0,1073741824,900202496,916,0,0,1,traditional_with_pset_runqueue,0,2731.38,3010.58,471,0.907258
32768,0,64,32768,0,64,6291456,24,64,0,0,64,0,0,0,8,Intel(R) Xeon(R) CPU           X5472  @ 3.00GHz,3000000000,Darwin,buzz.local,13.3.0,Darwin Kernel Version 13.3.0: Tue Jun  3 21:27:35 PDT 2014; root:xnu-2422.110.17~1/RELEASE_X86_64,x86_64,1406332854.000000,16.806641,16.645020,14.866699,19327352832,7057408,0,0,1073741824,900202496,916,0,0,1,traditional_with_pset_runqueue,0,2650.1,2981.99,466,0.888701
32768,0,64,32768,0,64,6291456,24,64,0,0,64,0,0,0,8,Intel(R) Xeon(R) CPU           X5472  @ 3.00GHz,3000000000,Darwin,buzz.local,13.3.0,Darwin Kernel Version 13.3.0: Tue Jun  3 21:27:35 PDT 2014; root:xnu-2422.110.17~1/RELEASE_X86_64,x86_64,1406332854.000000,16.806641,16.645020,14.866699,19327352832,7057408,0,0,1073741824,900202496,916,0,0,1,traditional_with_pset_runqueue,0,55.0999,55.1108,0,0.999801
32768,0,64,32768,0,64,6291456,24,64,0,0,64,0,0,0,8,Intel(R) Xeon(R) CPU           X5472  @ 3.00GHz,3000000000,Darwin,buzz.local,13.3.0,Darwin Kernel Version 13.3.0: Tue Jun  3 21:27:35 PDT 2014; root:xnu-2422.110.17~1/RELEASE_X86_64,x86_64,1406332854.000000,16.806641,16.645020,14.866699,19327352832,7057408,0,0,1073741824,900202496,916,0,0,1,traditional_with_pset_runqueue,0,54.9838,54.8591,0,1.00227
32768,0,64,32768,0,64,6291456,24,64,0,0,64,0,0,0,8,Intel(R) Xeon(R) CPU           X5472  @ 3.00GHz,3000000000,Darwin,buzz.local,13.3.0,Darwin Kernel Version 13.3.0: Tue Jun  3 21:27:35 PDT 2014; root:xnu-2422.110.17~1/RELEASE_X86_64,x86_64,1406332854.000000,16.806641,16.645020,14.866699,19327352832,7057408,0,0,1073741824,900202496,916,0,0,1,traditional_with_pset_runqueue,0,59.6293,59.9169,0,0.9952
32768,0,64,32768,0,64,6291456,24,64,0,0,64,0,0,0,8,Intel(R) Xeon(R) CPU           X5472  @ 3.00GHz,3000000000,Darwin,buzz.local,13.3.0,Darwin Kernel Version 13.3.0: Tue Jun  3 21:27:35 PDT 2014; root:xnu-2422.110.17~1/RELEASE_X86_64,x86_64,1406332854.000000,16.806641,16.645020,14.866699,19327352832,7057408,0,0,1073741824,900202496,916,0,0,1,traditional_with_pset_runqueue,0,56.6052,56.9441,0,0.994049
32768,0,64,32768,0,64,6291456,24,64,0,0,64,0,0,0,8,Intel(R) Xeon(R) CPU           X5472  @ 3.00GHz,3000000000,Darwin,buzz.local,13.3.0,Darwin Kernel Version 13.3.0: Tue Jun  3 21:27:35 PDT 2014; root:xnu-2422.110.17~1/RELEASE_X86_64,x86_64,1406332854.000000,16.802734,16.800293,15.775391,19327352832,7520256,0,0,1073741824,900202496,920,0,0,1,traditional_with_pset_runqueue,0,2793.13,3073.65,474,0.908734
32768,0,64,32768,0,64,6291456,24,64,0,0,64,0,0,0,8,Intel(R) Xeon(R) CPU           X5472  @ 3.00GHz,3000000000,Darwin,buzz.local,13.3.0,Darwin Kernel Version 13.3.0: Tue Jun  3 21:27:35 PDT 2014; root:xnu-2422.110.17~1/RELEASE_X86_64,x86_64,1406332854.000000,16.802734,16.800293,15.775391,19327352832,7520256,0,0,1073741824,900202496,920,0,0,1,traditional_with_pset_runqueue,0,2855.58,3069.19,440,0.930402
32768,0,64,32768,0,64,6291456,24,64,0,0,64,0,0,0,8,Intel(R) Xeon(R) CPU           X5472  @ 3.00GHz,3000000000,Darwin,buzz.local,13.3.0,Darwin Kernel Version 13.3.0: Tue Jun  3 21:27:35 PDT 2014; root:xnu-2422.110.17~1/RELEASE_X86_64,x86_64,1406332854.000000,16.802734,16.800293,15.775391,19327352832,7520256,0,0,1073741824,900202496,920,0,0,1,traditional_with_pset_runqueue,0,2537.96,3081.51,488,0.823608
32768,0,64,32768,0,64,6291456,24,64,0,0,64,0,0,0,8,Intel(R) Xeon(R) CPU           X5472  @ 3.00GHz,3000000000,Darwin,buzz.local,13.3.0,Darwin Kernel Version 13.3.0: Tue Jun  3 21:27:35 PDT 2014; root:xnu-2422.110.17~1/RELEASE_X86_64,x86_64,1406332854.000000,16.802734,16.800293,15.775391,19327352832,7520256,0,0,1073741824,900202496,920,0,0,1,traditional_with_pset_runqueue,0,2917.54,3083.69,461,0.946122
32768,0,64,32768,0,64,6291456,24,64,0,0,64,0,0,0,8,Intel(R) Xeon(R) CPU           X5472  @ 3.00GHz,3000000000,Darwin,buzz.local,13.3.0,Darwin Kernel Version 13.3.0: Tue Jun  3 21:27:35 PDT 2014; root:xnu-2422.110.17~1/RELEASE_X86_64,x86_64,1406332854.000000,16.802734,16.800293,15.775391,19327352832,7520256,0,0,1073741824,900202496,920,0,0,1,traditional_with_pset_runqueue,0,56.8017,56.4617,0,1.00602
32768,0,64,32768,0,64,6291456,24,64,0,0,64,0,0,0,8,Intel(R) Xeon(R) CPU           X5472  @ 3.00GHz,3000000000,Darwin,buzz.local,13.3.0,Darwin Kernel Version 13.3.0: Tue Jun  3 21:27:35 PDT 2014; root:xnu-2422.110.17~1/RELEASE_X86_64,x86_64,1406332854.000000,16.802734,16.800293,15.775391,19327352832,7520256,0,0,1073741824,900202496,920,0,0,1,traditional_with_pset_runqueue,0,56.7231,56.8447,0,0.997861
32768,0,64,32768,0,64,6291456,24,64,0,0,64,0,0,0,8,Intel(R) Xeon(R) CPU           X5472  @ 3.00GHz,3000000000,Darwin,buzz.local,13.3.0,Darwin Kernel Version 13.3.0: Tue Jun  3 21:27:35 PDT 2014; root:xnu-2422.110.17~1/RELEASE_X86_64,x86_64,1406332854.000000,16.802734,16.800293,15.775391,19327352832,7520256,0,0,1073741824,900202496,920,0,0,1,traditional_with_pset_runqueue,0,61.9255,61.8279,0,1.00158
32768,0,64,32768,0,64,6291456,24,64,0,0,64,0,0,0,8,Intel(R) Xeon(R) CPU           X5472  @ 3.00GHz,3000000000,Darwin,buzz.local,13.3.0,Darwin Kernel Version 13.3.0: Tue Jun  3 21:27:35 PDT 2014; root:xnu-2422.110.17~1/RELEASE_X86_64,x86_64,1406332854.000000,16.802734,16.800293,15.775391,19327352832,7520256,0,0,1073741824,900202496,920,0,0,1,traditional_with_pset_runqueue,0,58.0658,58.0312,0,1.0006
32768,0,64,32768,0,64,6291456,24,64,0,0,64,0,0,0,8,Intel(R) Xeon(R) CPU           X5472  @ 3.00GHz,3000000000,Darwin,buzz.local,13.3.0,Darwin Kernel Version 13.3.0: Tue Jun  3 21:27:35 PDT 2014; root:xnu-2422.110.17~1/RELEASE_X86_64,x86_64,1406332854.000000,17.078613,16.904785,16.314941,19327352832,8228864,0,0,1073741824,900202496,920,0,0,1,traditional_with_pset_runqueue,0,2677.11,3082.59,461,0.868461
32768,0,64,32768,0,64,6291456,24,64,0,0,64,0,0,0,8,Intel(R) Xeon(R) CPU           X5472  @ 3.00GHz,3000000000,Darwin,buzz.local,13.3.0,Darwin Kernel Version 13.3.0: Tue Jun  3 21:27:35 PDT 2014; root:xnu-2422.110.17~1/RELEASE_X86_64,x86_64,1406332854.000000,17.078613,16.904785,16.314941,19327352832,8228864,0,0,1073741824,900202496,920,0,0,1,traditional_with_pset_runqueue,0,2770.43,3070.53,465,0.902265
32768,0,64,32768,0,64,6291456,24,64,0,0,64,0,0,0,8,Intel(R) Xeon(R) CPU           X5472  @ 3.00GHz,3000000000,Darwin,buzz.local,13.3.0,Darwin Kernel Version 13.3.0: Tue Jun  3 21:27:35 PDT 2014; root:xnu-2422.110.17~1/RELEASE_X86_64,x86_64,1406332854.000000,17.078613,16.904785,16.314941,19327352832,8228864,0,0,1073741824,900202496,920,0,0,1,traditional_with_pset_runqueue,0,2782.59,3056.02,463,0.910526
32768,0,64,32768,0,64,6291456,24,64,0,0,64,0,0,0,8,Intel(R) Xeon(R) CPU           X5472  @ 3.00GHz,3000000000,Darwin,buzz.local,13.3.0,Darwin Kernel Version 13.3.0: Tue Jun  3 21:27:35 PDT 2014; root:xnu-2422.110.17~1/RELEASE_X86_64,x86_64,1406332854.000000,17.078613,16.904785,16.314941,19327352832,8228864,0,0,1073741824,900202496,920,0,0,1,traditional_with_pset_runqueue,0,2872.97,3094.25,436,0.928486
32768,0,64,32768,0,64,6291456,24,64,0,0,64,0,0,0,8,Intel(R) Xeon(R) CPU           X5472  @ 3.00GHz,3000000000,Darwin,buzz.local,13.3.0,Darwin Kernel Version 13.3.0: Tue Jun  3 21:27:35 PDT 2014; root:xnu-2422.110.17~1/RELEASE_X86_64,x86_64,1406332854.000000,17.078613,16.904785,16.314941,19327352832,8228864,0,0,1073741824,900202496,920,0,0,1,traditional_with_pset_runqueue,0,56.3956,56.3746,0,1.00037
32768,0,64,32768,0,64,6291456,24,64,0,0,64,0,0,0,8,Intel(R) Xeon(R) CPU           X5472  @ 3.00GHz,3000000000,Darwin,buzz.local,13.3.0,Darwin Kernel Version 13.3.0: Tue Jun  3 21:27:35 PDT 2014; root:xnu-2422.110.17~1/RELEASE_X86_64,x86_64,1406332854.000000,17.078613,16.904785,16.314941,19327352832,8228864,0,0,1073741824,900202496,920,0,0,1,traditional_with_pset_runqueue,0,56.1007,55.9201,0,1.00323
32768,0,64,32768,0,64,6291456,24,64,0,0,64,0,0,0,8,Intel(R) Xeon(R) CPU           X5472  @ 3.00GHz,3000000000,Darwin,buzz.local,13.3.0,Darwin Kernel Version 13.3.0: Tue Jun  3 21:27:35 PDT 2014; root:xnu-2422.110.17~1/RELEASE_X86_64,x86_64,1406332854.000000,17.078613,16.904785,16.314941,19327352832,8228864,0,0,1073741824,900202496,920,0,0,1,traditional_with_pset_runqueue,0,61.5744,62.3883,0,0.986955
32768,0,64,32768,0,64,6291456,24,64,0,0,64,0,0,0,8,Intel(R) Xeon(R) CPU           X5472  @ 3.00GHz,3000000000,Darwin,buzz.local,13.3.0,Darwin Kernel Version 13.3.0: Tue Jun  3 21:27:35 PDT 2014; root:xnu-2422.110.17~1/RELEASE_X86_64,x86_64,1406332854.000000,17.078613,16.904785,16.314941,19327352832,8228864,0,0,1073741824,900202496,920,0,0,1,traditional_with_pset_runqueue,0,58.2393,58.3391,0,0.998288
32768,0,64,32768,0,64,6291456,24,64,0,0,64,0,0,0,8,Intel(R) Xeon(R) CPU           X5472  @ 3.00GHz,3000000000,Darwin,buzz.local,13.3.0,Darwin Kernel Version 13.3.0: Tue Jun  3 21:27:35 PDT 2014; root:xnu-2422.110.17~1/RELEASE_X86_64,x86_64,1406332854.000000,16.705078,16.812500,16.556641,19327352832,8224768,0,0,1073741824,900202496,916,0,0,1,traditional_with_pset_runqueue,0,2655.49,3072.19,481,0.864365
32768,0,64,32768,0,64,6291456,24,64,0,0,64,0,0,0,8,Intel(R) Xeon(R) CPU           X5472  @ 3.00GHz,3000000000,Darwin,buzz.local,13.3.0,Darwin Kernel Version 13.3.0: Tue Jun  3 21:27:35 PDT 2014; root:xnu-2422.110.17~1/RELEASE_X86_64,x86_64,1406332854.000000,16.705078,16.812500,16.556641,19327352832,8224768,0,0,1073741824,900202496,916,0,0,1,traditional_with_pset_runqueue,0,2882.27,3084.94,454,0.934304
32768,0,64,32768,0,64,6291456,24,64,0,0,64,0,0,0,8,Intel(R) Xeon(R) CPU           X5472  @ 3.00GHz,3000000000,Darwin,buzz.local,13.3.0,Darwin Kernel Version 13.3.0: Tue Jun  3 21:27:35 PDT 2014; root:xnu-2422.110.17~1/RELEASE_X86_64,x86_64,1406332854.000000,16.705078,16.812500,16.556641,19327352832,8224768,0,0,1073741824,900202496,916,0,0,1,traditional_with_pset_runqueue,0,2912.48,3085.81,446,0.943832
32768,0,64,32768,0,64,6291456,24,64,0,0,64,0,0,0,8,Intel(R) Xeon(R) CPU           X5472  @ 3.00GHz,3000000000,Darwin,buzz.local,13.3.0,Darwin Kernel Version 13.3.0: Tue Jun  3 21:27:35 PDT 2014; root:xnu-2422.110.17~1/RELEASE_X86_64,x86_64,1406332854.000000,16.705078,16.812500,16.556641,19327352832,8224768,0,0,1073741824,900202496,916,0,0,1,traditional_with_pset_runqueue,0,2654.67,3070.88,472,0.864464
32768,0,64,32768,0,64,6291456,24,64,0,0,64,0,0,0,8,Intel(R) Xeon(R) CPU           X5472  @ 3.00GHz,3000000000,Darwin,buzz.local,13.3.0,Darwin Kernel Version 13.3.0: Tue Jun  3 21:27:35 PDT 2014; root:xnu-2422.110.17~1/RELEASE_X86_64,x86_64,1406332854.000000,16.705078,16.812500,16.556641,19327352832,8224768,0,0,1073741824,900202496,916,0,0,1,traditional_with_pset_runqueue,0,57.0287,56.8633,0,1.00291
32768,0,64,32768,0,64,6291456,24,64,0,0,64,0,0,0,8,Intel(R) Xeon(R) CPU           X5472  @ 3.00GHz,3000000000,Darwin,buzz.local,13.3.0,Darwin Kernel Version 13.3.0: Tue Jun  3 21:27:35 PDT 2014; root:xnu-2422.110.17~1/RELEASE_X86_64,x86_64,1406332854.000000,16.705078,16.812500,16.556641,19327352832,8224768,0,0,1073741824,900202496,916,0,0,1,traditional_with_pset_runqueue,0,56.6048,56.4614,0,1.00254
32768,0,64,32768,0,64,6291456,24,64,0,0,64,0,0,0,8,Intel(R) Xeon(R) CPU           X5472  @ 3.00GHz,3000000000,Darwin,buzz.local,13.3.0,Darwin Kernel Version 13.3.0: Tue Jun  3 21:27:35 PDT 2014; root:xnu-2422.110.17~1/RELEASE_X86_64,x86_64,1406332854.000000,16.705078,16.812500,16.556641,19327352832,8224768,0,0,1073741824,900202496,916,0,0,1,traditional_with_pset_runqueue,0,61.4023,61.3813,0,1.00034
32768,0,64,32768,0,64,6291456,24,64,0,0,64,0,0,0,8,Intel(R) Xeon(R) CPU           X5472  @ 3.00GHz,3000000000,Darwin,buzz.local,13.3.0,Darwin Kernel Version 13.3.0: Tue Jun  3 21:27:35 PDT 2014; root:xnu-2422.110.17~1/RELEASE_X86_64,x86_64,1406332854.000000,16.705078,16.812500,16.556641,19327352832,8224768,0,0,1073741824,900202496,916,0,0,1,traditional_with_pset_runqueue,0,58.2087,58.059,0,1.00258
32768,0,64,32768,0,64,6291456,24,64,0,0,64,0,0,0,8,Intel(R) Xeon(R) CPU           X5472  @ 3.00GHz,3000000000,Darwin,buzz.local,13.3.0,Darwin Kernel Version 13.3.0: Tue Jun  3 21:27:35 PDT 2014; root:xnu-2422.110.17~1/RELEASE_X86_64,x86_64,1406332854.000000,17.412109,16.949707,16.720703,19327352832,7258112,0,0,1073741824,900202496,952,0,0,1,traditional_with_pset_runqueue,0,2636.94,3023.7,473,0.87209
32768,0,64,32768,0,64,6291456,24,64,0,0,64,0,0,0,8,Intel(R) Xeon(R) CPU           X5472  @ 3.00GHz,3000000000,Darwin,buzz.local,13.3.0,Darwin Kernel Version 13.3.0: Tue Jun  3 21:27:35 PDT 2014; root:xnu-2422.110.17~1/RELEASE_X86_64,x86_64,1406332854.000000,17.412109,16.949707,16.720703,19327352832,7258112,0,0,1073741824,900202496,952,0,0,1,traditional_with_pset_runqueue,0,2684.84,3028.53,471,0.886514
32768,0,64,32768,0,64,6291456,24,64,0,0,64,0,0,0,8,Intel(R) Xeon(R) CPU           X5472  @ 3.00GHz,3000000000,Darwin,buzz.local,13.3.0,Darwin Kernel Version 13.3.0: Tue Jun  3 21:27:35 PDT 2014; root:xnu-2422.110.17~1/RELEASE_X86_64,x86_64,1406332854.000000,17.412109,16.949707,16.720703,19327352832,7258112,0,0,1073741824,900202496,952,0,0,1,traditional_with_pset_runqueue,0,2688.51,3011.52,475,0.892743
32768,0,64,32768,0,64,6291456,24,64,0,0,64,0,0,0,8,Intel(R) Xeon(R) CPU           X5472  @ 3.00GHz,3000000000,Darwin,buzz.local,13.3.0,Darwin Kernel Version 13.3.0: Tue Jun  3 21:27:35 PDT 2014; root:xnu-2422.110.17~1/RELEASE_X86_64,x86_64,1406332854.000000,17.412109,16.949707,16.720703,19327352832,7258112,0,0,1073741824,900202496,952,0,0,1,traditional_with_pset_runqueue,0,2999.6,3039.57,363,0.98685
32768,0,64,32768,0,64,6291456,24,64,0,0,64,0,0,0,8,Intel(R) Xeon(R) CPU           X5472  @ 3.00GHz,3000000000,Darwin,buzz.local,13.3.0,Darwin Kernel Version 13.3.0: Tue Jun  3 21:27:35 PDT 2014; root:xnu-2422.110.17~1/RELEASE_X86_64,x86_64,1406332854.000000,17.412109,16.949707,16.720703,19327352832,7258112,0,0,1073741824,900202496,952,0,0,1,traditional_with_pset_runqueue,0,56.2261,56.0746,0,1.0027
32768,0,64,32768,0,64,6291456,24,64,0,0,64,0,0,0,8,Intel(R) Xeon(R) CPU           X5472  @ 3.00GHz,3000000000,Darwin,buzz.local,13.3.0,Darwin Kernel Version 13.3.0: Tue Jun  3 21:27:35 PDT 2014; root:xnu-2422.110.17~1/RELEASE_X86_64,x86_64,1406332854.000000,17.412109,16.949707,16.720703,19327352832,7258112,0,0,1073741824,900202496,952,0,0,1,traditional_with_pset_runqueue,0,55.5707,55.8425,0,0.995133
32768,0,64,32768,0,64,6291456,24,64,0,0,64,0,0,0,8,Intel(R) Xeon(R) CPU           X5472  @ 3.00GHz,3000000000,Darwin,buzz.local,13.3.0,Darwin Kernel Version 13.3.0: Tue Jun  3 21:27:35 PDT 2014; root:xnu-2422.110.17~1/RELEASE_X86_64,x86_64,1406332854.000000,17.412109,16.949707,16.720703,19327352832,7258112,0,0,1073741824,900202496,952,0,0,1,traditional_with_pset_runqueue,0,60.1047,60.2438,0,0.997691
32768,0,64,32768,0,64,6291456,24,64,0,0,64,0,0,0,8,Intel(R) Xeon(R) CPU           X5472  @ 3.00GHz,3000000000,Darwin,buzz.local,13.3.0,Darwin Kernel Version 13.3.0: Tue Jun  3 21:27:35 PDT 2014; root:xnu-2422.110.17~1/RELEASE_X86_64,x86_64,1406332854.000000,17.412109,16.949707,16.720703,19327352832,7258112,0,0,1073741824,900202496,952,0,0,1,traditional_with_pset_runqueue,0,57.6329,58.0203,0,0.993323
32768,0,64,32768,0,64,6291456,24,64,0,0,64,0,0,0,8,Intel(R) Xeon(R) CPU           X5472  @ 3.00GHz,3000000000,Darwin,buzz.local,13.3.0,Darwin Kernel Version 13.3.0: Tue Jun  3 21:27:35 PDT 2014; root:xnu-2422.110.17~1/RELEASE_X86_64,x86_64,1406332854.000000,17.844727,17.063477,16.781250,19327352832,12800000,0,0,1073741824,900202496,956,0,0,1,traditional_with_pset_runqueue,0,2840.02,3044.71,430,0.932772
32768,0,64,32768,0,64,6291456,24,64,0,0,64,0,0,0,8,Intel(R) Xeon(R) CPU           X5472  @ 3.00GHz,3000000000,Darwin,buzz.local,13.3.0,Darwin Kernel Version 13.3.0: Tue Jun  3 21:27:35 PDT 2014; root:xnu-2422.110.17~1/RELEASE_X86_64,x86_64,1406332854.000000,17.844727,17.063477,16.781250,19327352832,12800000,0,0,1073741824,900202496,956,0,0,1,traditional_with_pset_runqueue,0,3009.94,3038.25,423,0.99068
32768,0,64,32768,0,64,6291456,24,64,0,0,64,0,0,0,8,Intel(R) Xeon(R) CPU           X5472  @ 3.00GHz,3000000000,Darwin,buzz.local,13.3.0,Darwin Kernel Version 13.3.0: Tue Jun  3 21:27:35 PDT 2014; root:xnu-2422.110.17~1/RELEASE_X86_64,x86_64,1406332854.000000,17.844727,17.063477,16.781250,19327352832,12800000,0,0,1073741824,900202496,956,0,0,1,traditional_with_pset_runqueue,0,2636.49,3044.09,469,0.866102
32768,0,64,32768,0,64,6291456,24,64,0,0,64,0,0,0,8,Intel(R) Xeon(R) CPU           X5472  @ 3.00GHz,3000000000,Darwin,buzz.local,13.3.0,Darwin Kernel Version 13.3.0: Tue Jun  3 21:27:35 PDT 2014; root:xnu-2422.110.17~1/RELEASE_X86_64,x86_64,1406332854.000000,17.844727,17.063477,16.781250,19327352832,12800000,0,0,1073741824,900202496,956,0,0,1,traditional_with_pset_runqueue,0,2759.49,3039.11,461,0.907991
32768,0,64,32768,0,64,6291456,24,64,0,0,64,0,0,0,8,Intel(R) Xeon(R) CPU           X5472  @ 3.00GHz,3000000000,Darwin,buzz.local,13.3.0,Darwin Kernel Version 13.3.0: Tue Jun  3 21:27:35 PDT 2014; root:xnu-2422.110.17~1/RELEASE_X86_64,x86_64,1406332854.000000,17.844727,17.063477,16.781250,19327352832,12800000,0,0,1073741824,900202496,956,0,0,1,traditional_with_pset_runqueue,0,56.092,56.263,0,0.996961
32768,0,64,32768,0,64,6291456,24,64,0,0,64,0,0,0,8,Intel(R) Xeon(R) CPU           X5472  @ 3.00GHz,3000000000,Darwin,buzz.local,13.3.0,Darwin Kernel Version 13.3.0: Tue Jun  3 21:27:35 PDT 2014; root:xnu-2422.110.17~1/RELEASE_X86_64,x86_64,1406332854.000000,17.844727,17.063477,16.781250,19327352832,12800000,0,0,1073741824,900202496,956,0,0,1,traditional_with_pset_runqueue,0,55.9178,55.8619,0,1.001
32768,0,64,32768,0,64,6291456,24,64,0,0,64,0,0,0,8,Intel(R) Xeon(R) CPU           X5472  @ 3.00GHz,3000000000,Darwin,buzz.local,13.3.0,Darwin Kernel Version 13.3.0: Tue Jun  3 21:27:35 PDT 2014; root:xnu-2422.110.17~1/RELEASE_X86_64,x86_64,1406332854.000000,17.844727,17.063477,16.781250,19327352832,12800000,0,0,1073741824,900202496,956,0,0,1,traditional_with_pset_runqueue,0,61.0203,60.5169,0,1.00832
32768,0,64,32768,0,64,6291456,24,64,0,0,64,0,0,0,8,Intel(R) Xeon(R) CPU           X5472  @ 3.00GHz,3000000000,Darwin,buzz.local,13.3.0,Darwin Kernel Version 13.3.0: Tue Jun  3 21:27:35 PDT 2014; root:xnu-2422.110.17~1/RELEASE_X86_64,x86_64,1406332854.000000,17.844727,17.063477,16.781250,19327352832,12800000,0,0,1073741824,900202496,956,0,0,1,traditional_with_pset_runqueue,0,57.8491,58.3137,0,0.992033
32768,0,64,32768,0,64,6291456,24,64,0,0,64,0,0,0,8,Intel(R) Xeon(R) CPU           X5472  @ 3.00GHz,3000000000,Darwin,buzz.local,13.3.0,Darwin Kernel Version 13.3.0: Tue Jun  3 21:27:35 PDT 2014; root:xnu-2422.110.17~1/RELEASE_X86_64,x86_64,1406332854.000000,17.637207,17.633301,17.222656,19327352832,7696384,0,0,1073741824,900202496,940,0,0,1,traditional_with_pset_runqueue,0,2938.52,3179.29,396,0.92427
32768,0,64,32768,0,64,6291456,24,64,0,0,64,0,0,0,8,Intel(R) Xeon(R) CPU           X5472  @ 3.00GHz,3000000000,Darwin,buzz.local,13.3.0,Darwin Kernel Version 13.3.0: Tue Jun  3 21:27:35 PDT 2014; root:xnu-2422.110.17~1/RELEASE_X86_64,x86_64,1406332854.000000,17.637207,17.633301,17.222656,19327352832,7696384,0,0,1073741824,900202496,940,0,0,1,traditional_with_pset_runqueue,0,3101.21,3175.82,369,0.976508
32768,0,64,32768,0,64,6291456,24,64,0,0,64,0,0,0,8,Intel(R) Xeon(R) CPU           X5472  @ 3.00GHz,3000000000,Darwin,buzz.local,13.3.0,Darwin Kernel Version 13.3.0: Tue Jun  3 21:27:35 PDT 2014; root:xnu-2422.110.17~1/RELEASE_X86_64,x86_64,1406332854.000000,17.637207,17.633301,17.222656,19327352832,7696384,0,0,1073741824,900202496,940,0,0,1,traditional_with_pset_runqueue,0,2348.18,3177.82,479,0.738928
32768,0,64,32768,0,64,6291456,24,64,0,0,64,0,0,0,8,Intel(R) Xeon(R) CPU           X5472  @ 3.00GHz,3000000000,Darwin,buzz.local,13.3.0,Darwin Kernel Version 13.3.0: Tue Jun  3 21:27:35 PDT 2014; root:xnu-2422.110.17~1/RELEASE_X86_64,x86_64,1406332854.000000,17.637207,17.633301,17.222656,19327352832,7696384,0,0,1073741824,900202496,940,0,0,1,traditional_with_pset_runqueue,0,3035.84,3174.14,363,0.956426
32768,0,64,32768,0,64,6291456,24,64,0,0,64,0,0,0,8,Intel(R) Xeon(R) CPU           X5472  @ 3.00GHz,3000000000,Darwin,buzz.local,13.3.0,Darwin Kernel Version 13.3.0: Tue Jun  3 21:27:35 PDT 2014; root:xnu-2422.110.17~1/RELEASE_X86_64,x86_64,1406332854.000000,17.637207,17.633301,17.222656,19327352832,7696384,0,0,1073741824,900202496,940,0,0,1,traditional_with_pset_runqueue,0,58.6308,58.5648,0,1.00113
32768,0,64,32768,0,64,6291456,24,64,0,0,64,0,0,0,8,Intel(R) Xeon(R) CPU           X5472  @ 3.00GHz,3000000000,Darwin,buzz.local,13.3.0,Darwin Kernel Version 13.3.0: Tue Jun  3 21:27:35 PDT 2014; root:xnu-2422.110.17~1/RELEASE_X86_64,x86_64,1406332854.000000,17.637207,17.633301,17.222656,19327352832,7696384,0,0,1073741824,900202496,940,0,0,1,traditional_with_pset_runqueue,0,58.2445,58.4463,0,0.996547
32768,0,64,32768,0,64,6291456,24,64,0,0,64,0,0,0,8,Intel(R) Xeon(R) CPU           X5472  @ 3.00GHz,3000000000,Darwin,buzz.local,13.3.0,Darwin Kernel Version 13.3.0: Tue Jun  3 21:27:35 PDT 2014; root:xnu-2422.110.17~1/RELEASE_X86_64,x86_64,1406332854.000000,17.637207,17.633301,17.222656,19327352832,7696384,0,0,1073741824,900202496,940,0,0,1,traditional_with_pset_runqueue,0,63.0197,63.2482,0,0.996389
32768,0,64,32768,0,64,6291456,24,64,0,0,64,0,0,0,8,Intel(R) Xeon(R) CPU           X5472  @ 3.00GHz,3000000000,Darwin,buzz.local,13.3.0,Darwin Kernel Version 13.3.0: Tue Jun  3 21:27:35 PDT 2014; root:xnu-2422.110.17~1/RELEASE_X86_64,x86_64,1406332854.000000,17.637207,17.633301,17.222656,19327352832,7696384,0,0,1073741824,900202496,940,0,0,1,traditional_with_pset_runqueue,0,59.9941,60.0489,0,0.999087
32768,0,64,32768,0,64,6291456,24,64,0,0,64,0,0,0,8,Intel(R) Xeon(R) CPU           X5472  @ 3.00GHz,3000000000,Darwin,buzz.local,13.3.0,Darwin Kernel Version 13.3.0: Tue Jun  3 21:27:35 PDT 2014; root:xnu-2422.110.17~1/RELEASE_X86_64,x86_64,1406332854.000000,17.383301,17.026855,17.016113,19327352832,8978432,0,0,1073741824,900202496,900,0,0,1,traditional_with_pset_runqueue,0,2990.63,3037.45,354,0.984588
32768,0,64,32768,0,64,6291456,24,64,0,0,64,0,0,0,8,Intel(R) Xeon(R) CPU           X5472  @ 3.00GHz,3000000000,Darwin,buzz.local,13.3.0,Darwin Kernel Version 13.3.0: Tue Jun  3 21:27:35 PDT 2014; root:xnu-2422.110.17~1/RELEASE_X86_64,x86_64,1406332854.000000,17.383301,17.026855,17.016113,19327352832,8978432,0,0,1073741824,900202496,900,0,0,1,traditional_with_pset_runqueue,0,2746.32,3028.45,453,0.906842
32768,0,64,32768,0,64,6291456,24,64,0,0,64,0,0,0,8,Intel(R) Xeon(R) CPU           X5472  @ 3.00GHz,3000000000,Darwin,buzz.local,13.3.0,Darwin Kernel Version 13.3.0: Tue Jun  3 21:27:35 PDT 2014; root:xnu-2422.110.17~1/RELEASE_X86_64,x86_64,1406332854.000000,17.383301,17.026855,17.016113,19327352832,8978432,0,0,1073741824,900202496,900,0,0,1,traditional_with_pset_runqueue,0,2575.21,3043.76,487,0.846064
32768,0,64,32768,0,64,6291456,24,64,0,0,64,0,0,0,8,Intel(R) Xeon(R) CPU           X5472  @ 3.00GHz,3000000000,Darwin,buzz.local,13.3.0,Darwin Kernel Version 13.3.0: Tue Jun  3 21:27:35 PDT 2014; root:xnu-2422.110.17~1/RELEASE_X86_64,x86_64,1406332854.000000,17.383301,17.026855,17.016113,19327352832,8978432,0,0,1073741824,900202496,900,0,0,1,traditional_with_pset_runqueue,0,2694.86,3038.21,456,0.886988
32768,0,64,32768,0,64,6291456,24,64,0,0,64,0,0,0,8,Intel(R) Xeon(R) CPU           X5472  @ 3.00GHz,3000000000,Darwin,buzz.local,13.3.0,Darwin Kernel Version 13.3.0: Tue Jun  3 21:27:35 PDT 2014; root:xnu-2422.110.17~1/RELEASE_X86_64,x86_64,1406332854.000000,17.383301,17.026855,17.016113,19327352832,8978432,0,0,1073741824,900202496,900,0,0,1,traditional_with_pset_runqueue,0,56.1139,56.3291,0,0.996181
32768,0,64,32768,0,64,6291456,24,64,0,0,64,0,0,0,8,Intel(R) Xeon(R) CPU           X5472  @ 3.00GHz,3000000000,Darwin,buzz.local,13.3.0,Darwin Kernel Version 13.3.0: Tue Jun  3 21:27:35 PDT 2014; root:xnu-2422.110.17~1/RELEASE_X86_64,x86_64,1406332854.000000,17.383301,17.026855,17.016113,19327352832,8978432,0,0,1073741824,900202496,900,0,0,1,traditional_with_pset_runqueue,0,55.9303,55.7445,0,1.00333
32768,0,64,32768,0,64,6291456,24,64,0,0,64,0,0,0,8,Intel(R) Xeon(R) CPU           X5472  @ 3.00GHz,3000000000,Darwin,buzz.local,13.3.0,Darwin Kernel Version 13.3.0: Tue Jun  3 21:27:35 PDT 2014; root:xnu-2422.110.17~1/RELEASE_X86_64,x86_64,1406332854.000000,17.383301,17.026855,17.016113,19327352832,8978432,0,0,1073741824,900202496,900,0,0,1,traditional_with_pset_runqueue,0,60.6615,60.3543,0,1.00509
32768,0,64,32768,0,64,6291456,24,64,0,0,64,0,0,0,8,Intel(R) Xeon(R) CPU           X5472  @ 3.00GHz,3000000000,Darwin,buzz.local,13.3.0,Darwin Kernel Version 13.3.0: Tue Jun  3 21:27:35 PDT 2014; root:xnu-2422.110.17~1/RELEASE_X86_64,x86_64,1406332854.000000,17.383301,17.026855,17.016113,19327352832,8978432,0,0,1073741824,900202496,900,0,0,1,traditional_with_pset_runqueue,0,57.7262,57.5105,0,1.00375
32768,0,64,32768,0,64,6291456,24,64,0,0,64,0,0,0,8,Intel(R) Xeon(R) CPU           X5472  @ 3.00GHz,3000000000,Darwin,buzz.local,13.3.0,Darwin Kernel Version 13.3.0: Tue Jun  3 21:27:35 PDT 2014; root:xnu-2422.110.17~1/RELEASE_X86_64,x86_64,1406332854.000000,17.800293,17.229980,17.062500,19327352832,8450048,0,0,1073741824,900202496,916,0,0,1,traditional_with_pset_runqueue,0,3114.93,3145.55,383,0.990264
32768,0,64,32768,0,64,6291456,24,64,0,0,64,0,0,0,8,Intel(R) Xeon(R) CPU           X5472  @ 3.00GHz,3000000000,Darwin,buzz.local,13.3.0,Darwin Kernel Version 13.3.0: Tue Jun  3 21:27:35 PDT 2014; root:xnu-2422.110.17~1/RELEASE_X86_64,x86_64,1406332854.000000,17.800293,17.229980,17.062500,19327352832,8450048,0,0,1073741824,900202496,916,0,0,1,traditional_with_pset_runqueue,0,2480.98,3161.17,481,0.78483
32768,0,64,32768,0,64,6291456,24,64,0,0,64,0,0,0,8,Intel(R) Xeon(R) CPU           X5472  @ 3.00GHz,3000000000,Darwin,buzz.local,13.3.0,Darwin Kernel Version 13.3.0: Tue Jun  3 21:27:35 PDT 2014; root:xnu-2422.110.17~1/RELEASE_X86_64,x86_64,1406332854.000000,17.800293,17.229980,17.062500,19327352832,8450048,0,0,1073741824,900202496,916,0,0,1,traditional_with_pset_runqueue,0,2808.07,3160.26,457,0.888556
32768,0,64,32768,0,64,6291456,24,64,0,0,64,0,0,0,8,Intel(R) Xeon(R) CPU           X5472  @ 3.00GHz,3000000000,Darwin,buzz.local,13.3.0,Darwin Kernel Version 13.3.0: Tue Jun  3 21:27:35 PDT 2014; root:xnu-2422.110.17~1/RELEASE_X86_64,x86_64,1406332854.000000,17.800293,17.229980,17.062500,19327352832,8450048,0,0,1073741824,900202496,916,0,0,1,traditional_with_pset_runqueue,0,3034.42,3154.37,396,0.961975
32768,0,64,32768,0,64,6291456,24,64,0,0,64,0,0,0,8,Intel(R) Xeon(R) CPU           X5472  @ 3.00GHz,3000000000,Darwin,buzz.local,13.3.0,Darwin Kernel Version 13.3.0: Tue Jun  3 21:27:35 PDT 2014; root:xnu-2422.110.17~1/RELEASE_X86_64,x86_64,1406332854.000000,17.800293,17.229980,17.062500,19327352832,8450048,0,0,1073741824,900202496,916,0,0,1,traditional_with_pset_runqueue,0,58.3886,58.4697,0,0.998613
32768,0,64,32768,0,64,6291456,24,64,0,0,64,0,0,0,8,Intel(R) Xeon(R) CPU           X5472  @ 3.00GHz,3000000000,Darwin,buzz.local,13.3.0,Darwin Kernel Version 13.3.0: Tue Jun  3 21:27:35 PDT 2014; root:xnu-2422.110.17~1/RELEASE_X86_64,x86_64,1406332854.000000,17.800293,17.229980,17.062500,19327352832,8450048,0,0,1073741824,900202496,916,0,0,1,traditional_with_pset_runqueue,0,57.8008,57.8097,0,0.999847
32768,0,64,32768,0,64,6291456,24,64,0,0,64,0,0,0,8,Intel(R) Xeon(R) CPU           X5472  @ 3.00GHz,3000000000,Darwin,buzz.local,13.3.0,Darwin Kernel Version 13.3.0: Tue Jun  3 21:27:35 PDT 2014; root:xnu-2422.110.17~1/RELEASE_X86_64,x86_64,1406332854.000000,17.800293,17.229980,17.062500,19327352832,8450048,0,0,1073741824,900202496,916,0,0,1,traditional_with_pset_runqueue,0,62.4638,62.4023,0,1.00099
32768,0,64,32768,0,64,6291456,24,64,0,0,64,0,0,0,8,Intel(R) Xeon(R) CPU           X5472  @ 3.00GHz,3000000000,Darwin,buzz.local,13.3.0,Darwin Kernel Version 13.3.0: Tue Jun  3 21:27:35 PDT 2014; root:xnu-2422.110.17~1/RELEASE_X86_64,x86_64,1406332854.000000,17.800293,17.229980,17.062500,19327352832,8450048,0,0,1073741824,900202496,916,0,0,1,traditional_with_pset_runqueue,0,59.5243,59.6352,0,0.998141
32768,0,64,32768,0,64,6291456,24,64,0,0,64,0,0,0,8,Intel(R) Xeon(R) CPU           X5472  @ 3.00GHz,3000000000,Darwin,buzz.local,13.3.0,Darwin Kernel Version 13.3.0: Tue Jun  3 21:27:35 PDT 2014; root:xnu-2422.110.17~1/RELEASE_X86_64,x86_64,1406332854.000000,17.030762,17.252930,17.154785,19327352832,7987200,0,0,1073741824,900202496,916,0,0,1,traditional_with_pset_runqueue,0,3052.28,3157.18,400,0.966775
32768,0,64,32768,0,64,6291456,24,64,0,0,64,0,0,0,8,Intel(R) Xeon(R) CPU           X5472  @ 3.00GHz,3000000000,Darwin,buzz.local,13.3.0,Darwin Kernel Version 13.3.0: Tue Jun  3 21:27:35 PDT 2014; root:xnu-2422.110.17~1/RELEASE_X86_64,x86_64,1406332854.000000,17.030762,17.252930,17.154785,19327352832,7987200,0,0,1073741824,900202496,916,0,0,1,traditional_with_pset_runqueue,0,2284.63,3153.74,497,0.724418
32768,0,64,32768,0,64,6291456,24,64,0,0,64,0,0,0,8,Intel(R) Xeon(R) CPU           X5472  @ 3.00GHz,3000000000,Darwin,buzz.local,13.3.0,Darwin Kernel Version 13.3.0: Tue Jun  3 21:27:35 PDT 2014; root:xnu-2422.110.17~1/RELEASE_X86_64,x86_64,1406332854.000000,17.030762,17.252930,17.154785,19327352832,7987200,0,0,1073741824,900202496,916,0,0,1,traditional_with_pset_runqueue,0,2939.88,3170.53,452,0.927253
32768,0,64,32768,0,64,6291456,24,64,0,0,64,0,0,0,8,Intel(R) Xeon(R) CPU           X5472  @ 3.00GHz,3000000000,Darwin,buzz.local,13.3.0,Darwin Kernel Version 13.3.0: Tue Jun  3 21:27:35 PDT 2014; root:xnu-2422.110.17~1/RELEASE_X86_64,x86_64,1406332854.000000,17.030762,17.252930,17.154785,19327352832,7987200,0,0,1073741824,900202496,916,0,0,1,traditional_with_pset_runqueue,0,3146.25,3157.02,362,0.996588
32768,0,64,32768,0,64,6291456,24,64,0,0,64,0,0,0,8,Intel(R) Xeon(R) CPU           X5472  @ 3.00GHz,3000000000,Darwin,buzz.local,13.3.0,Darwin Kernel Version 13.3.0: Tue Jun  3 21:27:35 PDT 2014; root:xnu-2422.110.17~1/RELEASE_X86_64,x86_64,1406332854.000000,17.030762,17.252930,17.154785,19327352832,7987200,0,0,1073741824,900202496,916,0,0,1,traditional_with_pset_runqueue,0,58.5882,58.6043,0,0.999724
32768,0,64,32768,0,64,6291456,24,64,0,0,64,0,0,0,8,Intel(R) Xeon(R) CPU           X5472  @ 3.00GHz,3000000000,Darwin,buzz.local,13.3.0,Darwin Kernel Version 13.3.0: Tue Jun  3 21:27:35 PDT 2014; root:xnu-2422.110.17~1/RELEASE_X86_64,x86_64,1406332854.000000,17.030762,17.252930,17.154785,19327352832,7987200,0,0,1073741824,900202496,916,0,0,1,traditional_with_pset_runqueue,0,58.2389,58.2888,0,0.999145
32768,0,64,32768,0,64,6291456,24,64,0,0,64,0,0,0,8,Intel(R) Xeon(R) CPU           X5472  @ 3.00GHz,3000000000,Darwin,buzz.local,13.3.0,Darwin Kernel Version 13.3.0: Tue Jun  3 21:27:35 PDT 2014; root:xnu-2422.110.17~1/RELEASE_X86_64,x86_64,1406332854.000000,17.030762,17.252930,17.154785,19327352832,7987200,0,0,1073741824,900202496,916,0,0,1,traditional_with_pset_runqueue,0,63.4308,63.1462,0,1.00451
32768,0,64,32768,0,64,6291456,24,64,0,0,64,0,0,0,8,Intel(R) Xeon(R) CPU           X5472  @ 3.00GHz,3000000000,Darwin,buzz.local,13.3.0,Darwin Kernel Version 13.3.0: Tue Jun  3 21:27:35 PDT 2014; root:xnu-2422.110.17~1/RELEASE_X86_64,x86_64,1406332854.000000,17.030762,17.252930,17.154785,19327352832,7987200,0,0,1073741824,900202496,916,0,0,1,traditional_with_pset_runqueue,0,59.8146,59.6492,0,1.00277
32768,0,64,32768,0,64,6291456,24,64,0,0,64,0,0,0,8,Intel(R) Xeon(R) CPU           X5472  @ 3.00GHz,3000000000,Darwin,buzz.local,13.3.0,Darwin Kernel Version 13.3.0: Tue Jun  3 21:27:35 PDT 2014; root:xnu-2422.110.17~1/RELEASE_X86_64,x86_64,1406332854.000000,17.144043,17.259766,17.171875,19327352832,10829824,0,0,1073741824,900202496,904,0,0,1,traditional_with_pset_runqueue,0,3037.37,3160.48,376,0.961045
32768,0,64,32768,0,64,6291456,24,64,0,0,64,0,0,0,8,Intel(R) Xeon(R) CPU           X5472  @ 3.00GHz,3000000000,Darwin,buzz.local,13.3.0,Darwin Kernel Version 13.3.0: Tue Jun  3 21:27:35 PDT 2014; root:xnu-2422.110.17~1/RELEASE_X86_64,x86_64,1406332854.000000,17.144043,17.259766,17.171875,19327352832,10829824,0,0,1073741824,900202496,904,0,0,1,traditional_with_pset_runqueue,0,2922.54,3152.95,351,0.926923
32768,0,64,32768,0,64,6291456,24,64,0,0,64,0,0,0,8,Intel(R) Xeon(R) CPU           X5472  @ 3.00GHz,3000000000,Darwin,buzz.local,13.3.0,Darwin Kernel Version 13.3.0: Tue Jun  3 21:27:35 PDT 2014; root:xnu-2422.110.17~1/RELEASE_X86_64,x86_64,1406332854.000000,17.144043,17.259766,17.171875,19327352832,10829824,0,0,1073741824,900202496,904,0,0,1,traditional_with_pset_runqueue,0,3138.89,3163.24,331,0.992302
32768,0,64,32768,0,64,6291456,24,64,0,0,64,0,0,0,8,Intel(R) Xeon(R) CPU           X5472  @ 3.00GHz,3000000000,Darwin,buzz.local,13.3.0,Darwin Kernel Version 13.3.0: Tue Jun  3 21:27:35 PDT 2014; root:xnu-2422.110.17~1/RELEASE_X86_64,x86_64,1406332854.000000,17.144043,17.259766,17.171875,19327352832,10829824,0,0,1073741824,900202496,904,0,0,1,traditional_with_pset_runqueue,0,2309.8,3156.16,488,0.731837
32768,0,64,32768,0,64,6291456,24,64,0,0,64,0,0,0,8,Intel(R) Xeon(R) CPU           X5472  @ 3.00GHz,3000000000,Darwin,buzz.local,13.3.0,Darwin Kernel Version 13.3.0: Tue Jun  3 21:27:35 PDT 2014; root:xnu-2422.110.17~1/RELEASE_X86_64,x86_64,1406332854.000000,17.144043,17.259766,17.171875,19327352832,10829824,0,0,1073741824,900202496,904,0,0,1,traditional_with_pset_runqueue,0,57.9712,58.2395,0,0.995393
32768,0,64,32768,0,64,6291456,24,64,0,0,64,0,0,0,8,Intel(R) Xeon(R) CPU           X5472  @ 3.00GHz,3000000000,Darwin,buzz.local,13.3.0,Darwin Kernel Version 13.3.0: Tue Jun  3 21:27:35 PDT 2014; root:xnu-2422.110.17~1/RELEASE_X86_64,x86_64,1406332854.000000,17.144043,17.259766,17.171875,19327352832,10829824,0,0,1073741824,900202496,904,0,0,1,traditional_with_pset_runqueue,0,57.5997,57.5518,0,1.00083
32768,0,64,32768,0,64,6291456,24,64,0,0,64,0,0,0,8,Intel(R) Xeon(R) CPU           X5472  @ 3.00GHz,3000000000,Darwin,buzz.local,13.3.0,Darwin Kernel Version 13.3.0: Tue Jun  3 21:27:35 PDT 2014; root:xnu-2422.110.17~1/RELEASE_X86_64,x86_64,1406332854.000000,17.144043,17.259766,17.171875,19327352832,10829824,0,0,1073741824,900202496,904,0,0,1,traditional_with_pset_runqueue,0,62.495,62.6124,0,0.998125
32768,0,64,32768,0,64,6291456,24,64,0,0,64,0,0,0,8,Intel(R) Xeon(R) CPU           X5472  @ 3.00GHz,3000000000,Darwin,buzz.local,13.3.0,Darwin Kernel Version 13.3.0: Tue Jun  3 21:27:35 PDT 2014; root:xnu-2422.110.17~1/RELEASE_X86_64,x86_64,1406332854.000000,17.144043,17.259766,17.171875,19327352832,10829824,0,0,1073741824,900202496,904,0,0,1,traditional_with_pset_runqueue,0,59.6952,59.6524,0,1.00072
32768,0,64,32768,0,64,6291456,24,64,0,0,64,0,0,0,8,Intel(R) Xeon(R) CPU           X5472  @ 3.00GHz,3000000000,Darwin,buzz.local,13.3.0,Darwin Kernel Version 13.3.0: Tue Jun  3 21:27:35 PDT 2014; root:xnu-2422.110.17~1/RELEASE_X86_64,x86_64,1406332854.000000,16.687988,17.103027,17.182617,19327352832,122359808,0,0,1073741824,900202496,904,0,0,1,traditional_with_pset_runqueue,0,2468.74,3143.45,491,0.78536
32768,0,64,32768,0,64,6291456,24,64,0,0,64,0,0,0,8,Intel(R) Xeon(R) CPU           X5472  @ 3.00GHz,3000000000,Darwin,buzz.local,13.3.0,Darwin Kernel Version 13.3.0: Tue Jun  3 21:27:35 PDT 2014; root:xnu-2422.110.17~1/RELEASE_X86_64,x86_64,1406332854.000000,16.687988,17.103027,17.182617,19327352832,122359808,0,0,1073741824,900202496,904,0,0,1,traditional_with_pset_runqueue,0,2913.7,3142.89,455,0.927076
32768,0,64,32768,0,64,6291456,24,64,0,0,64,0,0,0,8,Intel(R) Xeon(R) CPU           X5472  @ 3.00GHz,3000000000,Darwin,buzz.local,13.3.0,Darwin Kernel Version 13.3.0: Tue Jun  3 21:27:35 PDT 2014; root:xnu-2422.110.17~1/RELEASE_X86_64,x86_64,1406332854.000000,16.687988,17.103027,17.182617,19327352832,122359808,0,0,1073741824,900202496,904,0,0,1,traditional_with_pset_runqueue,0,2913.52,3130.09,451,0.93081
32768,0,64,32768,0,64,6291456,24,64,0,0,64,0,0,0,8,Intel(R) Xeon(R) CPU           X5472  @ 3.00GHz,3000000000,Darwin,buzz.local,13.3.0,Darwin Kernel Version 13.3.0: Tue Jun  3 21:27:35 PDT 2014; root:xnu-2422.110.17~1/RELEASE_X86_64,x86_64,1406332854.000000,16.687988,17.103027,17.182617,19327352832,122359808,0,0,1073741824,900202496,904,0,0,1,traditional_with_pset_runqueue,0,3021.83,3146.78,440,0.960295
32768,0,64,32768,0,64,6291456,24,64,0,0,64,0,0,0,8,Intel(R) Xeon(R) CPU           X5472  @ 3.00GHz,3000000000,Darwin,buzz.local,13.3.0,Darwin Kernel Version 13.3.0: Tue Jun  3 21:27:35 PDT 2014; root:xnu-2422.110.17~1/RELEASE_X86_64,x86_64,1406332854.000000,16.687988,17.103027,17.182617,19327352832,122359808,0,0,1073741824,900202496,904,0,0,1,traditional_with_pset_runqueue,0,57.7302,57.8774,0,0.997456
32768,0,64,32768,0,64,6291456,24,64,0,0,64,0,0,0,8,Intel(R) Xeon(R) CPU           X5472  @ 3.00GHz,3000000000,Darwin,buzz.local,13.3.0,Darwin Kernel Version 13.3.0: Tue Jun  3 21:27:35 PDT 2014; root:xnu-2422.110.17~1/RELEASE_X86_64,x86_64,1406332854.000000,16.687988,17.103027,17.182617,19327352832,122359808,0,0,1073741824,900202496,904,0,0,1,traditional_with_pset_runqueue,0,57.5326,57.6891,0,0.997287
32768,0,64,32768,0,64,6291456,24,64,0,0,64,0,0,0,8,Intel(R) Xeon(R) CPU           X5472  @ 3.00GHz,3000000000,Darwin,buzz.local,13.3.0,Darwin Kernel Version 13.3.0: Tue Jun  3 21:27:35 PDT 2014; root:xnu-2422.110.17~1/RELEASE_X86_64,x86_64,1406332854.000000,16.687988,17.103027,17.182617,19327352832,122359808,0,0,1073741824,900202496,904,0,0,1,traditional_with_pset_runqueue,0,62.3853,62.6553,0,0.995691
32768,0,64,32768,0,64,6291456,24,64,0,0,64,0,0,0,8,Intel(R) Xeon(R) CPU           X5472  @ 3.00GHz,3000000000,Darwin,buzz.local,13.3.0,Darwin Kernel Version 13.3.0: Tue Jun  3 21:27:35 PDT 2014; root:xnu-2422.110.17~1/RELEASE_X86_64,x86_64,1406332854.000000,16.687988,17.103027,17.182617,19327352832,122359808,0,0,1073741824,900202496,904,0,0,1,traditional_with_pset_runqueue,0,59.768,59.768,0,1
32768,0,64,32768,0,64,6291456,24,64,0,0,64,0,0,0,8,Intel(R) Xeon(R) CPU           X5472  @ 3.00GHz,3000000000,Darwin,buzz.local,13.3.0,Darwin Kernel Version 13.3.0: Tue Jun  3 21:27:35 PDT 2014; root:xnu-2422.110.17~1/RELEASE_X86_64,x86_64,1406332854.000000,17.060059,16.741699,16.887695,19327352832,7507968,0,0,1073741824,900202496,936,0,0,1,traditional_with_pset_runqueue,0,2758.5,3152.37,475,0.875057
32768,0,64,32768,0,64,6291456,24,64,0,0,64,0,0,0,8,Intel(R) Xeon(R) CPU           X5472  @ 3.00GHz,3000000000,Darwin,buzz.local,13.3.0,Darwin Kernel Version 13.3.0: Tue Jun  3 21:27:35 PDT 2014; root:xnu-2422.110.17~1/RELEASE_X86_64,x86_64,1406332854.000000,17.060059,16.741699,16.887695,19327352832,7507968,0,0,1073741824,900202496,936,0,0,1,traditional_with_pset_runqueue,0,3089.73,3144.82,398,0.982482
32768,0,64,32768,0,64,6291456,24,64,0,0,64,0,0,0,8,Intel(R) Xeon(R) CPU           X5472  @ 3.00GHz,3000000000,Darwin,buzz.local,13.3.0,Darwin Kernel Version 13.3.0: Tue Jun  3 21:27:35 PDT 2014; root:xnu-2422.110.17~1/RELEASE_X86_64,x86_64,1406332854.000000,17.060059,16.741699,16.887695,19327352832,7507968,0,0,1073741824,900202496,936,0,0,1,traditional_with_pset_runqueue,0,2694.15,3124.49,469,0.862268
32768,0,64,32768,0,64,6291456,24,64,0,0,64,0,0,0,8,Intel(R) Xeon(R) CPU           X5472  @ 3.00GHz,3000000000,Darwin,buzz.local,13.3.0,Darwin Kernel Version 13.3.0: Tue Jun  3 21:27:35 PDT 2014; root:xnu-2422.110.17~1/RELEASE_X86_64,x86_64,1406332854.000000,17.060059,16.741699,16.887695,19327352832,7507968,0,0,1073741824,900202496,936,0,0,1,traditional_with_pset_runqueue,0,2846.16,3139.9,425,0.90645
32768,0,64,32768,0,64,6291456,24,64,0,0,64,0,0,0,8,Intel(R) Xeon(R) CPU           X5472  @ 3.00GHz,3000000000,Darwin,buzz.local,13.3.0,Darwin Kernel Version 13.3.0: Tue Jun  3 21:27:35 PDT 2014; root:xnu-2422.110.17~1/RELEASE_X86_64,x86_64,1406332854.000000,17.060059,16.741699,16.887695,19327352832,7507968,0,0,1073741824,900202496,936,0,0,1,traditional_with_pset_runqueue,0,57.8922,57.8018,0,1.00156
32768,0,64,32768,0,64,6291456,24,64,0,0,64,0,0,0,8,Intel(R) Xeon(R) CPU           X5472  @ 3.00GHz,3000000000,Darwin,buzz.local,13.3.0,Darwin Kernel Version 13.3.0: Tue Jun  3 21:27:35 PDT 2014; root:xnu-2422.110.17~1/RELEASE_X86_64,x86_64,1406332854.000000,17.060059,16.741699,16.887695,19327352832,7507968,0,0,1073741824,900202496,936,0,0,1,traditional_with_pset_runqueue,0,57.4121,57.6113,0,0.996541
32768,0,64,32768,0,64,6291456,24,64,0,0,64,0,0,0,8,Intel(R) Xeon(R) CPU           X5472  @ 3.00GHz,3000000000,Darwin,buzz.local,13.3.0,Darwin Kernel Version 13.3.0: Tue Jun  3 21:27:35 PDT 2014; root:xnu-2422.110.17~1/RELEASE_X86_64,x86_64,1406332854.000000,17.060059,16.741699,16.887695,19327352832,7507968,0,0,1073741824,900202496,936,0,0,1,traditional_with_pset_runqueue,0,62.4047,62.5963,0,0.996939
32768,0,64,32768,0,64,6291456,24,64,0,0,64,0,0,0,8,Intel(R) Xeon(R) CPU           X5472  @ 3.00GHz,3000000000,Darwin,buzz.local,13.3.0,Darwin Kernel Version 13.3.0: Tue Jun  3 21:27:35 PDT 2014; root:xnu-2422.110.17~1/RELEASE_X86_64,x86_64,1406332854.000000,17.060059,16.741699,16.887695,19327352832,7507968,0,0,1073741824,900202496,936,0,0,1,traditional_with_pset_runqueue,0,59.2298,59.3904,0,0.997296
32768,0,64,32768,0,64,6291456,24,64,0,0,64,0,0,0,8,Intel(R) Xeon(R) CPU           X5472  @ 3.00GHz,3000000000,Darwin,buzz.local,13.3.0,Darwin Kernel Version 13.3.0: Tue Jun  3 21:27:35 PDT 2014; root:xnu-2422.110.17~1/RELEASE_X86_64,x86_64,1406332854.000000,16.812012,16.846191,16.877441,19327352832,7860224,0,0,1073741824,900202496,908,0,0,1,traditional_with_pset_runqueue,0,2283.31,3149.56,498,0.724961
32768,0,64,32768,0,64,6291456,24,64,0,0,64,0,0,0,8,Intel(R) Xeon(R) CPU           X5472  @ 3.00GHz,3000000000,Darwin,buzz.local,13.3.0,Darwin Kernel Version 13.3.0: Tue Jun  3 21:27:35 PDT 2014; root:xnu-2422.110.17~1/RELEASE_X86_64,x86_64,1406332854.000000,16.812012,16.846191,16.877441,19327352832,7860224,0,0,1073741824,900202496,908,0,0,1,traditional_with_pset_runqueue,0,3069.05,3153.4,391,0.97325
32768,0,64,32768,0,64,6291456,24,64,0,0,64,0,0,0,8,Intel(R) Xeon(R) CPU           X5472  @ 3.00GHz,3000000000,Darwin,buzz.local,13.3.0,Darwin Kernel Version 13.3.0: Tue Jun  3 21:27:35 PDT 2014; root:xnu-2422.110.17~1/RELEASE_X86_64,x86_64,1406332854.000000,16.812012,16.846191,16.877441,19327352832,7860224,0,0,1073741824,900202496,908,0,0,1,traditional_with_pset_runqueue,0,3144.48,3148.04,239,0.998868
32768,0,64,32768,0,64,6291456,24,64,0,0,64,0,0,0,8,Intel(R) Xeon(R) CPU           X5472  @ 3.00GHz,3000000000,Darwin,buzz.local,13.3.0,Darwin Kernel Version 13.3.0: Tue Jun  3 21:27:35 PDT 2014; root:xnu-2422.110.17~1/RELEASE_X86_64,x86_64,1406332854.000000,16.812012,16.846191,16.877441,19327352832,7860224,0,0,1073741824,900202496,908,0,0,1,traditional_with_pset_runqueue,0,2900.97,3150.79,378,0.920711
32768,0,64,32768,0,64,6291456,24,64,0,0,64,0,0,0,8,Intel(R) Xeon(R) CPU           X5472  @ 3.00GHz,3000000000,Darwin,buzz.local,13.3.0,Darwin Kernel Version 13.3.0: Tue Jun  3 21:27:35 PDT 2014; root:xnu-2422.110.17~1/RELEASE_X86_64,x86_64,1406332854.000000,16.812012,16.846191,16.877441,19327352832,7860224,0,0,1073741824,900202496,908,0,0,1,traditional_with_pset_runqueue,0,57.9921,57.9872,0,1.00008
32768,0,64,32768,0,64,6291456,24,64,0,0,64,0,0,0,8,Intel(R) Xeon(R) CPU           X5472  @ 3.00GHz,3000000000,Darwin,buzz.local,13.3.0,Darwin Kernel Version 13.3.0: Tue Jun  3 21:27:35 PDT 2014; root:xnu-2422.110.17~1/RELEASE_X86_64,x86_64,1406332854.000000,16.812012,16.846191,16.877441,19327352832,7860224,0,0,1073741824,900202496,908,0,0,1,traditional_with_pset_runqueue,0,57.6823,57.852,0,0.997066
32768,0,64,32768,0,64,6291456,24,64,0,0,64,0,0,0,8,Intel(R) Xeon(R) CPU           X5472  @ 3.00GHz,3000000000,Darwin,buzz.local,13.3.0,Darwin Kernel Version 13.3.0: Tue Jun  3 21:27:35 PDT 2014; root:xnu-2422.110.17~1/RELEASE_X86_64,x86_64,1406332854.000000,16.812012,16.846191,16.877441,19327352832,7860224,0,0,1073741824,900202496,908,0,0,1,traditional_with_pset_runqueue,0,62.3141,62.4483,0,0.997852
32768,0,64,32768,0,64,6291456,24,64,0,0,64,0,0,0,8,Intel(R) Xeon(R) CPU           X5472  @ 3.00GHz,3000000000,Darwin,buzz.local,13.3.0,Darwin Kernel Version 13.3.0: Tue Jun  3 21:27:35 PDT 2014; root:xnu-2422.110.17~1/RELEASE_X86_64,x86_64,1406332854.000000,16.812012,16.846191,16.877441,19327352832,7860224,0,0,1073741824,900202496,908,0,0,1,traditional_with_pset_runqueue,0,59.9803,59.9546,0,1.00043
32768,0,64,32768,0,64,6291456,24,64,0,0,64,0,0,0,8,Intel(R) Xeon(R) CPU           X5472  @ 3.00GHz,3000000000,Darwin,buzz.local,13.3.0,Darwin Kernel Version 13.3.0: Tue Jun  3 21:27:35 PDT 2014; root:xnu-2422.110.17~1/RELEASE_X86_64,x86_64,1406332854.000000,17.002930,16.932129,16.917480,19327352832,10960896,0,0,1073741824,900202496,928,0,0,1,traditional_with_pset_runqueue,0,3043.98,3130.17,369,0.972465
32768,0,64,32768,0,64,6291456,24,64,0,0,64,0,0,0,8,Intel(R) Xeon(R) CPU           X5472  @ 3.00GHz,3000000000,Darwin,buzz.local,13.3.0,Darwin Kernel Version 13.3.0: Tue Jun  3 21:27:35 PDT 2014; root:xnu-2422.110.17~1/RELEASE_X86_64,x86_64,1406332854.000000,17.002930,16.932129,16.917480,19327352832,10960896,0,0,1073741824,900202496,928,0,0,1,traditional_with_pset_runqueue,0,3072.57,3142.24,385,0.977828
32768,0,64,32768,0,64,6291456,24,64,0,0,64,0,0,0,8,Intel(R) Xeon(R) CPU           X5472  @ 3.00GHz,3000000000,Darwin,buzz.local,13.3.0,Darwin Kernel Version 13.3.0: Tue Jun  3 21:27:35 PDT 2014; root:xnu-2422.110.17~1/RELEASE_X86_64,x86_64,1406332854.000000,17.002930,16.932129,16.917480,19327352832,10960896,0,0,1073741824,900202496,928,0,0,1,traditional_with_pset_runqueue,0,2809.55,3139.62,458,0.894872
32768,0,64,32768,0,64,6291456,24,64,0,0,64,0,0,0,8,Intel(R) Xeon(R) CPU           X5472  @ 3.00GHz,3000000000,Darwin,buzz.local,13.3.0,Darwin Kernel Version 13.3.0: Tue Jun  3 21:27:35 PDT 2014; root:xnu-2422.110.17~1/RELEASE_X86_64,x86_64,1406332854.000000,17.002930,16.932129,16.917480,19327352832,10960896,0,0,1073741824,900202496,928,0,0,1,traditional_with_pset_runqueue,0,2466.19,3146.56,487,0.783774
32768,0,64,32768,0,64,6291456,24,64,0,0,64,0,0,0,8,Intel(R) Xeon(R) CPU           X5472  @ 3.00GHz,3000000000,Darwin,buzz.local,13.3.0,Darwin Kernel Version 13.3.0: Tue Jun  3 21:27:35 PDT 2014; root:xnu-2422.110.17~1/RELEASE_X86_64,x86_64,1406332854.000000,17.002930,16.932129,16.917480,19327352832,10960896,0,0,1073741824,900202496,928,0,0,1,traditional_with_pset_runqueue,0,58.1032,57.8246,0,1.00482
32768,0,64,32768,0,64,6291456,24,64,0,0,64,0,0,0,8,Intel(R) Xeon(R) CPU           X5472  @ 3.00GHz,3000000000,Darwin,buzz.local,13.3.0,Darwin Kernel Version 13.3.0: Tue Jun  3 21:27:35 PDT 2014; root:xnu-2422.110.17~1/RELEASE_X86_64,x86_64,1406332854.000000,17.002930,16.932129,16.917480,19327352832,10960896,0,0,1073741824,900202496,928,0,0,1,traditional_with_pset_runqueue,0,57.8123,57.8077,0,1.00008
32768,0,64,32768,0,64,6291456,24,64,0,0,64,0,0,0,8,Intel(R) Xeon(R) CPU           X5472  @ 3.00GHz,3000000000,Darwin,buzz.local,13.3.0,Darwin Kernel Version 13.3.0: Tue Jun  3 21:27:35 PDT 2014; root:xnu-2422.110.17~1/RELEASE_X86_64,x86_64,1406332854.000000,17.002930,16.932129,16.917480,19327352832,10960896,0,0,1073741824,900202496,928,0,0,1,traditional_with_pset_runqueue,0,63.0028,63.0941,0,0.998552
32768,0,64,32768,0,64,6291456,24,64,0,0,64,0,0,0,8,Intel(R) Xeon(R) CPU           X5472  @ 3.00GHz,3000000000,Darwin,buzz.local,13.3.0,Darwin Kernel Version 13.3.0: Tue Jun  3 21:27:35 PDT 2014; root:xnu-2422.110.17~1/RELEASE_X86_64,x86_64,1406332854.000000,17.002930,16.932129,16.917480,19327352832,10960896,0,0,1073741824,900202496,928,0,0,1,traditional_with_pset_runqueue,0,59.5135,59.7751,0,0.995622
32768,0,64,32768,0,64,6291456,24,64,0,0,64,0,0,0,8,Intel(R) Xeon(R) CPU           X5472  @ 3.00GHz,3000000000,Darwin,buzz.local,13.3.0,Darwin Kernel Version 13.3.0: Tue Jun  3 21:27:35 PDT 2014; root:xnu-2422.110.17~1/RELEASE_X86_64,x86_64,1406332854.000000,16.311523,16.739258,16.842285,19327352832,9482240,0,0,1073741824,900202496,912,0,0,1,traditional_with_pset_runqueue,0,2552.62,3123,473,0.81736
32768,0,64,32768,0,64,6291456,24,64,0,0,64,0,0,0,8,Intel(R) Xeon(R) CPU           X5472  @ 3.00GHz,3000000000,Darwin,buzz.local,13.3.0,Darwin Kernel Version 13.3.0: Tue Jun  3 21:27:35 PDT 2014; root:xnu-2422.110.17~1/RELEASE_X86_64,x86_64,1406332854.000000,16.311523,16.739258,16.842285,19327352832,9482240,0,0,1073741824,900202496,912,0,0,1,traditional_with_pset_runqueue,0,3006.25,3129.25,422,0.960694
32768,0,64,32768,0,64,6291456,24,64,0,0,64,0,0,0,8,Intel(R) Xeon(R) CPU           X5472  @ 3.00GHz,3000000000,Darwin,buzz.local,13.3.0,Darwin Kernel Version 13.3.0: Tue Jun  3 21:27:35 PDT 2014; root:xnu-2422.110.17~1/RELEASE_X86_64,x86_64,1406332854.000000,16.311523,16.739258,16.842285,19327352832,9482240,0,0,1073741824,900202496,912,0,0,1,traditional_with_pset_runqueue,0,2790.8,3149.21,474,0.886188
32768,0,64,32768,0,64,6291456,24,64,0,0,64,0,0,0,8,Intel(R) Xeon(R) CPU           X5472  @ 3.00GHz,3000000000,Darwin,buzz.local,13.3.0,Darwin Kernel Version 13.3.0: Tue Jun  3 21:27:35 PDT 2014; root:xnu-2422.110.17~1/RELEASE_X86_64,x86_64,1406332854.000000,16.311523,16.739258,16.842285,19327352832,9482240,0,0,1073741824,900202496,912,0,0,1,traditional_with_pset_runqueue,0,3028.85,3138.78,423,0.964977
32768,0,64,32768,0,64,6291456,24,64,0,0,64,0,0,0,8,Intel(R) Xeon(R) CPU           X5472  @ 3.00GHz,3000000000,Darwin,buzz.local,13.3.0,Darwin Kernel Version 13.3.0: Tue Jun  3 21:27:35 PDT 2014; root:xnu-2422.110.17~1/RELEASE_X86_64,x86_64,1406332854.000000,16.311523,16.739258,16.842285,19327352832,9482240,0,0,1073741824,900202496,912,0,0,1,traditional_with_pset_runqueue,0,57.7889,57.5722,0,1.00376
32768,0,64,32768,0,64,6291456,24,64,0,0,64,0,0,0,8,Intel(R) Xeon(R) CPU           X5472  @ 3.00GHz,3000000000,Darwin,buzz.local,13.3.0,Darwin Kernel Version 13.3.0: Tue Jun  3 21:27:35 PDT 2014; root:xnu-2422.110.17~1/RELEASE_X86_64,x86_64,1406332854.000000,16.311523,16.739258,16.842285,19327352832,9482240,0,0,1073741824,900202496,912,0,0,1,traditional_with_pset_runqueue,0,57.3376,57.1156,0,1.00389
32768,0,64,32768,0,64,6291456,24,64,0,0,64,0,0,0,8,Intel(R) Xeon(R) CPU           X5472  @ 3.00GHz,3000000000,Darwin,buzz.local,13.3.0,Darwin Kernel Version 13.3.0: Tue Jun  3 21:27:35 PDT 2014; root:xnu-2422.110.17~1/RELEASE_X86_64,x86_64,1406332854.000000,16.311523,16.739258,16.842285,19327352832,9482240,0,0,1073741824,900202496,912,0,0,1,traditional_with_pset_runqueue,0,62.3981,62.3961,0,1.00003
32768,0,64,32768,0,64,6291456,24,64,0,0,64,0,0,0,8,Intel(R) Xeon(R) CPU           X5472  @ 3.00GHz,3000000000,Darwin,buzz.local,13.3.0,Darwin Kernel Version 13.3.0: Tue Jun  3 21:27:35 PDT 2014; root:xnu-2422.110.17~1/RELEASE_X86_64,x86_64,1406332854.000000,16.311523,16.739258,16.842285,19327352832,9482240,0,0,1073741824,900202496,912,0,0,1,traditional_with_pset_runqueue,0,59.5033,59.1043,0,1.00675
32768,0,64,32768,0,64,6291456,24,64,0,0,64,0,0,0,8,Intel(R) Xeon(R) CPU           X5472  @ 3.00GHz,3000000000,Darwin,buzz.local,13.3.0,Darwin Kernel Version 13.3.0: Tue Jun  3 21:27:35 PDT 2014; root:xnu-2422.110.17~1/RELEASE_X86_64,x86_64,1406332854.000000,16.149902,16.500488,16.706543,19327352832,6729728,0,0,1073741824,900202496,956,0,0,1,traditional_with_pset_runqueue,0,2868.18,3018.74,437,0.950126
32768,0,64,32768,0,64,6291456,24,64,0,0,64,0,0,0,8,Intel(R) Xeon(R) CPU           X5472  @ 3.00GHz,3000000000,Darwin,buzz.local,13.3.0,Darwin Kernel Version 13.3.0: Tue Jun  3 21:27:35 PDT 2014; root:xnu-2422.110.17~1/RELEASE_X86_64,x86_64,1406332854.000000,16.149902,16.500488,16.706543,19327352832,6729728,0,0,1073741824,900202496,956,0,0,1,traditional_with_pset_runqueue,0,2965.98,3006.58,273,0.986497
32768,0,64,32768,0,64,6291456,24,64,0,0,64,0,0,0,8,Intel(R) Xeon(R) CPU           X5472  @ 3.00GHz,3000000000,Darwin,buzz.local,13.3.0,Darwin Kernel Version 13.3.0: Tue Jun  3 21:27:35 PDT 2014; root:xnu-2422.110.17~1/RELEASE_X86_64,x86_64,1406332854.000000,16.149902,16.500488,16.706543,19327352832,6729728,0,0,1073741824,900202496,956,0,0,1,traditional_with_pset_runqueue,0,2403.1,3012.01,478,0.79784
32768,0,64,32768,0,64,6291456,24,64,0,0,64,0,0,0,8,Intel(R) Xeon(R) CPU           X5472  @ 3.00GHz,3000000000,Darwin,buzz.local,13.3.0,Darwin Kernel Version 13.3.0: Tue Jun  3 21:27:35 PDT 2014; root:xnu-2422.110.17~1/RELEASE_X86_64,x86_64,1406332854.000000,16.149902,16.500488,16.706543,19327352832,6729728,0,0,1073741824,900202496,956,0,0,1,traditional_with_pset_runqueue,0,2756.54,3011.17,427,0.915437
32768,0,64,32768,0,64,6291456,24,64,0,0,64,0,0,0,8,Intel(R) Xeon(R) CPU           X5472  @ 3.00GHz,3000000000,Darwin,buzz.local,13.3.0,Darwin Kernel Version 13.3.0: Tue Jun  3 21:27:35 PDT 2014; root:xnu-2422.110.17~1/RELEASE_X86_64,x86_64,1406332854.000000,16.149902,16.500488,16.706543,19327352832,6729728,0,0,1073741824,900202496,956,0,0,1,traditional_with_pset_runqueue,0,55.4229,55.5299,0,0.998072
32768,0,64,32768,0,64,6291456,24,64,0,0,64,0,0,0,8,Intel(R) Xeon(R) CPU           X5472  @ 3.00GHz,3000000000,Darwin,buzz.local,13.3.0,Darwin Kernel Version 13.3.0: Tue Jun  3 21:27:35 PDT 2014; root:xnu-2422.110.17~1/RELEASE_X86_64,x86_64,1406332854.000000,16.149902,16.500488,16.706543,19327352832,6729728,0,0,1073741824,900202496,956,0,0,1,traditional_with_pset_runqueue,0,55.7205,55.6258,0,1.0017
32768,0,64,32768,0,64,6291456,24,64,0,0,64,0,0,0,8,Intel(R) Xeon(R) CPU           X5472  @ 3.00GHz,3000000000,Darwin,buzz.local,13.3.0,Darwin Kernel Version 13.3.0: Tue Jun  3 21:27:35 PDT 2014; root:xnu-2422.110.17~1/RELEASE_X86_64,x86_64,1406332854.000000,16.149902,16.500488,16.706543,19327352832,6729728,0,0,1073741824,900202496,956,0,0,1,traditional_with_pset_runqueue,0,59.8397,59.8922,0,0.999123
32768,0,64,32768,0,64,6291456,24,64,0,0,64,0,0,0,8,Intel(R) Xeon(R) CPU           X5472  @ 3.00GHz,3000000000,Darwin,buzz.local,13.3.0,Darwin Kernel Version 13.3.0: Tue Jun  3 21:27:35 PDT 2014; root:xnu-2422.110.17~1/RELEASE_X86_64,x86_64,1406332854.000000,16.149902,16.500488,16.706543,19327352832,6729728,0,0,1073741824,900202496,956,0,0,1,traditional_with_pset_runqueue,0,56.8511,56.6884,0,1.00287
32768,0,64,32768,0,64,6291456,24,64,0,0,64,0,0,0,8,Intel(R) Xeon(R) CPU           X5472  @ 3.00GHz,3000000000,Darwin,buzz.local,13.3.0,Darwin Kernel Version 13.3.0: Tue Jun  3 21:27:35 PDT 2014; root:xnu-2422.110.17~1/RELEASE_X86_64,x86_64,1406332854.000000,15.846191,15.933105,16.310059,19327352832,7733248,0,0,1073741824,900202496,944,0,0,1,traditional_with_pset_runqueue,0,2537.57,2941.14,470,0.862783
32768,0,64,32768,0,64,6291456,24,64,0,0,64,0,0,0,8,Intel(R) Xeon(R) CPU           X5472  @ 3.00GHz,3000000000,Darwin,buzz.local,13.3.0,Darwin Kernel Version 13.3.0: Tue Jun  3 21:27:35 PDT 2014; root:xnu-2422.110.17~1/RELEASE_X86_64,x86_64,1406332854.000000,15.846191,15.933105,16.310059,19327352832,7733248,0,0,1073741824,900202496,944,0,0,1,traditional_with_pset_runqueue,0,2595.18,2924.88,466,0.887277
32768,0,64,32768,0,64,6291456,24,64,0,0,64,0,0,0,8,Intel(R) Xeon(R) CPU           X5472  @ 3.00GHz,3000000000,Darwin,buzz.local,13.3.0,Darwin Kernel Version 13.3.0: Tue Jun  3 21:27:35 PDT 2014; root:xnu-2422.110.17~1/RELEASE_X86_64,x86_64,1406332854.000000,15.846191,15.933105,16.310059,19327352832,7733248,0,0,1073741824,900202496,944,0,0,1,traditional_with_pset_runqueue,0,2923.9,2926.35,316,0.99916
32768,0,64,32768,0,64,6291456,24,64,0,0,64,0,0,0,8,Intel(R) Xeon(R) CPU           X5472  @ 3.00GHz,3000000000,Darwin,buzz.local,13.3.0,Darwin Kernel Version 13.3.0: Tue Jun  3 21:27:35 PDT 2014; root:xnu-2422.110.17~1/RELEASE_X86_64,x86_64,1406332854.000000,15.846191,15.933105,16.310059,19327352832,7733248,0,0,1073741824,900202496,944,0,0,1,traditional_with_pset_runqueue,0,2908.18,2911.2,312,0.998959
32768,0,64,32768,0,64,6291456,24,64,0,0,64,0,0,0,8,Intel(R) Xeon(R) CPU           X5472  @ 3.00GHz,3000000000,Darwin,buzz.local,13.3.0,Darwin Kernel Version 13.3.0: Tue Jun  3 21:27:35 PDT 2014; root:xnu-2422.110.17~1/RELEASE_X86_64,x86_64,1406332854.000000,15.846191,15.933105,16.310059,19327352832,7733248,0,0,1073741824,900202496,944,0,0,1,traditional_with_pset_runqueue,0,54.1436,54.2887,0,0.997328
32768,0,64,32768,0,64,6291456,24,64,0,0,64,0,0,0,8,Intel(R) Xeon(R) CPU           X5472  @ 3.00GHz,3000000000,Darwin,buzz.local,13.3.0,Darwin Kernel Version 13.3.0: Tue Jun  3 21:27:35 PDT 2014; root:xnu-2422.110.17~1/RELEASE_X86_64,x86_64,1406332854.000000,15.846191,15.933105,16.310059,19327352832,7733248,0,0,1073741824,900202496,944,0,0,1,traditional_with_pset_runqueue,0,53.7605,53.6531,0,1.002
32768,0,64,32768,0,64,6291456,24,64,0,0,64,0,0,0,8,Intel(R) Xeon(R) CPU           X5472  @ 3.00GHz,3000000000,Darwin,buzz.local,13.3.0,Darwin Kernel Version 13.3.0: Tue Jun  3 21:27:35 PDT 2014; root:xnu-2422.110.17~1/RELEASE_X86_64,x86_64,1406332854.000000,15.846191,15.933105,16.310059,19327352832,7733248,0,0,1073741824,900202496,944,0,0,1,traditional_with_pset_runqueue,0,58.5337,57.8749,0,1.01138
32768,0,64,32768,0,64,6291456,24,64,0,0,64,0,0,0,8,Intel(R) Xeon(R) CPU           X5472  @ 3.00GHz,3000000000,Darwin,buzz.local,13.3.0,Darwin Kernel Version 13.3.0: Tue Jun  3 21:27:35 PDT 2014; root:xnu-2422.110.17~1/RELEASE_X86_64,x86_64,1406332854.000000,15.846191,15.933105,16.310059,19327352832,7733248,0,0,1073741824,900202496,944,0,0,1,traditional_with_pset_runqueue,0,55.5317,55.2845,0,1.00447
