32768,0,64,32768,0,64,6291456,24,64,0,0,64,0,0,0,8,0,0,0,0,0,0,0,0,0,0,0,0,0,0,0,0,0,1,0,0,3000000000,0,1,buzz.local,13.3.0,Darwin Kernel Version 13.3.0: Tue Jun  3 21:27:35 PDT 2014; root:xnu-2422.110.17~1/RELEASE_X86_64,0,0,0,0,1406332854.000000,17.747070,15.446289,10.347168,19327352832,8925184,0,0,1073741824,900202496,916,0,0,1,0,0,0,0.00769363928372218269,0.0126762192542263307,500,1.6476232881162029,0,0,0,0,1,0,0,0,0,0,0,0,0,0
32768,0,64,32768,0,64,6291456,24,64,0,0,64,0,0,0,8,0,0,0,0,0,0,0,0,0,0,0,0,0,0,0,0,0,1,0,0,3000000000,0,1,buzz.local,13.3.0,Darwin Kernel Version 13.3.0: Tue Jun  3 21:27:35 PDT 2014; root:xnu-2422.110.17~1/RELEASE_X86_64,0,0,0,0,1406332854.000000,17.747070,15.446289,10.347168,19327352832,8925184,0,0,1073741824,900202496,916,0,0,1,0,0,0,0.00769363928372218269,0.0126815442316410869,452,1.64831541536812938,0,0,0,0,1,0,0,0,0,0,0,0,0,0
32768,0,64,32768,0,64,6291456,24,64,0,0,64,0,0,0,8,0,0,0,0,0,0,0,0,0,0,0,0,0,0,0,0,0,1,0,0,3000000000,0,1,buzz.local,13.3.0,Darwin Kernel Version 13.3.0: Tue Jun  3 21:27:35 PDT 2014; root:xnu-2422.110.17~1/RELEASE_X86_64,0,0,0,0,1406332854.000000,17.747070,15.446289,10.347168,19327352832,8925184,0,0,1073741824,900202496,916,0,0,1,0,0,0,0.00769363928372218269,0.0126708786779205187,320,1.64692913335941423,0,0,0,0,1,0,0,0,0,0,0,0,0,0
32768,0,64,32768,0,64,6291456,24,64,0,0,64,0,0,0,8,0,0,0,0,0,0,0,0,0,0,0,0,0,0,0,0,0,1,0,0,3000000000,0,1,buzz.local,13.3.0,Darwin Kernel Version 13.3.0: Tue Jun  3 21:27:35 PDT 2014; root:xnu-2422.110.17~1/RELEASE_X86_64,0,0,0,0,1406332854.000000,17.747070,15.446289,10.347168,19327352832,8925184,0,0,1073741824,900202496,916,0,0,1,0,0,0,0.00769363928372218269,0.0126868736847280172,340,1.64900812435673586,0,0,0,0,1,0,0,0,0,0,0,0,0,0
32768,0,64,32768,0,64,6291456,24,64,0,0,64,0,0,0,8,0,0,0,0,0,0,0,0,0,0,0,0,0,0,0,0,0,1,0,0,3000000000,0,1,buzz.local,13.3.0,Darwin Kernel Version 13.3.0: Tue Jun  3 21:27:35 PDT 2014; root:xnu-2422.110.17~1/RELEASE_X86_64,0,0,0,0,1406332854.000000,17.747070,15.446289,10.347168,19327352832,8925184,0,0,1073741824,900202496,916,0,0,1,0,0,0,0.854458027953594385,8.40863440624004759e-06,0,9.8408981262409305e-06,0,0,0,0,1,0,0,0,0,0,0,0,0,0
32768,0,64,32768,0,64,6291456,24,64,0,0,64,0,0,0,8,0,0,0,0,0,0,0,0,0,0,0,0,0,0,0,0,0,1,0,0,3000000000,0,1,buzz.local,13.3.0,Darwin Kernel Version 13.3.0: Tue Jun  3 21:27:35 PDT 2014; root:xnu-2422.110.17~1/RELEASE_X86_64,0,0,0,0,1406332854.000000,17.747070,15.446289,10.347168,19327352832,8925184,0,0,1073741824,900202496,916,0,0,1,0,0,0,1.04486111183670911,8.40863440624004759e-06,0,8.04760968800813115e-06,0,0,0,0,1,0,0,0,0,0,0,0,0,0
32768,0,64,32768,0,64,6291456,24,64,0,0,64,0,0,0,8,0,0,0,0,0,0,0,0,0,0,0,0,0,0,0,0,0,1,0,0,3000000000,0,1,buzz.local,13.3.0,Darwin Kernel Version 13.3.0: Tue Jun  3 21:27:35 PDT 2014; root:xnu-2422.110.17~1/RELEASE_X86_64,0,0,0,0,1406332854.000000,17.747070,15.446289,10.347168,19327352832,8925184,0,0,1073741824,900202496,916,0,0,1,0,0,0,0.91253677238024951,8.40863440624004759e-06,0,9.21457048169913275e-06,0,0,0,0,1,0,0,0,0,0,0,0,0,0
32768,0,64,32768,0,64,6291456,24,64,0,0,64,0,0,0,8,0,0,0,0,0,0,0,0,0,0,0,0,0,0,0,0,0,1,0,0,3000000000,0,1,buzz.local,13.3.0,Darwin Kernel Version 13.3.0: Tue Jun  3 21:27:35 PDT 2014; root:xnu-2422.110.17~1/RELEASE_X86_64,0,0,0,0,1406332854.000000,17.747070,15.446289,10.347168,19327352832,8925184,0,0,1073741824,900202496,916,0,0,1,0,0,0,1.05258864441055694,8.40863440624004759e-06,0,7.98852852051128701e-06,0,0,0,0,1,0,0,0,0,0,0,0,0,0
32768,0,64,32768,0,64,6291456,24,64,0,0,64,0,0,0,8,0,0,0,0,0,0,0,0,0,0,0,0,0,0,0,0,0,1,0,0,3000000000,0,1,buzz.local,13.3.0,Darwin Kernel Version 13.3.0: Tue Jun  3 21:27:35 PDT 2014; root:xnu-2422.110.17~1/RELEASE_X86_64,0,0,0,0,1406332854.000000,16.708984,16.671387,13.406250,19327352832,8695808,0,0,1073741824,900202496,932,0,0,1,0,0,0,0.00769363928372218269,0.0126762192542263307,376,1.6476232881162029,0,0,0,0,1,0,0,0,0,0,0,0,0,0
32768,0,64,32768,0,64,6291456,24,64,0,0,64,0,0,0,8,0,0,0,0,0,0,0,0,0,0,0,0,0,0,0,0,0,1,0,0,3000000000,0,1,buzz.local,13.3.0,Darwin Kernel Version 13.3.0: Tue Jun  3 21:27:35 PDT 2014; root:xnu-2422.110.17~1/RELEASE_X86_64,0,0,0,0,1406332854.000000,16.708984,16.671387,13.406250,19327352832,8695808,0,0,1073741824,900202496,932,0,0,1,0,0,0,0.00769363928372218269,0.0126815442316410869,447,1.64831541536812938,0,0,0,0,1,0,0,0,0,0,0,0,0,0
32768,0,64,32768,0,64,6291456,24,64,0,0,64,0,0,0,8,0,0,0,0,0,0,0,0,0,0,0,0,0,0,0,0,0,1,0,0,3000000000,0,1,buzz.local,13.3.0,Darwin Kernel Version 13.3.0: Tue Jun  3 21:27:35 PDT 2014; root:xnu-2422.110.17~1/RELEASE_X86_64,0,0,0,0,1406332854.000000,16.708984,16.671387,13.406250,19327352832,8695808,0,0,1073741824,900202496,932,0,0,1,0,0,0,0.00769363928372218269,0.0126708786779205187,469,1.64692913335941423,0,0,0,0,1,0,0,0,0,0,0,0,0,0
32768,0,64,32768,0,64,6291456,24,64,0,0,64,0,0,0,8,0,0,0,0,0,0,0,0,0,0,0,0,0,0,0,0,0,1,0,0,3000000000,0,1,buzz.local,13.3.0,Darwin Kernel Version 13.3.0: Tue Jun  3 21:27:35 PDT 2014; root:xnu-2422.110.17~1/RELEASE_X86_64,0,0,0,0,1406332854.000000,16.708984,16.671387,13.406250,19327352832,8695808,0,0,1073741824,900202496,932,0,0,1,0,0,0,0.00769363928372218269,0.0126868736847280172,462,1.64900812435673586,0,0,0,0,1,0,0,0,0,0,0,0,0,0
32768,0,64,32768,0,64,6291456,24,64,0,0,64,0,0,0,8,0,0,0,0,0,0,0,0,0,0,0,0,0,0,0,0,0,1,0,0,3000000000,0,1,buzz.local,13.3.0,Darwin Kernel Version 13.3.0: Tue Jun  3 21:27:35 PDT 2014; root:xnu-2422.110.17~1/RELEASE_X86_64,0,0,0,0,1406332854.000000,16.708984,16.671387,13.406250,19327352832,8695808,0,0,1073741824,900202496,932,0,0,1,0,0,0,0.854458027953594385,8.40863440624004759e-06,0,9.8408981262409305e-06,0,0,0,0,1,0,0,0,0,0,0,0,0,0
32768,0,64,32768,0,64,6291456,24,64,0,0,64,0,0,0,8,0,0,0,0,0,0,0,0,0,0,0,0,0,0,0,0,0,1,0,0,3000000000,0,1,buzz.local,13.3.0,Darwin Kernel Version 13.3.0: Tue Jun  3 21:27:35 PDT 2014; root:xnu-2422.110.17~1/RELEASE_X86_64,0,0,0,0,1406332854.000000,16.708984,16.671387,13.406250,19327352832,8695808,0,0,1073741824,900202496,932,0,0,1,0,0,0,1.04486111183670911,8.40863440624004759e-06,0,8.04760968800813115e-06,0,0,0,0,1,0,0,0,0,0,0,0,0,0
32768,0,64,32768,0,64,6291456,24,64,0,0,64,0,0,0,8,0,0,0,0,0,0,0,0,0,0,0,0,0,0,0,0,0,1,0,0,3000000000,0,1,buzz.local,13.3.0,Darwin Kernel Version 13.3.0: Tue Jun  3 21:27:35 PDT 2014; root:xnu-2422.110.17~1/RELEASE_X86_64,0,0,0,0,1406332854.000000,16.708984,16.671387,13.406250,19327352832,8695808,0,0,1073741824,900202496,932,0,0,1,0,0,0,0.91253677238024951,8.40863440624004759e-06,0,9.21457048169913275e-06,0,0,0,0,1,0,0,0,0,0,0,0,0,0
32768,0,64,32768,0,64,6291456,24,64,0,0,64,0,0,0,8,0,0,0,0,0,0,0,0,0,0,0,0,0,0,0,0,0,1,0,0,3000000000,0,1,buzz.local,13.3.0,Darwin Kernel Version 13.3.0: Tue Jun  3 21:27:35 PDT 2014; root:xnu-2422.110.17~1/RELEASE_X86_64,0,0,0,0,1406332854.000000,16.708984,16.671387,13.406250,19327352832,8695808,0,0,1073741824,900202496,932,0,0,1,0,0,0,1.05258864441055694,8.40863440624004759e-06,0,7.98852852051128701e-06,0,0,0,0,1,0,0,0,0,0,0,0,0,0
32768,0,64,32768,0,64,6291456,24,64,0,0,64,0,0,0,8,0,0,0,0,0,0,0,0,0,0,0,0,0,0,0,0,0,1,0,0,3000000000,0,1,buzz.local,13.3.0,Darwin Kernel Version 13.3.0: Tue Jun  3 21:27:35 PDT 2014; root:xnu-2422.110.17~1/RELEASE_X86_64,0,0,0,0,1406332854.000000,16.806641,16.645020,14.866699,19327352832,7057408,0,0,1073741824,900202496,916,0,0,1,0,0,0,0.00769363928372218269,0.0126762192542263307,487,1.6476232881162029,0,0,0,0,1,0,0,0,0,0,0,0,0,0
32768,0,64,32768,0,64,6291456,24,64,0,0,64,0,0,0,8,0,0,0,0,0,0,0,0,0,0,0,0,0,0,0,0,0,1,0,0,3000000000,0,1,buzz.local,13.3.0,Darwin Kernel Version 13.3.0: Tue Jun  3 21:27:35 PDT 2014; root:xnu-2422.110.17~1/RELEASE_X86_64,0,0,0,0,1406332854.000000,16.806641,16.645020,14.866699,19327352832,7057408,0,0,1073741824,900202496,916,0,0,1,0,0,0,0.00769363928372218269,0.0126815442316410869,402,1.64831541536812938,0,0,0,0,1,0,0,0,0,0,0,0,0,0
32768,0,64,32768,0,64,6291456,24,64,0,0,64,0,0,0,8,0,0,0,0,0,0,0,0,0,0,0,0,0,0,0,0,0,1,0,0,3000000000,0,1,buzz.local,13.3.0,Darwin Kernel Version 13.3.0: Tue Jun  3 21:27:35 PDT 2014; root:xnu-2422.110.17~1/RELEASE_X86_64,0,0,0,0,1406332854.000000,16.806641,16.645020,14.866699,19327352832,7057408,0,0,1073741824,900202496,916,0,0,1,0,0,0,0.00769363928372218269,0.0126708786779205187,471,1.64692913335941423,0,0,0,0,1,0,0,0,0,0,0,0,0,0
32768,0,64,32768,0,64,6291456,24,64,0,0,64,0,0,0,8,0,0,0,0,0,0,0,0,0,0,0,0,0,0,0,0,0,1,0,0,3000000000,0,1,buzz.local,13.3.0,Darwin Kernel Version 13.3.0: Tue Jun  3 21:27:35 PDT 2014; root:xnu-2422.110.17~1/RELEASE_X86_64,0,0,0,0,1406332854.000000,16.806641,16.645020,14.866699,19327352832,7057408,0,0,1073741824,900202496,916,0,0,1,0,0,0,0.00769363928372218269,0.0126868736847280172,466,1.64900812435673586,0,0,0,0,1,0,0,0,0,0,0,0,0,0
32768,0,64,32768,0,64,6291456,24,64,0,0,64,0,0,0,8,0,0,0,0,0,0,0,0,0,0,0,0,0,0,0,0,0,1,0,0,3000000000,0,1,buzz.local,13.3.0,Darwin Kernel Version 13.3.0: Tue Jun  3 21:27:35 PDT 2014; root:xnu-2422.110.17~1/RELEASE_X86_64,0,0,0,0,1406332854.000000,16.806641,16.645020,14.866699,19327352832,7057408,0,0,1073741824,900202496,916,0,0,1,0,0,0,0.854458027953594385,8.40863440624004759e-06,0,9.8408981262409305e-06,0,0,0,0,1,0,0,0,0,0,0,0,0,0
32768,0,64,32768,0,64,6291456,24,64,0,0,64,0,0,0,8,0,0,0,0,0,0,0,0,0,0,0,0,0,0,0,0,0,1,0,0,3000000000,0,1,buzz.local,13.3.0,Darwin Kernel Version 13.3.0: Tue Jun  3 21:27:35 PDT 2014; root:xnu-2422.110.17~1/RELEASE_X86_64,0,0,0,0,1406332854.000000,16.806641,16.645020,14.866699,19327352832,7057408,0,0,1073741824,900202496,916,0,0,1,0,0,0,1.04486111183670911,8.40863440624004759e-06,0,8.04760968800813115e-06,0,0,0,0,1,0,0,0,0,0,0,0,0,0
32768,0,64,32768,0,64,6291456,24,64,0,0,64,0,0,0,8,0,0,0,0,0,0,0,0,0,0,0,0,0,0,0,0,0,1,0,0,3000000000,0,1,buzz.local,13.3.0,Darwin Kernel Version 13.3.0: Tue Jun  3 21:27:35 PDT 2014; root:xnu-2422.110.17~1/RELEASE_X86_64,0,0,0,0,1406332854.000000,16.806641,16.645020,14.866699,19327352832,7057408,0,0,1073741824,900202496,916,0,0,1,0,0,0,0.91253677238024951,8.40863440624004759e-06,0,9.21457048169913275e-06,0,0,0,0,1,0,0,0,0,0,0,0,0,0
32768,0,64,32768,0,64,6291456,24,64,0,0,64,0,0,0,8,0,0,0,0,0,0,0,0,0,0,0,0,0,0,0,0,0,1,0,0,3000000000,0,1,buzz.local,13.3.0,Darwin Kernel Version 13.3.0: Tue Jun  3 21:27:35 PDT 2014; root:xnu-2422.110.17~1/RELEASE_X86_64,0,0,0,0,1406332854.000000,16.806641,16.645020,14.866699,19327352832,7057408,0,0,1073741824,900202496,916,0,0,1,0,0,0,1.05258864441055694,8.40863440624004759e-06,0,7.98852852051128701e-06,0,0,0,0,1,0,0,0,0,0,0,0,0,0
32768,0,64,32768,0,64,6291456,24,64,0,0,64,0,0,0,8,0,0,0,0,0,0,0,0,0,0,0,0,0,0,0,0,0,1,0,0,3000000000,0,1,buzz.local,13.3.0,Darwin Kernel Version 13.3.0: Tue Jun  3 21:27:35 PDT 2014; root:xnu-2422.110.17~1/RELEASE_X86_64,0,0,0,0,1406332854.000000,16.802734,16.800293,15.775391,19327352832,7520256,0,0,1073741824,900202496,920,0,0,1,0,0,0,0.00769363928372218269,0.0126762192542263307,474,1.6476232881162029,0,0,0,0,1,0,0,0,0,0,0,0,0,0
32768,0,64,32768,0,64,6291456,24,64,0,0,64,0,0,0,8,0,0,0,0,0,0,0,0,0,0,0,0,0,0,0,0,0,1,0,0,3000000000,0,1,buzz.local,13.3.0,Darwin Kernel Version 13.3.0: Tue Jun  3 21:27:35 PDT 2014; root:xnu-2422.110.17~1/RELEASE_X86_64,0,0,0,0,1406332854.000000,16.802734,16.800293,15.775391,19327352832,7520256,0,0,1073741824,900202496,920,0,0,1,0,0,0,0.00769363928372218269,0.0126815442316410869,440,1.64831541536812938,0,0,0,0,1,0,0,0,0,0,0,0,0,0
32768,0,64,32768,0,64,6291456,24,64,0,0,64,0,0,0,8,0,0,0,0,0,0,0,0,0,0,0,0,0,0,0,0,0,1,0,0,3000000000,0,1,buzz.local,13.3.0,Darwin Kernel Version 13.3.0: Tue Jun  3 21:27:35 PDT 2014; root:xnu-2422.110.17~1/RELEASE_X86_64,0,0,0,0,1406332854.000000,16.802734,16.800293,15.775391,19327352832,7520256,0,0,1073741824,900202496,920,0,0,1,0,0,0,0.00769363928372218269,0.0126708786779205187,488,1.64692913335941423,0,0,0,0,1,0,0,0,0,0,0,0,0,0
32768,0,64,32768,0,64,6291456,24,64,0,0,64,0,0,0,8,0,0,0,0,0,0,0,0,0,0,0,0,0,0,0,0,0,1,0,0,3000000000,0,1,buzz.local,13.3.0,Darwin Kernel Version 13.3.0: Tue Jun  3 21:27:35 PDT 2014; root:xnu-2422.110.17~1/RELEASE_X86_64,0,0,0,0,1406332854.000000,16.802734,16.800293,15.775391,19327352832,7520256,0,0,1073741824,900202496,920,0,0,1,0,0,0,0.00769363928372218269,0.0126868736847280172,461,1.64900812435673586,0,0,0,0,1,0,0,0,0,0,0,0,0,0
32768,0,64,32768,0,64,6291456,24,64,0,0,64,0,0,0,8,0,0,0,0,0,0,0,0,0,0,0,0,0,0,0,0,0,1,0,0,3000000000,0,1,buzz.local,13.3.0,Darwin Kernel Version 13.3.0: Tue Jun  3 21:27:35 PDT 2014; root:xnu-2422.110.17~1/RELEASE_X86_64,0,0,0,0,1406332854.000000,16.802734,16.800293,15.775391,19327352832,7520256,0,0,1073741824,900202496,920,0,0,1,0,0,0,0.854458027953594385,8.40863440624004759e-06,0,9.8408981262409305e-06,0,0,0,0,1,0,0,0,0,0,0,0,0,0
32768,0,64,32768,0,64,6291456,24,64,0,0,64,0,0,0,8,0,0,0,0,0,0,0,0,0,0,0,0,0,0,0,0,0,1,0,0,3000000000,0,1,buzz.local,13.3.0,Darwin Kernel Version 13.3.0: Tue Jun  3 21:27:35 PDT 2014; root:xnu-2422.110.17~1/RELEASE_X86_64,0,0,0,0,1406332854.000000,16.802734,16.800293,15.775391,19327352832,7520256,0,0,1073741824,900202496,920,0,0,1,0,0,0,1.04486111183670911,8.40863440624004759e-06,0,8.04760968800813115e-06,0,0,0,0,1,0,0,0,0,0,0,0,0,0
32768,0,64,32768,0,64,6291456,24,64,0,0,64,0,0,0,8,0,0,0,0,0,0,0,0,0,0,0,0,0,0,0,0,0,1,0,0,3000000000,0,1,buzz.local,13.3.0,Darwin Kernel Version 13.3.0: Tue Jun  3 21:27:35 PDT 2014; root:xnu-2422.110.17~1/RELEASE_X86_64,0,0,0,0,1406332854.000000,16.802734,16.800293,15.775391,19327352832,7520256,0,0,1073741824,900202496,920,0,0,1,0,0,0,0.91253677238024951,8.40863440624004759e-06,0,9.21457048169913275e-06,0,0,0,0,1,0,0,0,0,0,0,0,0,0
32768,0,64,32768,0,64,6291456,24,64,0,0,64,0,0,0,8,0,0,0,0,0,0,0,0,0,0,0,0,0,0,0,0,0,1,0,0,3000000000,0,1,buzz.local,13.3.0,Darwin Kernel Version 13.3.0: Tue Jun  3 21:27:35 PDT 2014; root:xnu-2422.110.17~1/RELEASE_X86_64,0,0,0,0,1406332854.000000,16.802734,16.800293,15.775391,19327352832,7520256,0,0,1073741824,900202496,920,0,0,1,0,0,0,1.05258864441055694,8.40863440624004759e-06,0,7.98852852051128701e-06,0,0,0,0,1,0,0,0,0,0,0,0,0,0
32768,0,64,32768,0,64,6291456,24,64,0,0,64,0,0,0,8,0,0,0,0,0,0,0,0,0,0,0,0,0,0,0,0,0,1,0,0,3000000000,0,1,buzz.local,13.3.0,Darwin Kernel Version 13.3.0: Tue Jun  3 21:27:35 PDT 2014; root:xnu-2422.110.17~1/RELEASE_X86_64,0,0,0,0,1406332854.000000,17.078613,16.904785,16.314941,19327352832,8228864,0,0,1073741824,900202496,920,0,0,1,0,0,0,0.00769363928372218269,0.0126762192542263307,461,1.6476232881162029,0,0,0,0,1,0,0,0,0,0,0,0,0,0
32768,0,64,32768,0,64,6291456,24,64,0,0,64,0,0,0,8,0,0,0,0,0,0,0,0,0,0,0,0,0,0,0,0,0,1,0,0,3000000000,0,1,buzz.local,13.3.0,Darwin Kernel Version 13.3.0: Tue Jun  3 21:27:35 PDT 2014; root:xnu-2422.110.17~1/RELEASE_X86_64,0,0,0,0,1406332854.000000,17.078613,16.904785,16.314941,19327352832,8228864,0,0,1073741824,900202496,920,0,0,1,0,0,0,0.00769363928372218269,0.0126815442316410869,465,1.64831541536812938,0,0,0,0,1,0,0,0,0,0,0,0,0,0
32768,0,64,32768,0,64,6291456,24,64,0,0,64,0,0,0,8,0,0,0,0,0,0,0,0,0,0,0,0,0,0,0,0,0,1,0,0,3000000000,0,1,buzz.local,13.3.0,Darwin Kernel Version 13.3.0: Tue Jun  3 21:27:35 PDT 2014; root:xnu-2422.110.17~1/RELEASE_X86_64,0,0,0,0,1406332854.000000,17.078613,16.904785,16.314941,19327352832,8228864,0,0,1073741824,900202496,920,0,0,1,0,0,0,0.00769363928372218269,0.0126708786779205187,463,1.64692913335941423,0,0,0,0,1,0,0,0,0,0,0,0,0,0
32768,0,64,32768,0,64,6291456,24,64,0,0,64,0,0,0,8,0,0,0,0,0,0,0,0,0,0,0,0,0,0,0,0,0,1,0,0,3000000000,0,1,buzz.local,13.3.0,Darwin Kernel Version 13.3.0: Tue Jun  3 21:27:35 PDT 2014; root:xnu-2422.110.17~1/RELEASE_X86_64,0,0,0,0,1406332854.000000,17.078613,16.904785,16.314941,19327352832,8228864,0,0,1073741824,900202496,920,0,0,1,0,0,0,0.00769363928372218269,0.0126868736847280172,436,1.64900812435673586,0,0,0,0,1,0,0,0,0,0,0,0,0,0
32768,0,64,32768,0,64,6291456,24,64,0,0,64,0,0,0,8,0,0,0,0,0,0,0,0,0,0,0,0,0,0,0,0,0,1,0,0,3000000000,0,1,buzz.local,13.3.0,Darwin Kernel Version 13.3.0: Tue Jun  3 21:27:35 PDT 2014; root:xnu-2422.110.17~1/RELEASE_X86_64,0,0,0,0,1406332854.000000,17.078613,16.904785,16.314941,19327352832,8228864,0,0,1073741824,900202496,920,0,0,1,0,0,0,0.854458027953594385,8.40863440624004759e-06,0,9.8408981262409305e-06,0,0,0,0,1,0,0,0,0,0,0,0,0,0
32768,0,64,32768,0,64,6291456,24,64,0,0,64,0,0,0,8,0,0,0,0,0,0,0,0,0,0,0,0,0,0,0,0,0,1,0,0,3000000000,0,1,buzz.local,13.3.0,Darwin Kernel Version 13.3.0: Tue Jun  3 21:27:35 PDT 2014; root:xnu-2422.110.17~1/RELEASE_X86_64,0,0,0,0,1406332854.000000,17.078613,16.904785,16.314941,19327352832,8228864,0,0,1073741824,900202496,920,0,0,1,0,0,0,1.04486111183670911,8.40863440624004759e-06,0,8.04760968800813115e-06,0,0,0,0,1,0,0,0,0,0,0,0,0,0
32768,0,64,32768,0,64,6291456,24,64,0,0,64,0,0,0,8,0,0,0,0,0,0,0,0,0,0,0,0,0,0,0,0,0,1,0,0,3000000000,0,1,buzz.local,13.3.0,Darwin Kernel Version 13.3.0: Tue Jun  3 21:27:35 PDT 2014; root:xnu-2422.110.17~1/RELEASE_X86_64,0,0,0,0,1406332854.000000,17.078613,16.904785,16.314941,19327352832,8228864,0,0,1073741824,900202496,920,0,0,1,0,0,0,0.91253677238024951,8.40863440624004759e-06,0,9.21457048169913275e-06,0,0,0,0,1,0,0,0,0,0,0,0,0,0
32768,0,64,32768,0,64,6291456,24,64,0,0,64,0,0,0,8,0,0,0,0,0,0,0,0,0,0,0,0,0,0,0,0,0,1,0,0,3000000000,0,1,buzz.local,13.3.0,Darwin Kernel Version 13.3.0: Tue Jun  3 21:27:35 PDT 2014; root:xnu-2422.110.17~1/RELEASE_X86_64,0,0,0,0,1406332854.000000,17.078613,16.904785,16.314941,19327352832,8228864,0,0,1073741824,900202496,920,0,0,1,0,0,0,1.05258864441055694,8.40863440624004759e-06,0,7.98852852051128701e-06,0,0,0,0,1,0,0,0,0,0,0,0,0,0
32768,0,64,32768,0,64,6291456,24,64,0,0,64,0,0,0,8,0,0,0,0,0,0,0,0,0,0,0,0,0,0,0,0,0,1,0,0,3000000000,0,1,buzz.local,13.3.0,Darwin Kernel Version 13.3.0: Tue Jun  3 21:27:35 PDT 2014; root:xnu-2422.110.17~1/RELEASE_X86_64,0,0,0,0,1406332854.000000,16.705078,16.812500,16.556641,19327352832,8224768,0,0,1073741824,900202496,916,0,0,1,0,0,0,0.00769363928372218269,0.0126762192542263307,481,1.6476232881162029,0,0,0,0,1,0,0,0,0,0,0,0,0,0
32768,0,64,32768,0,64,6291456,24,64,0,0,64,0,0,0,8,0,0,0,0,0,0,0,0,0,0,0,0,0,0,0,0,0,1,0,0,3000000000,0,1,buzz.local,13.3.0,Darwin Kernel Version 13.3.0: Tue Jun  3 21:27:35 PDT 2014; root:xnu-2422.110.17~1/RELEASE_X86_64,0,0,0,0,1406332854.000000,16.705078,16.812500,16.556641,19327352832,8224768,0,0,1073741824,900202496,916,0,0,1,0,0,0,0.00769363928372218269,0.0126815442316410869,454,1.64831541536812938,0,0,0,0,1,0,0,0,0,0,0,0,0,0
32768,0,64,32768,0,64,6291456,24,64,0,0,64,0,0,0,8,0,0,0,0,0,0,0,0,0,0,0,0,0,0,0,0,0,1,0,0,3000000000,0,1,buzz.local,13.3.0,Darwin Kernel Version 13.3.0: Tue Jun  3 21:27:35 PDT 2014; root:xnu-2422.110.17~1/RELEASE_X86_64,0,0,0,0,1406332854.000000,16.705078,16.812500,16.556641,19327352832,8224768,0,0,1073741824,900202496,916,0,0,1,0,0,0,0.00769363928372218269,0.0126708786779205187,446,1.64692913335941423,0,0,0,0,1,0,0,0,0,0,0,0,0,0
32768,0,64,32768,0,64,6291456,24,64,0,0,64,0,0,0,8,0,0,0,0,0,0,0,0,0,0,0,0,0,0,0,0,0,1,0,0,3000000000,0,1,buzz.local,13.3.0,Darwin Kernel Version 13.3.0: Tue Jun  3 21:27:35 PDT 2014; root:xnu-2422.110.17~1/RELEASE_X86_64,0,0,0,0,1406332854.000000,16.705078,16.812500,16.556641,19327352832,8224768,0,0,1073741824,900202496,916,0,0,1,0,0,0,0.00769363928372218269,0.0126868736847280172,472,1.64900812435673586,0,0,0,0,1,0,0,0,0,0,0,0,0,0
32768,0,64,32768,0,64,6291456,24,64,0,0,64,0,0,0,8,0,0,0,0,0,0,0,0,0,0,0,0,0,0,0,0,0,1,0,0,3000000000,0,1,buzz.local,13.3.0,Darwin Kernel Version 13.3.0: Tue Jun  3 21:27:35 PDT 2014; root:xnu-2422.110.17~1/RELEASE_X86_64,0,0,0,0,1406332854.000000,16.705078,16.812500,16.556641,19327352832,8224768,0,0,1073741824,900202496,916,0,0,1,0,0,0,0.854458027953594385,8.40863440624004759e-06,0,9.8408981262409305e-06,0,0,0,0,1,0,0,0,0,0,0,0,0,0
32768,0,64,32768,0,64,6291456,24,64,0,0,64,0,0,0,8,0,0,0,0,0,0,0,0,0,0,0,0,0,0,0,0,0,1,0,0,3000000000,0,1,buzz.local,13.3.0,Darwin Kernel Version 13.3.0: Tue Jun  3 21:27:35 PDT 2014; root:xnu-2422.110.17~1/RELEASE_X86_64,0,0,0,0,1406332854.000000,16.705078,16.812500,16.556641,19327352832,8224768,0,0,1073741824,900202496,916,0,0,1,0,0,0,1.04486111183670911,8.40863440624004759e-06,0,8.04760968800813115e-06,0,0,0,0,1,0,0,0,0,0,0,0,0,0
32768,0,64,32768,0,64,6291456,24,64,0,0,64,0,0,0,8,0,0,0,0,0,0,0,0,0,0,0,0,0,0,0,0,0,1,0,0,3000000000,0,1,buzz.local,13.3.0,Darwin Kernel Version 13.3.0: Tue Jun  3 21:27:35 PDT 2014; root:xnu-2422.110.17~1/RELEASE_X86_64,0,0,0,0,1406332854.000000,16.705078,16.812500,16.556641,19327352832,8224768,0,0,1073741824,900202496,916,0,0,1,0,0,0,0.91253677238024951,8.40863440624004759e-06,0,9.21457048169913275e-06,0,0,0,0,1,0,0,0,0,0,0,0,0,0
32768,0,64,32768,0,64,6291456,24,64,0,0,64,0,0,0,8,0,0,0,0,0,0,0,0,0,0,0,0,0,0,0,0,0,1,0,0,3000000000,0,1,buzz.local,13.3.0,Darwin Kernel Version 13.3.0: Tue Jun  3 21:27:35 PDT 2014; root:xnu-2422.110.17~1/RELEASE_X86_64,0,0,0,0,1406332854.000000,16.705078,16.812500,16.556641,19327352832,8224768,0,0,1073741824,900202496,916,0,0,1,0,0,0,1.05258864441055694,8.40863440624004759e-06,0,7.98852852051128701e-06,0,0,0,0,1,0,0,0,0,0,0,0,0,0
32768,0,64,32768,0,64,6291456,24,64,0,0,64,0,0,0,8,0,0,0,0,0,0,0,0,0,0,0,0,0,0,0,0,0,1,0,0,3000000000,0,1,buzz.local,13.3.0,Darwin Kernel Version 13.3.0: Tue Jun  3 21:27:35 PDT 2014; root:xnu-2422.110.17~1/RELEASE_X86_64,0,0,0,0,1406332854.000000,17.412109,16.949707,16.720703,19327352832,7258112,0,0,1073741824,900202496,952,0,0,1,0,0,0,0.00769363928372218269,0.0126762192542263307,473,1.6476232881162029,0,0,0,0,1,0,0,0,0,0,0,0,0,0
32768,0,64,32768,0,64,6291456,24,64,0,0,64,0,0,0,8,0,0,0,0,0,0,0,0,0,0,0,0,0,0,0,0,0,1,0,0,3000000000,0,1,buzz.local,13.3.0,Darwin Kernel Version 13.3.0: Tue Jun  3 21:27:35 PDT 2014; root:xnu-2422.110.17~1/RELEASE_X86_64,0,0,0,0,1406332854.000000,17.412109,16.949707,16.720703,19327352832,7258112,0,0,1073741824,900202496,952,0,0,1,0,0,0,0.00769363928372218269,0.0126815442316410869,471,1.64831541536812938,0,0,0,0,1,0,0,0,0,0,0,0,0,0
32768,0,64,32768,0,64,6291456,24,64,0,0,64,0,0,0,8,0,0,0,0,0,0,0,0,0,0,0,0,0,0,0,0,0,1,0,0,3000000000,0,1,buzz.local,13.3.0,Darwin Kernel Version 13.3.0: Tue Jun  3 21:27:35 PDT 2014; root:xnu-2422.110.17~1/RELEASE_X86_64,0,0,0,0,1406332854.000000,17.412109,16.949707,16.720703,19327352832,7258112,0,0,1073741824,900202496,952,0,0,1,0,0,0,0.00769363928372218269,0.0126708786779205187,475,1.64692913335941423,0,0,0,0,1,0,0,0,0,0,0,0,0,0
32768,0,64,32768,0,64,6291456,24,64,0,0,64,0,0,0,8,0,0,0,0,0,0,0,0,0,0,0,0,0,0,0,0,0,1,0,0,3000000000,0,1,buzz.local,13.3.0,Darwin Kernel Version 13.3.0: Tue Jun  3 21:27:35 PDT 2014; root:xnu-2422.110.17~1/RELEASE_X86_64,0,0,0,0,1406332854.000000,17.412109,16.949707,16.720703,19327352832,7258112,0,0,1073741824,900202496,952,0,0,1,0,0,0,0.00769363928372218269,0.0126868736847280172,363,1.64900812435673586,0,0,0,0,1,0,0,0,0,0,0,0,0,0
32768,0,64,32768,0,64,6291456,24,64,0,0,64,0,0,0,8,0,0,0,0,0,0,0,0,0,0,0,0,0,0,0,0,0,1,0,0,3000000000,0,1,buzz.local,13.3.0,Darwin Kernel Version 13.3.0: Tue Jun  3 21:27:35 PDT 2014; root:xnu-2422.110.17~1/RELEASE_X86_64,0,0,0,0,1406332854.000000,17.412109,16.949707,16.720703,19327352832,7258112,0,0,1073741824,900202496,952,0,0,1,0,0,0,0.854458027953594385,8.40863440624004759e-06,0,9.8408981262409305e-06,0,0,0,0,1,0,0,0,0,0,0,0,0,0
32768,0,64,32768,0,64,6291456,24,64,0,0,64,0,0,0,8,0,0,0,0,0,0,0,0,0,0,0,0,0,0,0,0,0,1,0,0,3000000000,0,1,buzz.local,13.3.0,Darwin Kernel Version 13.3.0: Tue Jun  3 21:27:35 PDT 2014; root:xnu-2422.110.17~1/RELEASE_X86_64,0,0,0,0,1406332854.000000,17.412109,16.949707,16.720703,19327352832,7258112,0,0,1073741824,900202496,952,0,0,1,0,0,0,1.04486111183670911,8.40863440624004759e-06,0,8.04760968800813115e-06,0,0,0,0,1,0,0,0,0,0,0,0,0,0
32768,0,64,32768,0,64,6291456,24,64,0,0,64,0,0,0,8,0,0,0,0,0,0,0,0,0,0,0,0,0,0,0,0,0,1,0,0,3000000000,0,1,buzz.local,13.3.0,Darwin Kernel Version 13.3.0: Tue Jun  3 21:27:35 PDT 2014; root:xnu-2422.110.17~1/RELEASE_X86_64,0,0,0,0,1406332854.000000,17.412109,16.949707,16.720703,19327352832,7258112,0,0,1073741824,900202496,952,0,0,1,0,0,0,0.91253677238024951,8.40863440624004759e-06,0,9.21457048169913275e-06,0,0,0,0,1,0,0,0,0,0,0,0,0,0
32768,0,64,32768,0,64,6291456,24,64,0,0,64,0,0,0,8,0,0,0,0,0,0,0,0,0,0,0,0,0,0,0,0,0,1,0,0,3000000000,0,1,buzz.local,13.3.0,Darwin Kernel Version 13.3.0: Tue Jun  3 21:27:35 PDT 2014; root:xnu-2422.110.17~1/RELEASE_X86_64,0,0,0,0,1406332854.000000,17.412109,16.949707,16.720703,19327352832,7258112,0,0,1073741824,900202496,952,0,0,1,0,0,0,1.05258864441055694,8.40863440624004759e-06,0,7.98852852051128701e-06,0,0,0,0,1,0,0,0,0,0,0,0,0,0
32768,0,64,32768,0,64,6291456,24,64,0,0,64,0,0,0,8,0,0,0,0,0,0,0,0,0,0,0,0,0,0,0,0,0,1,0,0,3000000000,0,1,buzz.local,13.3.0,Darwin Kernel Version 13.3.0: Tue Jun  3 21:27:35 PDT 2014; root:xnu-2422.110.17~1/RELEASE_X86_64,0,0,0,0,1406332854.000000,17.844727,17.063477,16.781250,19327352832,12800000,0,0,1073741824,900202496,956,0,0,1,0,0,0,0.00769363928372218269,0.0126762192542263307,430,1.6476232881162029,0,0,0,0,1,0,0,0,0,0,0,0,0,0
32768,0,64,32768,0,64,6291456,24,64,0,0,64,0,0,0,8,0,0,0,0,0,0,0,0,0,0,0,0,0,0,0,0,0,1,0,0,3000000000,0,1,buzz.local,13.3.0,Darwin Kernel Version 13.3.0: Tue Jun  3 21:27:35 PDT 2014; root:xnu-2422.110.17~1/RELEASE_X86_64,0,0,0,0,1406332854.000000,17.844727,17.063477,16.781250,19327352832,12800000,0,0,1073741824,900202496,956,0,0,1,0,0,0,0.00769363928372218269,0.0126815442316410869,423,1.64831541536812938,0,0,0,0,1,0,0,0,0,0,0,0,0,0
32768,0,64,32768,0,64,6291456,24,64,0,0,64,0,0,0,8,0,0,0,0,0,0,0,0,0,0,0,0,0,0,0,0,0,1,0,0,3000000000,0,1,buzz.local,13.3.0,Darwin Kernel Version 13.3.0: Tue Jun  3 21:27:35 PDT 2014; root:xnu-2422.110.17~1/RELEASE_X86_64,0,0,0,0,1406332854.000000,17.844727,17.063477,16.781250,19327352832,12800000,0,0,1073741824,900202496,956,0,0,1,0,0,0,0.00769363928372218269,0.0126708786779205187,469,1.64692913335941423,0,0,0,0,1,0,0,0,0,0,0,0,0,0
32768,0,64,32768,0,64,6291456,24,64,0,0,64,0,0,0,8,0,0,0,0,0,0,0,0,0,0,0,0,0,0,0,0,0,1,0,0,3000000000,0,1,buzz.local,13.3.0,Darwin Kernel Version 13.3.0: Tue Jun  3 21:27:35 PDT 2014; root:xnu-2422.110.17~1/RELEASE_X86_64,0,0,0,0,1406332854.000000,17.844727,17.063477,16.781250,19327352832,12800000,0,0,1073741824,900202496,956,0,0,1,0,0,0,0.00769363928372218269,0.0126868736847280172,461,1.64900812435673586,0,0,0,0,1,0,0,0,0,0,0,0,0,0
32768,0,64,32768,0,64,6291456,24,64,0,0,64,0,0,0,8,0,0,0,0,0,0,0,0,0,0,0,0,0,0,0,0,0,1,0,0,3000000000,0,1,buzz.local,13.3.0,Darwin Kernel Version 13.3.0: Tue Jun  3 21:27:35 PDT 2014; root:xnu-2422.110.17~1/RELEASE_X86_64,0,0,0,0,1406332854.000000,17.844727,17.063477,16.781250,19327352832,12800000,0,0,1073741824,900202496,956,0,0,1,0,0,0,0.854458027953594385,8.40863440624004759e-06,0,9.8408981262409305e-06,0,0,0,0,1,0,0,0,0,0,0,0,0,0
32768,0,64,32768,0,64,6291456,24,64,0,0,64,0,0,0,8,0,0,0,0,0,0,0,0,0,0,0,0,0,0,0,0,0,1,0,0,3000000000,0,1,buzz.local,13.3.0,Darwin Kernel Version 13.3.0: Tue Jun  3 21:27:35 PDT 2014; root:xnu-2422.110.17~1/RELEASE_X86_64,0,0,0,0,1406332854.000000,17.844727,17.063477,16.781250,19327352832,12800000,0,0,1073741824,900202496,956,0,0,1,0,0,0,1.04486111183670911,8.40863440624004759e-06,0,8.04760968800813115e-06,0,0,0,0,1,0,0,0,0,0,0,0,0,0
32768,0,64,32768,0,64,6291456,24,64,0,0,64,0,0,0,8,0,0,0,0,0,0,0,0,0,0,0,0,0,0,0,0,0,1,0,0,3000000000,0,1,buzz.local,13.3.0,Darwin Kernel Version 13.3.0: Tue Jun  3 21:27:35 PDT 2014; root:xnu-2422.110.17~1/RELEASE_X86_64,0,0,0,0,1406332854.000000,17.844727,17.063477,16.781250,19327352832,12800000,0,0,1073741824,900202496,956,0,0,1,0,0,0,0.91253677238024951,8.40863440624004759e-06,0,9.21457048169913275e-06,0,0,0,0,1,0,0,0,0,0,0,0,0,0
32768,0,64,32768,0,64,6291456,24,64,0,0,64,0,0,0,8,0,0,0,0,0,0,0,0,0,0,0,0,0,0,0,0,0,1,0,0,3000000000,0,1,buzz.local,13.3.0,Darwin Kernel Version 13.3.0: Tue Jun  3 21:27:35 PDT 2014; root:xnu-2422.110.17~1/RELEASE_X86_64,0,0,0,0,1406332854.000000,17.844727,17.063477,16.781250,19327352832,12800000,0,0,1073741824,900202496,956,0,0,1,0,0,0,1.05258864441055694,8.40863440624004759e-06,0,7.98852852051128701e-06,0,0,0,0,1,0,0,0,0,0,0,0,0,0
32768,0,64,32768,0,64,6291456,24,64,0,0,64,0,0,0,8,0,0,0,0,0,0,0,0,0,0,0,0,0,0,0,0,0,1,0,0,3000000000,0,1,buzz.local,13.3.0,Darwin Kernel Version 13.3.0: Tue Jun  3 21:27:35 PDT 2014; root:xnu-2422.110.17~1/RELEASE_X86_64,0,0,0,0,1406332854.000000,17.637207,17.633301,17.222656,19327352832,7696384,0,0,1073741824,900202496,940,0,0,1,0,0,0,0.00769363928372218269,0.0126762192542263307,396,1.6476232881162029,0,0,0,0,1,0,0,0,0,0,0,0,0,0
32768,0,64,32768,0,64,6291456,24,64,0,0,64,0,0,0,8,0,0,0,0,0,0,0,0,0,0,0,0,0,0,0,0,0,1,0,0,3000000000,0,1,buzz.local,13.3.0,Darwin Kernel Version 13.3.0: Tue Jun  3 21:27:35 PDT 2014; root:xnu-2422.110.17~1/RELEASE_X86_64,0,0,0,0,1406332854.000000,17.637207,17.633301,17.222656,19327352832,7696384,0,0,1073741824,900202496,940,0,0,1,0,0,0,0.00769363928372218269,0.0126815442316410869,369,1.64831541536812938,0,0,0,0,1,0,0,0,0,0,0,0,0,0
32768,0,64,32768,0,64,6291456,24,64,0,0,64,0,0,0,8,0,0,0,0,0,0,0,0,0,0,0,0,0,0,0,0,0,1,0,0,3000000000,0,1,buzz.local,13.3.0,Darwin Kernel Version 13.3.0: Tue Jun  3 21:27:35 PDT 2014; root:xnu-2422.110.17~1/RELEASE_X86_64,0,0,0,0,1406332854.000000,17.637207,17.633301,17.222656,19327352832,7696384,0,0,1073741824,900202496,940,0,0,1,0,0,0,0.00769363928372218269,0.0126708786779205187,479,1.64692913335941423,0,0,0,0,1,0,0,0,0,0,0,0,0,0
32768,0,64,32768,0,64,6291456,24,64,0,0,64,0,0,0,8,0,0,0,0,0,0,0,0,0,0,0,0,0,0,0,0,0,1,0,0,3000000000,0,1,buzz.local,13.3.0,Darwin Kernel Version 13.3.0: Tue Jun  3 21:27:35 PDT 2014; root:xnu-2422.110.17~1/RELEASE_X86_64,0,0,0,0,1406332854.000000,17.637207,17.633301,17.222656,19327352832,7696384,0,0,1073741824,900202496,940,0,0,1,0,0,0,0.00769363928372218269,0.0126868736847280172,363,1.64900812435673586,0,0,0,0,1,0,0,0,0,0,0,0,0,0
32768,0,64,32768,0,64,6291456,24,64,0,0,64,0,0,0,8,0,0,0,0,0,0,0,0,0,0,0,0,0,0,0,0,0,1,0,0,3000000000,0,1,buzz.local,13.3.0,Darwin Kernel Version 13.3.0: Tue Jun  3 21:27:35 PDT 2014; root:xnu-2422.110.17~1/RELEASE_X86_64,0,0,0,0,1406332854.000000,17.637207,17.633301,17.222656,19327352832,7696384,0,0,1073741824,900202496,940,0,0,1,0,0,0,0.854458027953594385,8.40863440624004759e-06,0,9.8408981262409305e-06,0,0,0,0,1,0,0,0,0,0,0,0,0,0
32768,0,64,32768,0,64,6291456,24,64,0,0,64,0,0,0,8,0,0,0,0,0,0,0,0,0,0,0,0,0,0,0,0,0,1,0,0,3000000000,0,1,buzz.local,13.3.0,Darwin Kernel Version 13.3.0: Tue Jun  3 21:27:35 PDT 2014; root:xnu-2422.110.17~1/RELEASE_X86_64,0,0,0,0,1406332854.000000,17.637207,17.633301,17.222656,19327352832,7696384,0,0,1073741824,900202496,940,0,0,1,0,0,0,1.04486111183670911,8.40863440624004759e-06,0,8.04760968800813115e-06,0,0,0,0,1,0,0,0,0,0,0,0,0,0
32768,0,64,32768,0,64,6291456,24,64,0,0,64,0,0,0,8,0,0,0,0,0,0,0,0,0,0,0,0,0,0,0,0,0,1,0,0,3000000000,0,1,buzz.local,13.3.0,Darwin Kernel Version 13.3.0: Tue Jun  3 21:27:35 PDT 2014; root:xnu-2422.110.17~1/RELEASE_X86_64,0,0,0,0,1406332854.000000,17.637207,17.633301,17.222656,19327352832,7696384,0,0,1073741824,900202496,940,0,0,1,0,0,0,0.91253677238024951,8.40863440624004759e-06,0,9.21457048169913275e-06,0,0,0,0,1,0,0,0,0,0,0,0,0,0
32768,0,64,32768,0,64,6291456,24,64,0,0,64,0,0,0,8,0,0,0,0,0,0,0,0,0,0,0,0,0,0,0,0,0,1,0,0,3000000000,0,1,buzz.local,13.3.0,Darwin Kernel Version 13.3.0: Tue Jun  3 21:27:35 PDT 2014; root:xnu-2422.110.17~1/RELEASE_X86_64,0,0,0,0,1406332854.000000,17.637207,17.633301,17.222656,19327352832,7696384,0,0,1073741824,900202496,940,0,0,1,0,0,0,1.05258864441055694,8.40863440624004759e-06,0,7.98852852051128701e-06,0,0,0,0,1,0,0,0,0,0,0,0,0,0
32768,0,64,32768,0,64,6291456,24,64,0,0,64,0,0,0,8,0,0,0,0,0,0,0,0,0,0,0,0,0,0,0,0,0,1,0,0,3000000000,0,1,buzz.local,13.3.0,Darwin Kernel Version 13.3.0: Tue Jun  3 21:27:35 PDT 2014; root:xnu-2422.110.17~1/RELEASE_X86_64,0,0,0,0,1406332854.000000,17.383301,17.026855,17.016113,19327352832,8978432,0,0,1073741824,900202496,900,0,0,1,0,0,0,0.00769363928372218269,0.0126762192542263307,354,1.6476232881162029,0,0,0,0,1,0,0,0,0,0,0,0,0,0
32768,0,64,32768,0,64,6291456,24,64,0,0,64,0,0,0,8,0,0,0,0,0,0,0,0,0,0,0,0,0,0,0,0,0,1,0,0,3000000000,0,1,buzz.local,13.3.0,Darwin Kernel Version 13.3.0: Tue Jun  3 21:27:35 PDT 2014; root:xnu-2422.110.17~1/RELEASE_X86_64,0,0,0,0,1406332854.000000,17.383301,17.026855,17.016113,19327352832,8978432,0,0,1073741824,900202496,900,0,0,1,0,0,0,0.00769363928372218269,0.0126815442316410869,453,1.64831541536812938,0,0,0,0,1,0,0,0,0,0,0,0,0,0
32768,0,64,32768,0,64,6291456,24,64,0,0,64,0,0,0,8,0,0,0,0,0,0,0,0,0,0,0,0,0,0,0,0,0,1,0,0,3000000000,0,1,buzz.local,13.3.0,Darwin Kernel Version 13.3.0: Tue Jun  3 21:27:35 PDT 2014; root:xnu-2422.110.17~1/RELEASE_X86_64,0,0,0,0,1406332854.000000,17.383301,17.026855,17.016113,19327352832,8978432,0,0,1073741824,900202496,900,0,0,1,0,0,0,0.00769363928372218269,0.0126708786779205187,487,1.64692913335941423,0,0,0,0,1,0,0,0,0,0,0,0,0,0
32768,0,64,32768,0,64,6291456,24,64,0,0,64,0,0,0,8,0,0,0,0,0,0,0,0,0,0,0,0,0,0,0,0,0,1,0,0,3000000000,0,1,buzz.local,13.3.0,Darwin Kernel Version 13.3.0: Tue Jun  3 21:27:35 PDT 2014; root:xnu-2422.110.17~1/RELEASE_X86_64,0,0,0,0,1406332854.000000,17.383301,17.026855,17.016113,19327352832,8978432,0,0,1073741824,900202496,900,0,0,1,0,0,0,0.00769363928372218269,0.0126868736847280172,456,1.64900812435673586,0,0,0,0,1,0,0,0,0,0,0,0,0,0
32768,0,64,32768,0,64,6291456,24,64,0,0,64,0,0,0,8,0,0,0,0,0,0,0,0,0,0,0,0,0,0,0,0,0,1,0,0,3000000000,0,1,buzz.local,13.3.0,Darwin Kernel Version 13.3.0: Tue Jun  3 21:27:35 PDT 2014; root:xnu-2422.110.17~1/RELEASE_X86_64,0,0,0,0,1406332854.000000,17.383301,17.026855,17.016113,19327352832,8978432,0,0,1073741824,900202496,900,0,0,1,0,0,0,0.854458027953594385,8.40863440624004759e-06,0,9.8408981262409305e-06,0,0,0,0,1,0,0,0,0,0,0,0,0,0
32768,0,64,32768,0,64,6291456,24,64,0,0,64,0,0,0,8,0,0,0,0,0,0,0,0,0,0,0,0,0,0,0,0,0,1,0,0,3000000000,0,1,buzz.local,13.3.0,Darwin Kernel Version 13.3.0: Tue Jun  3 21:27:35 PDT 2014; root:xnu-2422.110.17~1/RELEASE_X86_64,0,0,0,0,1406332854.000000,17.383301,17.026855,17.016113,19327352832,8978432,0,0,1073741824,900202496,900,0,0,1,0,0,0,1.04486111183670911,8.40863440624004759e-06,0,8.04760968800813115e-06,0,0,0,0,1,0,0,0,0,0,0,0,0,0
32768,0,64,32768,0,64,6291456,24,64,0,0,64,0,0,0,8,0,0,0,0,0,0,0,0,0,0,0,0,0,0,0,0,0,1,0,0,3000000000,0,1,buzz.local,13.3.0,Darwin Kernel Version 13.3.0: Tue Jun  3 21:27:35 PDT 2014; root:xnu-2422.110.17~1/RELEASE_X86_64,0,0,0,0,1406332854.000000,17.383301,17.026855,17.016113,19327352832,8978432,0,0,1073741824,900202496,900,0,0,1,0,0,0,0.91253677238024951,8.40863440624004759e-06,0,9.21457048169913275e-06,0,0,0,0,1,0,0,0,0,0,0,0,0,0
32768,0,64,32768,0,64,6291456,24,64,0,0,64,0,0,0,8,0,0,0,0,0,0,0,0,0,0,0,0,0,0,0,0,0,1,0,0,3000000000,0,1,buzz.local,13.3.0,Darwin Kernel Version 13.3.0: Tue Jun  3 21:27:35 PDT 2014; root:xnu-2422.110.17~1/RELEASE_X86_64,0,0,0,0,1406332854.000000,17.383301,17.026855,17.016113,19327352832,8978432,0,0,1073741824,900202496,900,0,0,1,0,0,0,1.05258864441055694,8.40863440624004759e-06,0,7.98852852051128701e-06,0,0,0,0,1,0,0,0,0,0,0,0,0,0
32768,0,64,32768,0,64,6291456,24,64,0,0,64,0,0,0,8,0,0,0,0,0,0,0,0,0,0,0,0,0,0,0,0,0,1,0,0,3000000000,0,1,buzz.local,13.3.0,Darwin Kernel Version 13.3.0: Tue Jun  3 21:27:35 PDT 2014; root:xnu-2422.110.17~1/RELEASE_X86_64,0,0,0,0,1406332854.000000,17.800293,17.229980,17.062500,19327352832,8450048,0,0,1073741824,900202496,916,0,0,1,0,0,0,0.00769363928372218269,0.0126762192542263307,383,1.6476232881162029,0,0,0,0,1,0,0,0,0,0,0,0,0,0
32768,0,64,32768,0,64,6291456,24,64,0,0,64,0,0,0,8,0,0,0,0,0,0,0,0,0,0,0,0,0,0,0,0,0,1,0,0,3000000000,0,1,buzz.local,13.3.0,Darwin Kernel Version 13.3.0: Tue Jun  3 21:27:35 PDT 2014; root:xnu-2422.110.17~1/RELEASE_X86_64,0,0,0,0,1406332854.000000,17.800293,17.229980,17.062500,19327352832,8450048,0,0,1073741824,900202496,916,0,0,1,0,0,0,0.00769363928372218269,0.0126815442316410869,481,1.64831541536812938,0,0,0,0,1,0,0,0,0,0,0,0,0,0
32768,0,64,32768,0,64,6291456,24,64,0,0,64,0,0,0,8,0,0,0,0,0,0,0,0,0,0,0,0,0,0,0,0,0,1,0,0,3000000000,0,1,buzz.local,13.3.0,Darwin Kernel Version 13.3.0: Tue Jun  3 21:27:35 PDT 2014; root:xnu-2422.110.17~1/RELEASE_X86_64,0,0,0,0,1406332854.000000,17.800293,17.229980,17.062500,19327352832,8450048,0,0,1073741824,900202496,916,0,0,1,0,0,0,0.00769363928372218269,0.0126708786779205187,457,1.64692913335941423,0,0,0,0,1,0,0,0,0,0,0,0,0,0
32768,0,64,32768,0,64,6291456,24,64,0,0,64,0,0,0,8,0,0,0,0,0,0,0,0,0,0,0,0,0,0,0,0,0,1,0,0,3000000000,0,1,buzz.local,13.3.0,Darwin Kernel Version 13.3.0: Tue Jun  3 21:27:35 PDT 2014; root:xnu-2422.110.17~1/RELEASE_X86_64,0,0,0,0,1406332854.000000,17.800293,17.229980,17.062500,19327352832,8450048,0,0,1073741824,900202496,916,0,0,1,0,0,0,0.00769363928372218269,0.0126868736847280172,396,1.64900812435673586,0,0,0,0,1,0,0,0,0,0,0,0,0,0
32768,0,64,32768,0,64,6291456,24,64,0,0,64,0,0,0,8,0,0,0,0,0,0,0,0,0,0,0,0,0,0,0,0,0,1,0,0,3000000000,0,1,buzz.local,13.3.0,Darwin Kernel Version 13.3.0: Tue Jun  3 21:27:35 PDT 2014; root:xnu-2422.110.17~1/RELEASE_X86_64,0,0,0,0,1406332854.000000,17.800293,17.229980,17.062500,19327352832,8450048,0,0,1073741824,900202496,916,0,0,1,0,0,0,0.854458027953594385,8.40863440624004759e-06,0,9.8408981262409305e-06,0,0,0,0,1,0,0,0,0,0,0,0,0,0
32768,0,64,32768,0,64,6291456,24,64,0,0,64,0,0,0,8,0,0,0,0,0,0,0,0,0,0,0,0,0,0,0,0,0,1,0,0,3000000000,0,1,buzz.local,13.3.0,Darwin Kernel Version 13.3.0: Tue Jun  3 21:27:35 PDT 2014; root:xnu-2422.110.17~1/RELEASE_X86_64,0,0,0,0,1406332854.000000,17.800293,17.229980,17.062500,19327352832,8450048,0,0,1073741824,900202496,916,0,0,1,0,0,0,1.04486111183670911,8.40863440624004759e-06,0,8.04760968800813115e-06,0,0,0,0,1,0,0,0,0,0,0,0,0,0
32768,0,64,32768,0,64,6291456,24,64,0,0,64,0,0,0,8,0,0,0,0,0,0,0,0,0,0,0,0,0,0,0,0,0,1,0,0,3000000000,0,1,buzz.local,13.3.0,Darwin Kernel Version 13.3.0: Tue Jun  3 21:27:35 PDT 2014; root:xnu-2422.110.17~1/RELEASE_X86_64,0,0,0,0,1406332854.000000,17.800293,17.229980,17.062500,19327352832,8450048,0,0,1073741824,900202496,916,0,0,1,0,0,0,0.91253677238024951,8.40863440624004759e-06,0,9.21457048169913275e-06,0,0,0,0,1,0,0,0,0,0,0,0,0,0
32768,0,64,32768,0,64,6291456,24,64,0,0,64,0,0,0,8,0,0,0,0,0,0,0,0,0,0,0,0,0,0,0,0,0,1,0,0,3000000000,0,1,buzz.local,13.3.0,Darwin Kernel Version 13.3.0: Tue Jun  3 21:27:35 PDT 2014; root:xnu-2422.110.17~1/RELEASE_X86_64,0,0,0,0,1406332854.000000,17.800293,17.229980,17.062500,19327352832,8450048,0,0,1073741824,900202496,916,0,0,1,0,0,0,1.05258864441055694,8.40863440624004759e-06,0,7.98852852051128701e-06,0,0,0,0,1,0,0,0,0,0,0,0,0,0
32768,0,64,32768,0,64,6291456,24,64,0,0,64,0,0,0,8,0,0,0,0,0,0,0,0,0,0,0,0,0,0,0,0,0,1,0,0,3000000000,0,1,buzz.local,13.3.0,Darwin Kernel Version 13.3.0: Tue Jun  3 21:27:35 PDT 2014; root:xnu-2422.110.17~1/RELEASE_X86_64,0,0,0,0,1406332854.000000,17.030762,17.252930,17.154785,19327352832,7987200,0,0,1073741824,900202496,916,0,0,1,0,0,0,0.00769363928372218269,0.0126762192542263307,400,1.6476232881162029,0,0,0,0,1,0,0,0,0,0,0,0,0,0
32768,0,64,32768,0,64,6291456,24,64,0,0,64,0,0,0,8,0,0,0,0,0,0,0,0,0,0,0,0,0,0,0,0,0,1,0,0,3000000000,0,1,buzz.local,13.3.0,Darwin Kernel Version 13.3.0: Tue Jun  3 21:27:35 PDT 2014; root:xnu-2422.110.17~1/RELEASE_X86_64,0,0,0,0,1406332854.000000,17.030762,17.252930,17.154785,19327352832,7987200,0,0,1073741824,900202496,916,0,0,1,0,0,0,0.00769363928372218269,0.0126815442316410869,497,1.64831541536812938,0,0,0,0,1,0,0,0,0,0,0,0,0,0
32768,0,64,32768,0,64,6291456,24,64,0,0,64,0,0,0,8,0,0,0,0,0,0,0,0,0,0,0,0,0,0,0,0,0,1,0,0,3000000000,0,1,buzz.local,13.3.0,Darwin Kernel Version 13.3.0: Tue Jun  3 21:27:35 PDT 2014; root:xnu-2422.110.17~1/RELEASE_X86_64,0,0,0,0,1406332854.000000,17.030762,17.252930,17.154785,19327352832,7987200,0,0,1073741824,900202496,916,0,0,1,0,0,0,0.00769363928372218269,0.0126708786779205187,452,1.64692913335941423,0,0,0,0,1,0,0,0,0,0,0,0,0,0
32768,0,64,32768,0,64,6291456,24,64,0,0,64,0,0,0,8,0,0,0,0,0,0,0,0,0,0,0,0,0,0,0,0,0,1,0,0,3000000000,0,1,buzz.local,13.3.0,Darwin Kernel Version 13.3.0: Tue Jun  3 21:27:35 PDT 2014; root:xnu-2422.110.17~1/RELEASE_X86_64,0,0,0,0,1406332854.000000,17.030762,17.252930,17.154785,19327352832,7987200,0,0,1073741824,900202496,916,0,0,1,0,0,0,0.00769363928372218269,0.0126868736847280172,362,1.64900812435673586,0,0,0,0,1,0,0,0,0,0,0,0,0,0
32768,0,64,32768,0,64,6291456,24,64,0,0,64,0,0,0,8,0,0,0,0,0,0,0,0,0,0,0,0,0,0,0,0,0,1,0,0,3000000000,0,1,buzz.local,13.3.0,Darwin Kernel Version 13.3.0: Tue Jun  3 21:27:35 PDT 2014; root:xnu-2422.110.17~1/RELEASE_X86_64,0,0,0,0,1406332854.000000,17.030762,17.252930,17.154785,19327352832,7987200,0,0,1073741824,900202496,916,0,0,1,0,0,0,0.854458027953594385,8.40863440624004759e-06,0,9.8408981262409305e-06,0,0,0,0,1,0,0,0,0,0,0,0,0,0
32768,0,64,32768,0,64,6291456,24,64,0,0,64,0,0,0,8,0,0,0,0,0,0,0,0,0,0,0,0,0,0,0,0,0,1,0,0,3000000000,0,1,buzz.local,13.3.0,Darwin Kernel Version 13.3.0: Tue Jun  3 21:27:35 PDT 2014; root:xnu-2422.110.17~1/RELEASE_X86_64,0,0,0,0,1406332854.000000,17.030762,17.252930,17.154785,19327352832,7987200,0,0,1073741824,900202496,916,0,0,1,0,0,0,1.04486111183670911,8.40863440624004759e-06,0,8.04760968800813115e-06,0,0,0,0,1,0,0,0,0,0,0,0,0,0
32768,0,64,32768,0,64,6291456,24,64,0,0,64,0,0,0,8,0,0,0,0,0,0,0,0,0,0,0,0,0,0,0,0,0,1,0,0,3000000000,0,1,buzz.local,13.3.0,Darwin Kernel Version 13.3.0: Tue Jun  3 21:27:35 PDT 2014; root:xnu-2422.110.17~1/RELEASE_X86_64,0,0,0,0,1406332854.000000,17.030762,17.252930,17.154785,19327352832,7987200,0,0,1073741824,900202496,916,0,0,1,0,0,0,0.91253677238024951,8.40863440624004759e-06,0,9.21457048169913275e-06,0,0,0,0,1,0,0,0,0,0,0,0,0,0
32768,0,64,32768,0,64,6291456,24,64,0,0,64,0,0,0,8,0,0,0,0,0,0,0,0,0,0,0,0,0,0,0,0,0,1,0,0,3000000000,0,1,buzz.local,13.3.0,Darwin Kernel Version 13.3.0: Tue Jun  3 21:27:35 PDT 2014; root:xnu-2422.110.17~1/RELEASE_X86_64,0,0,0,0,1406332854.000000,17.030762,17.252930,17.154785,19327352832,7987200,0,0,1073741824,900202496,916,0,0,1,0,0,0,1.05258864441055694,8.40863440624004759e-06,0,7.98852852051128701e-06,0,0,0,0,1,0,0,0,0,0,0,0,0,0
32768,0,64,32768,0,64,6291456,24,64,0,0,64,0,0,0,8,0,0,0,0,0,0,0,0,0,0,0,0,0,0,0,0,0,1,0,0,3000000000,0,1,buzz.local,13.3.0,Darwin Kernel Version 13.3.0: Tue Jun  3 21:27:35 PDT 2014; root:xnu-2422.110.17~1/RELEASE_X86_64,0,0,0,0,1406332854.000000,17.144043,17.259766,17.171875,19327352832,10829824,0,0,1073741824,900202496,904,0,0,1,0,0,0,0.00769363928372218269,0.0126762192542263307,376,1.6476232881162029,0,0,0,0,1,0,0,0,0,0,0,0,0,0
32768,0,64,32768,0,64,6291456,24,64,0,0,64,0,0,0,8,0,0,0,0,0,0,0,0,0,0,0,0,0,0,0,0,0,1,0,0,3000000000,0,1,buzz.local,13.3.0,Darwin Kernel Version 13.3.0: Tue Jun  3 21:27:35 PDT 2014; root:xnu-2422.110.17~1/RELEASE_X86_64,0,0,0,0,1406332854.000000,17.144043,17.259766,17.171875,19327352832,10829824,0,0,1073741824,900202496,904,0,0,1,0,0,0,0.00769363928372218269,0.0126815442316410869,351,1.64831541536812938,0,0,0,0,1,0,0,0,0,0,0,0,0,0
32768,0,64,32768,0,64,6291456,24,64,0,0,64,0,0,0,8,0,0,0,0,0,0,0,0,0,0,0,0,0,0,0,0,0,1,0,0,3000000000,0,1,buzz.local,13.3.0,Darwin Kernel Version 13.3.0: Tue Jun  3 21:27:35 PDT 2014; root:xnu-2422.110.17~1/RELEASE_X86_64,0,0,0,0,1406332854.000000,17.144043,17.259766,17.171875,19327352832,10829824,0,0,1073741824,900202496,904,0,0,1,0,0,0,0.00769363928372218269,0.0126708786779205187,331,1.64692913335941423,0,0,0,0,1,0,0,0,0,0,0,0,0,0
32768,0,64,32768,0,64,6291456,24,64,0,0,64,0,0,0,8,0,0,0,0,0,0,0,0,0,0,0,0,0,0,0,0,0,1,0,0,3000000000,0,1,buzz.local,13.3.0,Darwin Kernel Version 13.3.0: Tue Jun  3 21:27:35 PDT 2014; root:xnu-2422.110.17~1/RELEASE_X86_64,0,0,0,0,1406332854.000000,17.144043,17.259766,17.171875,19327352832,10829824,0,0,1073741824,900202496,904,0,0,1,0,0,0,0.00769363928372218269,0.0126868736847280172,488,1.64900812435673586,0,0,0,0,1,0,0,0,0,0,0,0,0,0
32768,0,64,32768,0,64,6291456,24,64,0,0,64,0,0,0,8,0,0,0,0,0,0,0,0,0,0,0,0,0,0,0,0,0,1,0,0,3000000000,0,1,buzz.local,13.3.0,Darwin Kernel Version 13.3.0: Tue Jun  3 21:27:35 PDT 2014; root:xnu-2422.110.17~1/RELEASE_X86_64,0,0,0,0,1406332854.000000,17.144043,17.259766,17.171875,19327352832,10829824,0,0,1073741824,900202496,904,0,0,1,0,0,0,0.854458027953594385,8.40863440624004759e-06,0,9.8408981262409305e-06,0,0,0,0,1,0,0,0,0,0,0,0,0,0
32768,0,64,32768,0,64,6291456,24,64,0,0,64,0,0,0,8,0,0,0,0,0,0,0,0,0,0,0,0,0,0,0,0,0,1,0,0,3000000000,0,1,buzz.local,13.3.0,Darwin Kernel Version 13.3.0: Tue Jun  3 21:27:35 PDT 2014; root:xnu-2422.110.17~1/RELEASE_X86_64,0,0,0,0,1406332854.000000,17.144043,17.259766,17.171875,19327352832,10829824,0,0,1073741824,900202496,904,0,0,1,0,0,0,1.04486111183670911,8.40863440624004759e-06,0,8.04760968800813115e-06,0,0,0,0,1,0,0,0,0,0,0,0,0,0
32768,0,64,32768,0,64,6291456,24,64,0,0,64,0,0,0,8,0,0,0,0,0,0,0,0,0,0,0,0,0,0,0,0,0,1,0,0,3000000000,0,1,buzz.local,13.3.0,Darwin Kernel Version 13.3.0: Tue Jun  3 21:27:35 PDT 2014; root:xnu-2422.110.17~1/RELEASE_X86_64,0,0,0,0,1406332854.000000,17.144043,17.259766,17.171875,19327352832,10829824,0,0,1073741824,900202496,904,0,0,1,0,0,0,0.91253677238024951,8.40863440624004759e-06,0,9.21457048169913275e-06,0,0,0,0,1,0,0,0,0,0,0,0,0,0
32768,0,64,32768,0,64,6291456,24,64,0,0,64,0,0,0,8,0,0,0,0,0,0,0,0,0,0,0,0,0,0,0,0,0,1,0,0,3000000000,0,1,buzz.local,13.3.0,Darwin Kernel Version 13.3.0: Tue Jun  3 21:27:35 PDT 2014; root:xnu-2422.110.17~1/RELEASE_X86_64,0,0,0,0,1406332854.000000,17.144043,17.259766,17.171875,19327352832,10829824,0,0,1073741824,900202496,904,0,0,1,0,0,0,1.05258864441055694,8.40863440624004759e-06,0,7.98852852051128701e-06,0,0,0,0,1,0,0,0,0,0,0,0,0,0
32768,0,64,32768,0,64,6291456,24,64,0,0,64,0,0,0,8,0,0,0,0,0,0,0,0,0,0,0,0,0,0,0,0,0,1,0,0,3000000000,0,1,buzz.local,13.3.0,Darwin Kernel Version 13.3.0: Tue Jun  3 21:27:35 PDT 2014; root:xnu-2422.110.17~1/RELEASE_X86_64,0,0,0,0,1406332854.000000,16.687988,17.103027,17.182617,19327352832,122359808,0,0,1073741824,900202496,904,0,0,1,0,0,0,0.00769363928372218269,0.0126762192542263307,491,1.6476232881162029,0,0,0,0,1,0,0,0,0,0,0,0,0,0
32768,0,64,32768,0,64,6291456,24,64,0,0,64,0,0,0,8,0,0,0,0,0,0,0,0,0,0,0,0,0,0,0,0,0,1,0,0,3000000000,0,1,buzz.local,13.3.0,Darwin Kernel Version 13.3.0: Tue Jun  3 21:27:35 PDT 2014; root:xnu-2422.110.17~1/RELEASE_X86_64,0,0,0,0,1406332854.000000,16.687988,17.103027,17.182617,19327352832,122359808,0,0,1073741824,900202496,904,0,0,1,0,0,0,0.00769363928372218269,0.0126815442316410869,455,1.64831541536812938,0,0,0,0,1,0,0,0,0,0,0,0,0,0
32768,0,64,32768,0,64,6291456,24,64,0,0,64,0,0,0,8,0,0,0,0,0,0,0,0,0,0,0,0,0,0,0,0,0,1,0,0,3000000000,0,1,buzz.local,13.3.0,Darwin Kernel Version 13.3.0: Tue Jun  3 21:27:35 PDT 2014; root:xnu-2422.110.17~1/RELEASE_X86_64,0,0,0,0,1406332854.000000,16.687988,17.103027,17.182617,19327352832,122359808,0,0,1073741824,900202496,904,0,0,1,0,0,0,0.00769363928372218269,0.0126708786779205187,451,1.64692913335941423,0,0,0,0,1,0,0,0,0,0,0,0,0,0
32768,0,64,32768,0,64,6291456,24,64,0,0,64,0,0,0,8,0,0,0,0,0,0,0,0,0,0,0,0,0,0,0,0,0,1,0,0,3000000000,0,1,buzz.local,13.3.0,Darwin Kernel Version 13.3.0: Tue Jun  3 21:27:35 PDT 2014; root:xnu-2422.110.17~1/RELEASE_X86_64,0,0,0,0,1406332854.000000,16.687988,17.103027,17.182617,19327352832,122359808,0,0,1073741824,900202496,904,0,0,1,0,0,0,0.00769363928372218269,0.0126868736847280172,440,1.64900812435673586,0,0,0,0,1,0,0,0,0,0,0,0,0,0
32768,0,64,32768,0,64,6291456,24,64,0,0,64,0,0,0,8,0,0,0,0,0,0,0,0,0,0,0,0,0,0,0,0,0,1,0,0,3000000000,0,1,buzz.local,13.3.0,Darwin Kernel Version 13.3.0: Tue Jun  3 21:27:35 PDT 2014; root:xnu-2422.110.17~1/RELEASE_X86_64,0,0,0,0,1406332854.000000,16.687988,17.103027,17.182617,19327352832,122359808,0,0,1073741824,900202496,904,0,0,1,0,0,0,0.854458027953594385,8.40863440624004759e-06,0,9.8408981262409305e-06,0,0,0,0,1,0,0,0,0,0,0,0,0,0
32768,0,64,32768,0,64,6291456,24,64,0,0,64,0,0,0,8,0,0,0,0,0,0,0,0,0,0,0,0,0,0,0,0,0,1,0,0,3000000000,0,1,buzz.local,13.3.0,Darwin Kernel Version 13.3.0: Tue Jun  3 21:27:35 PDT 2014; root:xnu-2422.110.17~1/RELEASE_X86_64,0,0,0,0,1406332854.000000,16.687988,17.103027,17.182617,19327352832,122359808,0,0,1073741824,900202496,904,0,0,1,0,0,0,1.04486111183670911,8.40863440624004759e-06,0,8.04760968800813115e-06,0,0,0,0,1,0,0,0,0,0,0,0,0,0
32768,0,64,32768,0,64,6291456,24,64,0,0,64,0,0,0,8,0,0,0,0,0,0,0,0,0,0,0,0,0,0,0,0,0,1,0,0,3000000000,0,1,buzz.local,13.3.0,Darwin Kernel Version 13.3.0: Tue Jun  3 21:27:35 PDT 2014; root:xnu-2422.110.17~1/RELEASE_X86_64,0,0,0,0,1406332854.000000,16.687988,17.103027,17.182617,19327352832,122359808,0,0,1073741824,900202496,904,0,0,1,0,0,0,0.91253677238024951,8.40863440624004759e-06,0,9.21457048169913275e-06,0,0,0,0,1,0,0,0,0,0,0,0,0,0
32768,0,64,32768,0,64,6291456,24,64,0,0,64,0,0,0,8,0,0,0,0,0,0,0,0,0,0,0,0,0,0,0,0,0,1,0,0,3000000000,0,1,buzz.local,13.3.0,Darwin Kernel Version 13.3.0: Tue Jun  3 21:27:35 PDT 2014; root:xnu-2422.110.17~1/RELEASE_X86_64,0,0,0,0,1406332854.000000,16.687988,17.103027,17.182617,19327352832,122359808,0,0,1073741824,900202496,904,0,0,1,0,0,0,1.05258864441055694,8.40863440624004759e-06,0,7.98852852051128701e-06,0,0,0,0,1,0,0,0,0,0,0,0,0,0
32768,0,64,32768,0,64,6291456,24,64,0,0,64,0,0,0,8,0,0,0,0,0,0,0,0,0,0,0,0,0,0,0,0,0,1,0,0,3000000000,0,1,buzz.local,13.3.0,Darwin Kernel Version 13.3.0: Tue Jun  3 21:27:35 PDT 2014; root:xnu-2422.110.17~1/RELEASE_X86_64,0,0,0,0,1406332854.000000,17.060059,16.741699,16.887695,19327352832,7507968,0,0,1073741824,900202496,936,0,0,1,0,0,0,0.00769363928372218269,0.0126762192542263307,475,1.6476232881162029,0,0,0,0,1,0,0,0,0,0,0,0,0,0
32768,0,64,32768,0,64,6291456,24,64,0,0,64,0,0,0,8,0,0,0,0,0,0,0,0,0,0,0,0,0,0,0,0,0,1,0,0,3000000000,0,1,buzz.local,13.3.0,Darwin Kernel Version 13.3.0: Tue Jun  3 21:27:35 PDT 2014; root:xnu-2422.110.17~1/RELEASE_X86_64,0,0,0,0,1406332854.000000,17.060059,16.741699,16.887695,19327352832,7507968,0,0,1073741824,900202496,936,0,0,1,0,0,0,0.00769363928372218269,0.0126815442316410869,398,1.64831541536812938,0,0,0,0,1,0,0,0,0,0,0,0,0,0
32768,0,64,32768,0,64,6291456,24,64,0,0,64,0,0,0,8,0,0,0,0,0,0,0,0,0,0,0,0,0,0,0,0,0,1,0,0,3000000000,0,1,buzz.local,13.3.0,Darwin Kernel Version 13.3.0: Tue Jun  3 21:27:35 PDT 2014; root:xnu-2422.110.17~1/RELEASE_X86_64,0,0,0,0,1406332854.000000,17.060059,16.741699,16.887695,19327352832,7507968,0,0,1073741824,900202496,936,0,0,1,0,0,0,0.00769363928372218269,0.0126708786779205187,469,1.64692913335941423,0,0,0,0,1,0,0,0,0,0,0,0,0,0
32768,0,64,32768,0,64,6291456,24,64,0,0,64,0,0,0,8,0,0,0,0,0,0,0,0,0,0,0,0,0,0,0,0,0,1,0,0,3000000000,0,1,buzz.local,13.3.0,Darwin Kernel Version 13.3.0: Tue Jun  3 21:27:35 PDT 2014; root:xnu-2422.110.17~1/RELEASE_X86_64,0,0,0,0,1406332854.000000,17.060059,16.741699,16.887695,19327352832,7507968,0,0,1073741824,900202496,936,0,0,1,0,0,0,0.00769363928372218269,0.0126868736847280172,425,1.64900812435673586,0,0,0,0,1,0,0,0,0,0,0,0,0,0
32768,0,64,32768,0,64,6291456,24,64,0,0,64,0,0,0,8,0,0,0,0,0,0,0,0,0,0,0,0,0,0,0,0,0,1,0,0,3000000000,0,1,buzz.local,13.3.0,Darwin Kernel Version 13.3.0: Tue Jun  3 21:27:35 PDT 2014; root:xnu-2422.110.17~1/RELEASE_X86_64,0,0,0,0,1406332854.000000,17.060059,16.741699,16.887695,19327352832,7507968,0,0,1073741824,900202496,936,0,0,1,0,0,0,0.854458027953594385,8.40863440624004759e-06,0,9.8408981262409305e-06,0,0,0,0,1,0,0,0,0,0,0,0,0,0
32768,0,64,32768,0,64,6291456,24,64,0,0,64,0,0,0,8,0,0,0,0,0,0,0,0,0,0,0,0,0,0,0,0,0,1,0,0,3000000000,0,1,buzz.local,13.3.0,Darwin Kernel Version 13.3.0: Tue Jun  3 21:27:35 PDT 2014; root:xnu-2422.110.17~1/RELEASE_X86_64,0,0,0,0,1406332854.000000,17.060059,16.741699,16.887695,19327352832,7507968,0,0,1073741824,900202496,936,0,0,1,0,0,0,1.04486111183670911,8.40863440624004759e-06,0,8.04760968800813115e-06,0,0,0,0,1,0,0,0,0,0,0,0,0,0
32768,0,64,32768,0,64,6291456,24,64,0,0,64,0,0,0,8,0,0,0,0,0,0,0,0,0,0,0,0,0,0,0,0,0,1,0,0,3000000000,0,1,buzz.local,13.3.0,Darwin Kernel Version 13.3.0: Tue Jun  3 21:27:35 PDT 2014; root:xnu-2422.110.17~1/RELEASE_X86_64,0,0,0,0,1406332854.000000,17.060059,16.741699,16.887695,19327352832,7507968,0,0,1073741824,900202496,936,0,0,1,0,0,0,0.91253677238024951,8.40863440624004759e-06,0,9.21457048169913275e-06,0,0,0,0,1,0,0,0,0,0,0,0,0,0
32768,0,64,32768,0,64,6291456,24,64,0,0,64,0,0,0,8,0,0,0,0,0,0,0,0,0,0,0,0,0,0,0,0,0,1,0,0,3000000000,0,1,buzz.local,13.3.0,Darwin Kernel Version 13.3.0: Tue Jun  3 21:27:35 PDT 2014; root:xnu-2422.110.17~1/RELEASE_X86_64,0,0,0,0,1406332854.000000,17.060059,16.741699,16.887695,19327352832,7507968,0,0,1073741824,900202496,936,0,0,1,0,0,0,1.05258864441055694,8.40863440624004759e-06,0,7.98852852051128701e-06,0,0,0,0,1,0,0,0,0,0,0,0,0,0
32768,0,64,32768,0,64,6291456,24,64,0,0,64,0,0,0,8,0,0,0,0,0,0,0,0,0,0,0,0,0,0,0,0,0,1,0,0,3000000000,0,1,buzz.local,13.3.0,Darwin Kernel Version 13.3.0: Tue Jun  3 21:27:35 PDT 2014; root:xnu-2422.110.17~1/RELEASE_X86_64,0,0,0,0,1406332854.000000,16.812012,16.846191,16.877441,19327352832,7860224,0,0,1073741824,900202496,908,0,0,1,0,0,0,0.00769363928372218269,0.0126762192542263307,498,1.6476232881162029,0,0,0,0,1,0,0,0,0,0,0,0,0,0
32768,0,64,32768,0,64,6291456,24,64,0,0,64,0,0,0,8,0,0,0,0,0,0,0,0,0,0,0,0,0,0,0,0,0,1,0,0,3000000000,0,1,buzz.local,13.3.0,Darwin Kernel Version 13.3.0: Tue Jun  3 21:27:35 PDT 2014; root:xnu-2422.110.17~1/RELEASE_X86_64,0,0,0,0,1406332854.000000,16.812012,16.846191,16.877441,19327352832,7860224,0,0,1073741824,900202496,908,0,0,1,0,0,0,0.00769363928372218269,0.0126815442316410869,391,1.64831541536812938,0,0,0,0,1,0,0,0,0,0,0,0,0,0
32768,0,64,32768,0,64,6291456,24,64,0,0,64,0,0,0,8,0,0,0,0,0,0,0,0,0,0,0,0,0,0,0,0,0,1,0,0,3000000000,0,1,buzz.local,13.3.0,Darwin Kernel Version 13.3.0: Tue Jun  3 21:27:35 PDT 2014; root:xnu-2422.110.17~1/RELEASE_X86_64,0,0,0,0,1406332854.000000,16.812012,16.846191,16.877441,19327352832,7860224,0,0,1073741824,900202496,908,0,0,1,0,0,0,0.00769363928372218269,0.0126708786779205187,239,1.64692913335941423,0,0,0,0,1,0,0,0,0,0,0,0,0,0
32768,0,64,32768,0,64,6291456,24,64,0,0,64,0,0,0,8,0,0,0,0,0,0,0,0,0,0,0,0,0,0,0,0,0,1,0,0,3000000000,0,1,buzz.local,13.3.0,Darwin Kernel Version 13.3.0: Tue Jun  3 21:27:35 PDT 2014; root:xnu-2422.110.17~1/RELEASE_X86_64,0,0,0,0,1406332854.000000,16.812012,16.846191,16.877441,19327352832,7860224,0,0,1073741824,900202496,908,0,0,1,0,0,0,0.00769363928372218269,0.0126868736847280172,378,1.64900812435673586,0,0,0,0,1,0,0,0,0,0,0,0,0,0
32768,0,64,32768,0,64,6291456,24,64,0,0,64,0,0,0,8,0,0,0,0,0,0,0,0,0,0,0,0,0,0,0,0,0,1,0,0,3000000000,0,1,buzz.local,13.3.0,Darwin Kernel Version 13.3.0: Tue Jun  3 21:27:35 PDT 2014; root:xnu-2422.110.17~1/RELEASE_X86_64,0,0,0,0,1406332854.000000,16.812012,16.846191,16.877441,19327352832,7860224,0,0,1073741824,900202496,908,0,0,1,0,0,0,0.854458027953594385,8.40863440624004759e-06,0,9.8408981262409305e-06,0,0,0,0,1,0,0,0,0,0,0,0,0,0
32768,0,64,32768,0,64,6291456,24,64,0,0,64,0,0,0,8,0,0,0,0,0,0,0,0,0,0,0,0,0,0,0,0,0,1,0,0,3000000000,0,1,buzz.local,13.3.0,Darwin Kernel Version 13.3.0: Tue Jun  3 21:27:35 PDT 2014; root:xnu-2422.110.17~1/RELEASE_X86_64,0,0,0,0,1406332854.000000,16.812012,16.846191,16.877441,19327352832,7860224,0,0,1073741824,900202496,908,0,0,1,0,0,0,1.04486111183670911,8.40863440624004759e-06,0,8.04760968800813115e-06,0,0,0,0,1,0,0,0,0,0,0,0,0,0
32768,0,64,32768,0,64,6291456,24,64,0,0,64,0,0,0,8,0,0,0,0,0,0,0,0,0,0,0,0,0,0,0,0,0,1,0,0,3000000000,0,1,buzz.local,13.3.0,Darwin Kernel Version 13.3.0: Tue Jun  3 21:27:35 PDT 2014; root:xnu-2422.110.17~1/RELEASE_X86_64,0,0,0,0,1406332854.000000,16.812012,16.846191,16.877441,19327352832,7860224,0,0,1073741824,900202496,908,0,0,1,0,0,0,0.91253677238024951,8.40863440624004759e-06,0,9.21457048169913275e-06,0,0,0,0,1,0,0,0,0,0,0,0,0,0
32768,0,64,32768,0,64,6291456,24,64,0,0,64,0,0,0,8,0,0,0,0,0,0,0,0,0,0,0,0,0,0,0,0,0,1,0,0,3000000000,0,1,buzz.local,13.3.0,Darwin Kernel Version 13.3.0: Tue Jun  3 21:27:35 PDT 2014; root:xnu-2422.110.17~1/RELEASE_X86_64,0,0,0,0,1406332854.000000,16.812012,16.846191,16.877441,19327352832,7860224,0,0,1073741824,900202496,908,0,0,1,0,0,0,1.05258864441055694,8.40863440624004759e-06,0,7.98852852051128701e-06,0,0,0,0,1,0,0,0,0,0,0,0,0,0
32768,0,64,32768,0,64,6291456,24,64,0,0,64,0,0,0,8,0,0,0,0,0,0,0,0,0,0,0,0,0,0,0,0,0,1,0,0,3000000000,0,1,buzz.local,13.3.0,Darwin Kernel Version 13.3.0: Tue Jun  3 21:27:35 PDT 2014; root:xnu-2422.110.17~1/RELEASE_X86_64,0,0,0,0,1406332854.000000,17.002930,16.932129,16.917480,19327352832,10960896,0,0,1073741824,900202496,928,0,0,1,0,0,0,0.00769363928372218269,0.0126762192542263307,369,1.6476232881162029,0,0,0,0,1,0,0,0,0,0,0,0,0,0
32768,0,64,32768,0,64,6291456,24,64,0,0,64,0,0,0,8,0,0,0,0,0,0,0,0,0,0,0,0,0,0,0,0,0,1,0,0,3000000000,0,1,buzz.local,13.3.0,Darwin Kernel Version 13.3.0: Tue Jun  3 21:27:35 PDT 2014; root:xnu-2422.110.17~1/RELEASE_X86_64,0,0,0,0,1406332854.000000,17.002930,16.932129,16.917480,19327352832,10960896,0,0,1073741824,900202496,928,0,0,1,0,0,0,0.00769363928372218269,0.0126815442316410869,385,1.64831541536812938,0,0,0,0,1,0,0,0,0,0,0,0,0,0
32768,0,64,32768,0,64,6291456,24,64,0,0,64,0,0,0,8,0,0,0,0,0,0,0,0,0,0,0,0,0,0,0,0,0,1,0,0,3000000000,0,1,buzz.local,13.3.0,Darwin Kernel Version 13.3.0: Tue Jun  3 21:27:35 PDT 2014; root:xnu-2422.110.17~1/RELEASE_X86_64,0,0,0,0,1406332854.000000,17.002930,16.932129,16.917480,19327352832,10960896,0,0,1073741824,900202496,928,0,0,1,0,0,0,0.00769363928372218269,0.0126708786779205187,458,1.64692913335941423,0,0,0,0,1,0,0,0,0,0,0,0,0,0
32768,0,64,32768,0,64,6291456,24,64,0,0,64,0,0,0,8,0,0,0,0,0,0,0,0,0,0,0,0,0,0,0,0,0,1,0,0,3000000000,0,1,buzz.local,13.3.0,Darwin Kernel Version 13.3.0: Tue Jun  3 21:27:35 PDT 2014; root:xnu-2422.110.17~1/RELEASE_X86_64,0,0,0,0,1406332854.000000,17.002930,16.932129,16.917480,19327352832,10960896,0,0,1073741824,900202496,928,0,0,1,0,0,0,0.00769363928372218269,0.0126868736847280172,487,1.64900812435673586,0,0,0,0,1,0,0,0,0,0,0,0,0,0
32768,0,64,32768,0,64,6291456,24,64,0,0,64,0,0,0,8,0,0,0,0,0,0,0,0,0,0,0,0,0,0,0,0,0,1,0,0,3000000000,0,1,buzz.local,13.3.0,Darwin Kernel Version 13.3.0: Tue Jun  3 21:27:35 PDT 2014; root:xnu-2422.110.17~1/RELEASE_X86_64,0,0,0,0,1406332854.000000,17.002930,16.932129,16.917480,19327352832,10960896,0,0,1073741824,900202496,928,0,0,1,0,0,0,0.854458027953594385,8.40863440624004759e-06,0,9.8408981262409305e-06,0,0,0,0,1,0,0,0,0,0,0,0,0,0
32768,0,64,32768,0,64,6291456,24,64,0,0,64,0,0,0,8,0,0,0,0,0,0,0,0,0,0,0,0,0,0,0,0,0,1,0,0,3000000000,0,1,buzz.local,13.3.0,Darwin Kernel Version 13.3.0: Tue Jun  3 21:27:35 PDT 2014; root:xnu-2422.110.17~1/RELEASE_X86_64,0,0,0,0,1406332854.000000,17.002930,16.932129,16.917480,19327352832,10960896,0,0,1073741824,900202496,928,0,0,1,0,0,0,1.04486111183670911,8.40863440624004759e-06,0,8.04760968800813115e-06,0,0,0,0,1,0,0,0,0,0,0,0,0,0
32768,0,64,32768,0,64,6291456,24,64,0,0,64,0,0,0,8,0,0,0,0,0,0,0,0,0,0,0,0,0,0,0,0,0,1,0,0,3000000000,0,1,buzz.local,13.3.0,Darwin Kernel Version 13.3.0: Tue Jun  3 21:27:35 PDT 2014; root:xnu-2422.110.17~1/RELEASE_X86_64,0,0,0,0,1406332854.000000,17.002930,16.932129,16.917480,19327352832,10960896,0,0,1073741824,900202496,928,0,0,1,0,0,0,0.91253677238024951,8.40863440624004759e-06,0,9.21457048169913275e-06,0,0,0,0,1,0,0,0,0,0,0,0,0,0
32768,0,64,32768,0,64,6291456,24,64,0,0,64,0,0,0,8,0,0,0,0,0,0,0,0,0,0,0,0,0,0,0,0,0,1,0,0,3000000000,0,1,buzz.local,13.3.0,Darwin Kernel Version 13.3.0: Tue Jun  3 21:27:35 PDT 2014; root:xnu-2422.110.17~1/RELEASE_X86_64,0,0,0,0,1406332854.000000,17.002930,16.932129,16.917480,19327352832,10960896,0,0,1073741824,900202496,928,0,0,1,0,0,0,1.05258864441055694,8.40863440624004759e-06,0,7.98852852051128701e-06,0,0,0,0,1,0,0,0,0,0,0,0,0,0
32768,0,64,32768,0,64,6291456,24,64,0,0,64,0,0,0,8,0,0,0,0,0,0,0,0,0,0,0,0,0,0,0,0,0,1,0,0,3000000000,0,1,buzz.local,13.3.0,Darwin Kernel Version 13.3.0: Tue Jun  3 21:27:35 PDT 2014; root:xnu-2422.110.17~1/RELEASE_X86_64,0,0,0,0,1406332854.000000,16.311523,16.739258,16.842285,19327352832,9482240,0,0,1073741824,900202496,912,0,0,1,0,0,0,0.00769363928372218269,0.0126762192542263307,473,1.6476232881162029,0,0,0,0,1,0,0,0,0,0,0,0,0,0
32768,0,64,32768,0,64,6291456,24,64,0,0,64,0,0,0,8,0,0,0,0,0,0,0,0,0,0,0,0,0,0,0,0,0,1,0,0,3000000000,0,1,buzz.local,13.3.0,Darwin Kernel Version 13.3.0: Tue Jun  3 21:27:35 PDT 2014; root:xnu-2422.110.17~1/RELEASE_X86_64,0,0,0,0,1406332854.000000,16.311523,16.739258,16.842285,19327352832,9482240,0,0,1073741824,900202496,912,0,0,1,0,0,0,0.00769363928372218269,0.0126815442316410869,422,1.64831541536812938,0,0,0,0,1,0,0,0,0,0,0,0,0,0
32768,0,64,32768,0,64,6291456,24,64,0,0,64,0,0,0,8,0,0,0,0,0,0,0,0,0,0,0,0,0,0,0,0,0,1,0,0,3000000000,0,1,buzz.local,13.3.0,Darwin Kernel Version 13.3.0: Tue Jun  3 21:27:35 PDT 2014; root:xnu-2422.110.17~1/RELEASE_X86_64,0,0,0,0,1406332854.000000,16.311523,16.739258,16.842285,19327352832,9482240,0,0,1073741824,900202496,912,0,0,1,0,0,0,0.00769363928372218269,0.0126708786779205187,474,1.64692913335941423,0,0,0,0,1,0,0,0,0,0,0,0,0,0
32768,0,64,32768,0,64,6291456,24,64,0,0,64,0,0,0,8,0,0,0,0,0,0,0,0,0,0,0,0,0,0,0,0,0,1,0,0,3000000000,0,1,buzz.local,13.3.0,Darwin Kernel Version 13.3.0: Tue Jun  3 21:27:35 PDT 2014; root:xnu-2422.110.17~1/RELEASE_X86_64,0,0,0,0,1406332854.000000,16.311523,16.739258,16.842285,19327352832,9482240,0,0,1073741824,900202496,912,0,0,1,0,0,0,0.00769363928372218269,0.0126868736847280172,423,1.64900812435673586,0,0,0,0,1,0,0,0,0,0,0,0,0,0
32768,0,64,32768,0,64,6291456,24,64,0,0,64,0,0,0,8,0,0,0,0,0,0,0,0,0,0,0,0,0,0,0,0,0,1,0,0,3000000000,0,1,buzz.local,13.3.0,Darwin Kernel Version 13.3.0: Tue Jun  3 21:27:35 PDT 2014; root:xnu-2422.110.17~1/RELEASE_X86_64,0,0,0,0,1406332854.000000,16.311523,16.739258,16.842285,19327352832,9482240,0,0,1073741824,900202496,912,0,0,1,0,0,0,0.854458027953594385,8.40863440624004759e-06,0,9.8408981262409305e-06,0,0,0,0,1,0,0,0,0,0,0,0,0,0
32768,0,64,32768,0,64,6291456,24,64,0,0,64,0,0,0,8,0,0,0,0,0,0,0,0,0,0,0,0,0,0,0,0,0,1,0,0,3000000000,0,1,buzz.local,13.3.0,Darwin Kernel Version 13.3.0: Tue Jun  3 21:27:35 PDT 2014; root:xnu-2422.110.17~1/RELEASE_X86_64,0,0,0,0,1406332854.000000,16.311523,16.739258,16.842285,19327352832,9482240,0,0,1073741824,900202496,912,0,0,1,0,0,0,1.04486111183670911,8.40863440624004759e-06,0,8.04760968800813115e-06,0,0,0,0,1,0,0,0,0,0,0,0,0,0
32768,0,64,32768,0,64,6291456,24,64,0,0,64,0,0,0,8,0,0,0,0,0,0,0,0,0,0,0,0,0,0,0,0,0,1,0,0,3000000000,0,1,buzz.local,13.3.0,Darwin Kernel Version 13.3.0: Tue Jun  3 21:27:35 PDT 2014; root:xnu-2422.110.17~1/RELEASE_X86_64,0,0,0,0,1406332854.000000,16.311523,16.739258,16.842285,19327352832,9482240,0,0,1073741824,900202496,912,0,0,1,0,0,0,0.91253677238024951,8.40863440624004759e-06,0,9.21457048169913275e-06,0,0,0,0,1,0,0,0,0,0,0,0,0,0
32768,0,64,32768,0,64,6291456,24,64,0,0,64,0,0,0,8,0,0,0,0,0,0,0,0,0,0,0,0,0,0,0,0,0,1,0,0,3000000000,0,1,buzz.local,13.3.0,Darwin Kernel Version 13.3.0: Tue Jun  3 21:27:35 PDT 2014; root:xnu-2422.110.17~1/RELEASE_X86_64,0,0,0,0,1406332854.000000,16.311523,16.739258,16.842285,19327352832,9482240,0,0,1073741824,900202496,912,0,0,1,0,0,0,1.05258864441055694,8.40863440624004759e-06,0,7.98852852051128701e-06,0,0,0,0,1,0,0,0,0,0,0,0,0,0
32768,0,64,32768,0,64,6291456,24,64,0,0,64,0,0,0,8,0,0,0,0,0,0,0,0,0,0,0,0,0,0,0,0,0,1,0,0,3000000000,0,1,buzz.local,13.3.0,Darwin Kernel Version 13.3.0: Tue Jun  3 21:27:35 PDT 2014; root:xnu-2422.110.17~1/RELEASE_X86_64,0,0,0,0,1406332854.000000,16.149902,16.500488,16.706543,19327352832,6729728,0,0,1073741824,900202496,956,0,0,1,0,0,0,0.00769363928372218269,0.0126762192542263307,437,1.6476232881162029,0,0,0,0,1,0,0,0,0,0,0,0,0,0
32768,0,64,32768,0,64,6291456,24,64,0,0,64,0,0,0,8,0,0,0,0,0,0,0,0,0,0,0,0,0,0,0,0,0,1,0,0,3000000000,0,1,buzz.local,13.3.0,Darwin Kernel Version 13.3.0: Tue Jun  3 21:27:35 PDT 2014; root:xnu-2422.110.17~1/RELEASE_X86_64,0,0,0,0,1406332854.000000,16.149902,16.500488,16.706543,19327352832,6729728,0,0,1073741824,900202496,956,0,0,1,0,0,0,0.00769363928372218269,0.0126815442316410869,273,1.64831541536812938,0,0,0,0,1,0,0,0,0,0,0,0,0,0
32768,0,64,32768,0,64,6291456,24,64,0,0,64,0,0,0,8,0,0,0,0,0,0,0,0,0,0,0,0,0,0,0,0,0,1,0,0,3000000000,0,1,buzz.local,13.3.0,Darwin Kernel Version 13.3.0: Tue Jun  3 21:27:35 PDT 2014; root:xnu-2422.110.17~1/RELEASE_X86_64,0,0,0,0,1406332854.000000,16.149902,16.500488,16.706543,19327352832,6729728,0,0,1073741824,900202496,956,0,0,1,0,0,0,0.00769363928372218269,0.0126708786779205187,478,1.64692913335941423,0,0,0,0,1,0,0,0,0,0,0,0,0,0
32768,0,64,32768,0,64,6291456,24,64,0,0,64,0,0,0,8,0,0,0,0,0,0,0,0,0,0,0,0,0,0,0,0,0,1,0,0,3000000000,0,1,buzz.local,13.3.0,Darwin Kernel Version 13.3.0: Tue Jun  3 21:27:35 PDT 2014; root:xnu-2422.110.17~1/RELEASE_X86_64,0,0,0,0,1406332854.000000,16.149902,16.500488,16.706543,19327352832,6729728,0,0,1073741824,900202496,956,0,0,1,0,0,0,0.00769363928372218269,0.0126868736847280172,427,1.64900812435673586,0,0,0,0,1,0,0,0,0,0,0,0,0,0
32768,0,64,32768,0,64,6291456,24,64,0,0,64,0,0,0,8,0,0,0,0,0,0,0,0,0,0,0,0,0,0,0,0,0,1,0,0,3000000000,0,1,buzz.local,13.3.0,Darwin Kernel Version 13.3.0: Tue Jun  3 21:27:35 PDT 2014; root:xnu-2422.110.17~1/RELEASE_X86_64,0,0,0,0,1406332854.000000,16.149902,16.500488,16.706543,19327352832,6729728,0,0,1073741824,900202496,956,0,0,1,0,0,0,0.854458027953594385,8.40863440624004759e-06,0,9.8408981262409305e-06,0,0,0,0,1,0,0,0,0,0,0,0,0,0
32768,0,64,32768,0,64,6291456,24,64,0,0,64,0,0,0,8,0,0,0,0,0,0,0,0,0,0,0,0,0,0,0,0,0,1,0,0,3000000000,0,1,buzz.local,13.3.0,Darwin Kernel Version 13.3.0: Tue Jun  3 21:27:35 PDT 2014; root:xnu-2422.110.17~1/RELEASE_X86_64,0,0,0,0,1406332854.000000,16.149902,16.500488,16.706543,19327352832,6729728,0,0,1073741824,900202496,956,0,0,1,0,0,0,1.04486111183670911,8.40863440624004759e-06,0,8.04760968800813115e-06,0,0,0,0,1,0,0,0,0,0,0,0,0,0
32768,0,64,32768,0,64,6291456,24,64,0,0,64,0,0,0,8,0,0,0,0,0,0,0,0,0,0,0,0,0,0,0,0,0,1,0,0,3000000000,0,1,buzz.local,13.3.0,Darwin Kernel Version 13.3.0: Tue Jun  3 21:27:35 PDT 2014; root:xnu-2422.110.17~1/RELEASE_X86_64,0,0,0,0,1406332854.000000,16.149902,16.500488,16.706543,19327352832,6729728,0,0,1073741824,900202496,956,0,0,1,0,0,0,0.91253677238024951,8.40863440624004759e-06,0,9.21457048169913275e-06,0,0,0,0,1,0,0,0,0,0,0,0,0,0
32768,0,64,32768,0,64,6291456,24,64,0,0,64,0,0,0,8,0,0,0,0,0,0,0,0,0,0,0,0,0,0,0,0,0,1,0,0,3000000000,0,1,buzz.local,13.3.0,Darwin Kernel Version 13.3.0: Tue Jun  3 21:27:35 PDT 2014; root:xnu-2422.110.17~1/RELEASE_X86_64,0,0,0,0,1406332854.000000,16.149902,16.500488,16.706543,19327352832,6729728,0,0,1073741824,900202496,956,0,0,1,0,0,0,1.05258864441055694,8.40863440624004759e-06,0,7.98852852051128701e-06,0,0,0,0,1,0,0,0,0,0,0,0,0,0
32768,0,64,32768,0,64,6291456,24,64,0,0,64,0,0,0,8,0,0,0,0,0,0,0,0,0,0,0,0,0,0,0,0,0,1,0,0,3000000000,0,1,buzz.local,13.3.0,Darwin Kernel Version 13.3.0: Tue Jun  3 21:27:35 PDT 2014; root:xnu-2422.110.17~1/RELEASE_X86_64,0,0,0,0,1406332854.000000,15.846191,15.933105,16.310059,19327352832,7733248,0,0,1073741824,900202496,944,0,0,1,0,0,0,0.00769363928372218269,0.0126762192542263307,470,1.6476232881162029,0,0,0,0,1,0,0,0,0,0,0,0,0,0
32768,0,64,32768,0,64,6291456,24,64,0,0,64,0,0,0,8,0,0,0,0,0,0,0,0,0,0,0,0,0,0,0,0,0,1,0,0,3000000000,0,1,buzz.local,13.3.0,Darwin Kernel Version 13.3.0: Tue Jun  3 21:27:35 PDT 2014; root:xnu-2422.110.17~1/RELEASE_X86_64,0,0,0,0,1406332854.000000,15.846191,15.933105,16.310059,19327352832,7733248,0,0,1073741824,900202496,944,0,0,1,0,0,0,0.00769363928372218269,0.0126815442316410869,466,1.64831541536812938,0,0,0,0,1,0,0,0,0,0,0,0,0,0
32768,0,64,32768,0,64,6291456,24,64,0,0,64,0,0,0,8,0,0,0,0,0,0,0,0,0,0,0,0,0,0,0,0,0,1,0,0,3000000000,0,1,buzz.local,13.3.0,Darwin Kernel Version 13.3.0: Tue Jun  3 21:27:35 PDT 2014; root:xnu-2422.110.17~1/RELEASE_X86_64,0,0,0,0,1406332854.000000,15.846191,15.933105,16.310059,19327352832,7733248,0,0,1073741824,900202496,944,0,0,1,0,0,0,0.00769363928372218269,0.0126708786779205187,316,1.64692913335941423,0,0,0,0,1,0,0,0,0,0,0,0,0,0
32768,0,64,32768,0,64,6291456,24,64,0,0,64,0,0,0,8,0,0,0,0,0,0,0,0,0,0,0,0,0,0,0,0,0,1,0,0,3000000000,0,1,buzz.local,13.3.0,Darwin Kernel Version 13.3.0: Tue Jun  3 21:27:35 PDT 2014; root:xnu-2422.110.17~1/RELEASE_X86_64,0,0,0,0,1406332854.000000,15.846191,15.933105,16.310059,19327352832,7733248,0,0,1073741824,900202496,944,0,0,1,0,0,0,0.00769363928372218269,0.0126868736847280172,312,1.64900812435673586,0,0,0,0,1,0,0,0,0,0,0,0,0,0
32768,0,64,32768,0,64,6291456,24,64,0,0,64,0,0,0,8,0,0,0,0,0,0,0,0,0,0,0,0,0,0,0,0,0,1,0,0,3000000000,0,1,buzz.local,13.3.0,Darwin Kernel Version 13.3.0: Tue Jun  3 21:27:35 PDT 2014; root:xnu-2422.110.17~1/RELEASE_X86_64,0,0,0,0,1406332854.000000,15.846191,15.933105,16.310059,19327352832,7733248,0,0,1073741824,900202496,944,0,0,1,0,0,0,0.854458027953594385,8.40863440624004759e-06,0,9.8408981262409305e-06,0,0,0,0,1,0,0,0,0,0,0,0,0,0
32768,0,64,32768,0,64,6291456,24,64,0,0,64,0,0,0,8,0,0,0,0,0,0,0,0,0,0,0,0,0,0,0,0,0,1,0,0,3000000000,0,1,buzz.local,13.3.0,Darwin Kernel Version 13.3.0: Tue Jun  3 21:27:35 PDT 2014; root:xnu-2422.110.17~1/RELEASE_X86_64,0,0,0,0,1406332854.000000,15.846191,15.933105,16.310059,19327352832,7733248,0,0,1073741824,900202496,944,0,0,1,0,0,0,1.04486111183670911,8.40863440624004759e-06,0,8.04760968800813115e-06,0,0,0,0,1,0,0,0,0,0,0,0,0,0
32768,0,64,32768,0,64,6291456,24,64,0,0,64,0,0,0,8,0,0,0,0,0,0,0,0,0,0,0,0,0,0,0,0,0,1,0,0,3000000000,0,1,buzz.local,13.3.0,Darwin Kernel Version 13.3.0: Tue Jun  3 21:27:35 PDT 2014; root:xnu-2422.110.17~1/RELEASE_X86_64,0,0,0,0,1406332854.000000,15.846191,15.933105,16.310059,19327352832,7733248,0,0,1073741824,900202496,944,0,0,1,0,0,0,0.91253677238024951,8.40863440624004759e-06,0,9.21457048169913275e-06,0,0,0,0,1,0,0,0,0,0,0,0,0,0
32768,0,64,32768,0,64,6291456,24,64,0,0,64,0,0,0,8,0,0,0,0,0,0,0,0,0,0,0,0,0,0,0,0,0,1,0,0,3000000000,0,1,buzz.local,13.3.0,Darwin Kernel Version 13.3.0: Tue Jun  3 21:27:35 PDT 2014; root:xnu-2422.110.17~1/RELEASE_X86_64,0,0,0,0,1406332854.000000,15.846191,15.933105,16.310059,19327352832,7733248,0,0,1073741824,900202496,944,0,0,1,0,0,0,1.05258864441055694,8.40863440624004759e-06,0,7.98852852051128701e-06,0,0,0,0,1,0,0,0,0,0,0,0,0,0
