65536,2,64,65536,2,64,524288,16,64,6291456,48,64,0,0,0,8, Quad-Core AMD Opteron(tm) Processor 2376,2300000000,Linux,cloud019.seas.wustl.edu,2.6.32-431.1.2.el6.x86_64,#1 SMP Thu Dec 12 13:59:19 CST 2013,x86_64,17883377,2492928,2542784,2526368,33667547136,26252832768,0,173682688,8589926400,8548524032,272,0,0,1,SCHED_OTHER,0,76476.6,8678.29,25,8.8124
65536,2,64,65536,2,64,524288,16,64,6291456,48,64,0,0,0,8, Quad-Core AMD Opteron(tm) Processor 2376,2300000000,Linux,cloud019.seas.wustl.edu,2.6.32-431.1.2.el6.x86_64,#1 SMP Thu Dec 12 13:59:19 CST 2013,x86_64,17883377,2492928,2542784,2526368,33667547136,26252832768,0,173682688,8589926400,8548524032,272,0,0,1,SCHED_OTHER,0,76463.2,63520.3,82,1.20376
65536,2,64,65536,2,64,524288,16,64,6291456,48,64,0,0,0,8, Quad-Core AMD Opteron(tm) Processor 2376,2300000000,Linux,cloud019.seas.wustl.edu,2.6.32-431.1.2.el6.x86_64,#1 SMP Thu Dec 12 13:59:19 CST 2013,x86_64,17883377,2492928,2542784,2526368,33667547136,26252832768,0,173682688,8589926400,8548524032,272,0,0,1,SCHED_OTHER,0,45972.7,7059.15,26,6.5125
65536,2,64,65536,2,64,524288,16,64,6291456,48,64,0,0,0,8, Quad-Core AMD Opteron(tm) Processor 2376,2300000000,Linux,cloud019.seas.wustl.edu,2.6.32-431.1.2.el6.x86_64,#1 SMP Thu Dec 12 13:59:19 CST 2013,x86_64,17883377,2492928,2542784,2526368,33667547136,26252832768,0,173682688,8589926400,8548524032,272,0,0,1,SCHED_OTHER,0,75880.9,62894.7,83,1.20647
65536,2,64,65536,2,64,524288,16,64,6291456,48,64,0,0,0,8, Quad-Core AMD Opteron(tm) Processor 2376,2300000000,Linux,cloud019.seas.wustl.edu,2.6.32-431.1.2.el6.x86_64,#1 SMP Thu Dec 12 13:59:19 CST 2013,x86_64,17883377,2492928,2542784,2526368,33667547136,26252832768,0,173682688,8589926400,8548524032,272,0,0,1,SCHED_OTHER,0,76220.8,68184.4,94,1.11786
65536,2,64,65536,2,64,524288,16,64,6291456,48,64,0,0,0,8, Quad-Core AMD Opteron(tm) Processor 2376,2300000000,Linux,cloud019.seas.wustl.edu,2.6.32-431.1.2.el6.x86_64,#1 SMP Thu Dec 12 13:59:19 CST 2013,x86_64,17883377,2492928,2542784,2526368,33667547136,26252832768,0,173682688,8589926400,8548524032,272,0,0,1,SCHED_OTHER,0,1.43802e+07,1.48937e+07,27,0.965517
65536,2,64,65536,2,64,524288,16,64,6291456,48,64,0,0,0,8, Quad-Core AMD Opteron(tm) Processor 2376,2300000000,Linux,cloud019.seas.wustl.edu,2.6.32-431.1.2.el6.x86_64,#1 SMP Thu Dec 12 13:59:19 CST 2013,x86_64,17883377,2492928,2542784,2526368,33667547136,26252832768,0,173682688,8589926400,8548524032,272,0,0,1,SCHED_OTHER,0,1466.92,47318.6,4979,0.0310009
65536,2,64,65536,2,64,524288,16,64,6291456,48,64,0,0,0,8, Quad-Core AMD Opteron(tm) Processor 2376,2300000000,Linux,cloud019.seas.wustl.edu,2.6.32-431.1.2.el6.x86_64,#1 SMP Thu Dec 12 13:59:19 CST 2013,x86_64,17883377,2492928,2542784,2526368,33667547136,26252832768,0,173682688,8589926400,8548524032,272,0,0,1,SCHED_OTHER,0,76377.5,63499.5,80,1.2028
65536,2,64,65536,2,64,524288,16,64,6291456,48,64,0,0,0,8, Quad-Core AMD Opteron(tm) Processor 2376,2300000000,Linux,cloud019.seas.wustl.edu,2.6.32-431.1.2.el6.x86_64,#1 SMP Thu Dec 12 13:59:19 CST 2013,x86_64,17883377,2492928,2542784,2526368,33667547136,26252832768,0,173682688,8589926400,8548524032,272,0,0,1,SCHED_OTHER,0,75469.7,8264.85,25,9.13141
65536,2,64,65536,2,64,524288,16,64,6291456,48,64,0,0,0,8, Quad-Core AMD Opteron(tm) Processor 2376,2300000000,Linux,cloud019.seas.wustl.edu,2.6.32-431.1.2.el6.x86_64,#1 SMP Thu Dec 12 13:59:19 CST 2013,x86_64,17883377,2492928,2542784,2526368,33667547136,26252832768,0,173682688,8589926400,8548524032,272,0,0,1,SCHED_OTHER,0,46072.6,39006.6,81,1.18115
65536,2,64,65536,2,64,524288,16,64,6291456,48,64,0,0,0,8, Quad-Core AMD Opteron(tm) Processor 2376,2300000000,Linux,cloud019.seas.wustl.edu,2.6.32-431.1.2.el6.x86_64,#1 SMP Thu Dec 12 13:59:19 CST 2013,x86_64,17883377,2492928,2542784,2526368,33667547136,26252832768,0,173682688,8589926400,8548524032,272,0,0,1,SCHED_OTHER,0,75451.3,67695.5,99,1.11457
65536,2,64,65536,2,64,524288,16,64,6291456,48,64,0,0,0,8, Quad-Core AMD Opteron(tm) Processor 2376,2300000000,Linux,cloud019.seas.wustl.edu,2.6.32-431.1.2.el6.x86_64,#1 SMP Thu Dec 12 13:59:19 CST 2013,x86_64,17883377,2492928,2542784,2526368,33667547136,26252832768,0,173682688,8589926400,8548524032,272,0,0,1,SCHED_OTHER,0,76912.2,8046.09,25,9.55895
65536,2,64,65536,2,64,524288,16,64,6291456,48,64,0,0,0,8, Quad-Core AMD Opteron(tm) Processor 2376,2300000000,Linux,cloud019.seas.wustl.edu,2.6.32-431.1.2.el6.x86_64,#1 SMP Thu Dec 12 13:59:19 CST 2013,x86_64,17883377,2492928,2542784,2526368,33667547136,26252832768,0,173682688,8589926400,8548524032,272,0,0,1,SCHED_OTHER,0,46708.8,46612.6,26,1.00206
65536,2,64,65536,2,64,524288,16,64,6291456,48,64,0,0,0,8, Quad-Core AMD Opteron(tm) Processor 2376,2300000000,Linux,cloud019.seas.wustl.edu,2.6.32-431.1.2.el6.x86_64,#1 SMP Thu Dec 12 13:59:19 CST 2013,x86_64,17883377,2492928,2542784,2526368,33667547136,26252832768,0,173682688,8589926400,8548524032,272,0,0,1,SCHED_OTHER,0,77411.7,77235.8,35,1.00228
65536,2,64,65536,2,64,524288,16,64,6291456,48,64,0,0,0,8, Quad-Core AMD Opteron(tm) Processor 2376,2300000000,Linux,cloud019.seas.wustl.edu,2.6.32-431.1.2.el6.x86_64,#1 SMP Thu Dec 12 13:59:19 CST 2013,x86_64,17883377,2492928,2542784,2526368,33667547136,26252832768,0,173682688,8589926400,8548524032,272,0,0,1,SCHED_OTHER,0,1.43591e+07,1.41081e+07,27,1.01779
65536,2,64,65536,2,64,524288,16,64,6291456,48,64,0,0,0,8, Quad-Core AMD Opteron(tm) Processor 2376,2300000000,Linux,cloud019.seas.wustl.edu,2.6.32-431.1.2.el6.x86_64,#1 SMP Thu Dec 12 13:59:19 CST 2013,x86_64,17883377,2492928,2542784,2526368,33667547136,26252832768,0,173682688,8589926400,8548524032,272,0,0,1,SCHED_OTHER,0,45313.5,45222.1,26,1.00202
65536,2,64,65536,2,64,524288,16,64,6291456,48,64,0,0,0,8, Quad-Core AMD Opteron(tm) Processor 2376,2300000000,Linux,cloud019.seas.wustl.edu,2.6.32-431.1.2.el6.x86_64,#1 SMP Thu Dec 12 13:59:19 CST 2013,x86_64,17883377,2492928,2542784,2526368,33667547136,26252832768,0,173682688,8589926400,8548524032,272,0,0,1,SCHED_OTHER,0,76992.8,77121.6,24,0.99833
65536,2,64,65536,2,64,524288,16,64,6291456,48,64,0,0,0,8, Quad-Core AMD Opteron(tm) Processor 2376,2300000000,Linux,cloud019.seas.wustl.edu,2.6.32-431.1.2.el6.x86_64,#1 SMP Thu Dec 12 13:59:19 CST 2013,x86_64,17883377,2492928,2542784,2526368,33667547136,26252832768,0,173682688,8589926400,8548524032,272,0,0,1,SCHED_OTHER,0,46925.6,46836.4,26,1.0019
65536,2,64,65536,2,64,524288,16,64,6291456,48,64,0,0,0,8, Quad-Core AMD Opteron(tm) Processor 2376,2300000000,Linux,cloud019.seas.wustl.edu,2.6.32-431.1.2.el6.x86_64,#1 SMP Thu Dec 12 13:59:19 CST 2013,x86_64,17883377,2492928,2542784,2526368,33667547136,26252832768,0,173682688,8589926400,8548524032,272,0,0,1,SCHED_OTHER,0,50298.9,50290.1,24,1.00018
65536,2,64,65536,2,64,524288,16,64,6291456,48,64,0,0,0,8, Quad-Core AMD Opteron(tm) Processor 2376,2300000000,Linux,cloud019.seas.wustl.edu,2.6.32-431.1.2.el6.x86_64,#1 SMP Thu Dec 12 13:59:19 CST 2013,x86_64,17883377,2492928,2542784,2526368,33667547136,26252832768,0,173682688,8589926400,8548524032,272,0,0,1,SCHED_OTHER,0,47123,47038.8,31,1.00179
65536,2,64,65536,2,64,524288,16,64,6291456,48,64,0,0,0,8, Quad-Core AMD Opteron(tm) Processor 2376,2300000000,Linux,cloud019.seas.wustl.edu,2.6.32-431.1.2.el6.x86_64,#1 SMP Thu Dec 12 13:59:19 CST 2013,x86_64,17883377,2492928,2542784,2526368,33667547136,26252832768,0,173682688,8589926400,8548524032,272,0,0,1,SCHED_OTHER,0,1.43486e+07,1.41813e+07,27,1.01179
65536,2,64,65536,2,64,524288,16,64,6291456,48,64,0,0,0,8, Quad-Core AMD Opteron(tm) Processor 2376,2300000000,Linux,cloud019.seas.wustl.edu,2.6.32-431.1.2.el6.x86_64,#1 SMP Thu Dec 12 13:59:19 CST 2013,x86_64,17883377,2492928,2542784,2526368,33667547136,26252832768,0,173682688,8589926400,8548524032,272,0,0,1,SCHED_OTHER,0,76227.1,76100.4,30,1.00166
65536,2,64,65536,2,64,524288,16,64,6291456,48,64,0,0,0,8, Quad-Core AMD Opteron(tm) Processor 2376,2300000000,Linux,cloud019.seas.wustl.edu,2.6.32-431.1.2.el6.x86_64,#1 SMP Thu Dec 12 13:59:19 CST 2013,x86_64,17883377,2492928,2542784,2526368,33667547136,26252832768,0,173682688,8589926400,8548524032,272,0,0,1,SCHED_OTHER,0,46785,46696.5,26,1.0019
65536,2,64,65536,2,64,524288,16,64,6291456,48,64,0,0,0,8, Quad-Core AMD Opteron(tm) Processor 2376,2300000000,Linux,cloud019.seas.wustl.edu,2.6.32-431.1.2.el6.x86_64,#1 SMP Thu Dec 12 13:59:19 CST 2013,x86_64,17883377,2492928,2542784,2526368,33667547136,26252832768,0,173682688,8589926400,8548524032,272,0,0,1,SCHED_OTHER,0,1.43673e+07,1.43121e+07,28,1.00387
65536,2,64,65536,2,64,524288,16,64,6291456,48,64,0,0,0,8, Quad-Core AMD Opteron(tm) Processor 2376,2300000000,Linux,cloud019.seas.wustl.edu,2.6.32-431.1.2.el6.x86_64,#1 SMP Thu Dec 12 13:59:19 CST 2013,x86_64,17887609,2492928,2543264,2547136,33667547136,26256232448,0,175099904,8589926400,8548569088,272,0,0,1,SCHED_OTHER,0,44745.7,23704.8,42,1.88762
65536,2,64,65536,2,64,524288,16,64,6291456,48,64,0,0,0,8, Quad-Core AMD Opteron(tm) Processor 2376,2300000000,Linux,cloud019.seas.wustl.edu,2.6.32-431.1.2.el6.x86_64,#1 SMP Thu Dec 12 13:59:19 CST 2013,x86_64,17887609,2492928,2543264,2547136,33667547136,26256232448,0,175099904,8589926400,8548569088,272,0,0,1,SCHED_OTHER,0,42095,12253.1,34,3.43545
65536,2,64,65536,2,64,524288,16,64,6291456,48,64,0,0,0,8, Quad-Core AMD Opteron(tm) Processor 2376,2300000000,Linux,cloud019.seas.wustl.edu,2.6.32-431.1.2.el6.x86_64,#1 SMP Thu Dec 12 13:59:19 CST 2013,x86_64,17887609,2492928,2543264,2547136,33667547136,26256232448,0,175099904,8589926400,8548569088,272,0,0,1,SCHED_OTHER,0,53606.6,25217.2,45,2.1258
65536,2,64,65536,2,64,524288,16,64,6291456,48,64,0,0,0,8, Quad-Core AMD Opteron(tm) Processor 2376,2300000000,Linux,cloud019.seas.wustl.edu,2.6.32-431.1.2.el6.x86_64,#1 SMP Thu Dec 12 13:59:19 CST 2013,x86_64,17887609,2492928,2543264,2547136,33667547136,26256232448,0,175099904,8589926400,8548569088,272,0,0,1,SCHED_OTHER,0,39112.2,16847.9,40,2.32149
65536,2,64,65536,2,64,524288,16,64,6291456,48,64,0,0,0,8, Quad-Core AMD Opteron(tm) Processor 2376,2300000000,Linux,cloud019.seas.wustl.edu,2.6.32-431.1.2.el6.x86_64,#1 SMP Thu Dec 12 13:59:19 CST 2013,x86_64,17887609,2492928,2543264,2547136,33667547136,26256232448,0,175099904,8589926400,8548569088,272,0,0,1,SCHED_OTHER,0,44446.7,18067.8,42,2.45999
65536,2,64,65536,2,64,524288,16,64,6291456,48,64,0,0,0,8, Quad-Core AMD Opteron(tm) Processor 2376,2300000000,Linux,cloud019.seas.wustl.edu,2.6.32-431.1.2.el6.x86_64,#1 SMP Thu Dec 12 13:59:19 CST 2013,x86_64,17887609,2492928,2543264,2547136,33667547136,26256232448,0,175099904,8589926400,8548569088,272,0,0,1,SCHED_OTHER,0,19016.6,43663.7,3330,0.435524
65536,2,64,65536,2,64,524288,16,64,6291456,48,64,0,0,0,8, Quad-Core AMD Opteron(tm) Processor 2376,2300000000,Linux,cloud019.seas.wustl.edu,2.6.32-431.1.2.el6.x86_64,#1 SMP Thu Dec 12 13:59:19 CST 2013,x86_64,17887609,2492928,2543264,2547136,33667547136,26256232448,0,175099904,8589926400,8548569088,272,0,0,1,SCHED_OTHER,0,44836.7,18573.7,94,2.41399
65536,2,64,65536,2,64,524288,16,64,6291456,48,64,0,0,0,8, Quad-Core AMD Opteron(tm) Processor 2376,2300000000,Linux,cloud019.seas.wustl.edu,2.6.32-431.1.2.el6.x86_64,#1 SMP Thu Dec 12 13:59:19 CST 2013,x86_64,17887609,2492928,2543264,2547136,33667547136,26256232448,0,175099904,8589926400,8548569088,272,0,0,1,SCHED_OTHER,0,50733.4,15288.3,43,3.31844
65536,2,64,65536,2,64,524288,16,64,6291456,48,64,0,0,0,8, Quad-Core AMD Opteron(tm) Processor 2376,2300000000,Linux,cloud019.seas.wustl.edu,2.6.32-431.1.2.el6.x86_64,#1 SMP Thu Dec 12 13:59:19 CST 2013,x86_64,17887609,2492928,2543264,2547136,33667547136,26256232448,0,175099904,8589926400,8548569088,272,0,0,1,SCHED_OTHER,0,49122.5,28511.3,43,1.72291
65536,2,64,65536,2,64,524288,16,64,6291456,48,64,0,0,0,8, Quad-Core AMD Opteron(tm) Processor 2376,2300000000,Linux,cloud019.seas.wustl.edu,2.6.32-431.1.2.el6.x86_64,#1 SMP Thu Dec 12 13:59:19 CST 2013,x86_64,17887609,2492928,2543264,2547136,33667547136,26256232448,0,175099904,8589926400,8548569088,272,0,0,1,SCHED_OTHER,0,50639.6,27888.3,56,1.8158
65536,2,64,65536,2,64,524288,16,64,6291456,48,64,0,0,0,8, Quad-Core AMD Opteron(tm) Processor 2376,2300000000,Linux,cloud019.seas.wustl.edu,2.6.32-431.1.2.el6.x86_64,#1 SMP Thu Dec 12 13:59:19 CST 2013,x86_64,17887609,2492928,2543264,2547136,33667547136,26256232448,0,175099904,8589926400,8548569088,272,0,0,1,SCHED_OTHER,0,31550.4,29402.8,1486,1.07304
65536,2,64,65536,2,64,524288,16,64,6291456,48,64,0,0,0,8, Quad-Core AMD Opteron(tm) Processor 2376,2300000000,Linux,cloud019.seas.wustl.edu,2.6.32-431.1.2.el6.x86_64,#1 SMP Thu Dec 12 13:59:19 CST 2013,x86_64,17887609,2492928,2543264,2547136,33667547136,26256232448,0,175099904,8589926400,8548569088,272,0,0,1,SCHED_OTHER,0,44276.7,24008,44,1.84425
65536,2,64,65536,2,64,524288,16,64,6291456,48,64,0,0,0,8, Quad-Core AMD Opteron(tm) Processor 2376,2300000000,Linux,cloud019.seas.wustl.edu,2.6.32-431.1.2.el6.x86_64,#1 SMP Thu Dec 12 13:59:19 CST 2013,x86_64,17887609,2492928,2543264,2547136,33667547136,26256232448,0,175099904,8589926400,8548569088,272,0,0,1,SCHED_OTHER,0,44543.2,44458.9,20,1.0019
65536,2,64,65536,2,64,524288,16,64,6291456,48,64,0,0,0,8, Quad-Core AMD Opteron(tm) Processor 2376,2300000000,Linux,cloud019.seas.wustl.edu,2.6.32-431.1.2.el6.x86_64,#1 SMP Thu Dec 12 13:59:19 CST 2013,x86_64,17887609,2492928,2543264,2547136,33667547136,26256232448,0,175099904,8589926400,8548569088,272,0,0,1,SCHED_OTHER,0,50439.9,50400.5,19,1.00078
65536,2,64,65536,2,64,524288,16,64,6291456,48,64,0,0,0,8, Quad-Core AMD Opteron(tm) Processor 2376,2300000000,Linux,cloud019.seas.wustl.edu,2.6.32-431.1.2.el6.x86_64,#1 SMP Thu Dec 12 13:59:19 CST 2013,x86_64,17887609,2492928,2543264,2547136,33667547136,26256232448,0,175099904,8589926400,8548569088,272,0,0,1,SCHED_OTHER,0,54148.3,54101.6,21,1.00086
65536,2,64,65536,2,64,524288,16,64,6291456,48,64,0,0,0,8, Quad-Core AMD Opteron(tm) Processor 2376,2300000000,Linux,cloud019.seas.wustl.edu,2.6.32-431.1.2.el6.x86_64,#1 SMP Thu Dec 12 13:59:19 CST 2013,x86_64,17887609,2492928,2543264,2547136,33667547136,26256232448,0,175099904,8589926400,8548569088,272,0,0,1,SCHED_OTHER,0,50094.9,50000.4,20,1.00189
65536,2,64,65536,2,64,524288,16,64,6291456,48,64,0,0,0,8, Quad-Core AMD Opteron(tm) Processor 2376,2300000000,Linux,cloud019.seas.wustl.edu,2.6.32-431.1.2.el6.x86_64,#1 SMP Thu Dec 12 13:59:19 CST 2013,x86_64,17887609,2492928,2543264,2547136,33667547136,26256232448,0,175099904,8589926400,8548569088,272,0,0,1,SCHED_OTHER,0,42314.2,42297.6,20,1.00039
65536,2,64,65536,2,64,524288,16,64,6291456,48,64,0,0,0,8, Quad-Core AMD Opteron(tm) Processor 2376,2300000000,Linux,cloud019.seas.wustl.edu,2.6.32-431.1.2.el6.x86_64,#1 SMP Thu Dec 12 13:59:19 CST 2013,x86_64,17887609,2492928,2543264,2547136,33667547136,26256232448,0,175099904,8589926400,8548569088,272,0,0,1,SCHED_OTHER,0,51318.2,51273.8,21,1.00086
65536,2,64,65536,2,64,524288,16,64,6291456,48,64,0,0,0,8, Quad-Core AMD Opteron(tm) Processor 2376,2300000000,Linux,cloud019.seas.wustl.edu,2.6.32-431.1.2.el6.x86_64,#1 SMP Thu Dec 12 13:59:19 CST 2013,x86_64,17887609,2492928,2543264,2547136,33667547136,26256232448,0,175099904,8589926400,8548569088,272,0,0,1,SCHED_OTHER,0,41461,41413.1,20,1.00116
65536,2,64,65536,2,64,524288,16,64,6291456,48,64,0,0,0,8, Quad-Core AMD Opteron(tm) Processor 2376,2300000000,Linux,cloud019.seas.wustl.edu,2.6.32-431.1.2.el6.x86_64,#1 SMP Thu Dec 12 13:59:19 CST 2013,x86_64,17887609,2492928,2543264,2547136,33667547136,26256232448,0,175099904,8589926400,8548569088,272,0,0,1,SCHED_OTHER,0,46996.4,46881.6,25,1.00245
65536,2,64,65536,2,64,524288,16,64,6291456,48,64,0,0,0,8, Quad-Core AMD Opteron(tm) Processor 2376,2300000000,Linux,cloud019.seas.wustl.edu,2.6.32-431.1.2.el6.x86_64,#1 SMP Thu Dec 12 13:59:19 CST 2013,x86_64,17887609,2492928,2543264,2547136,33667547136,26256232448,0,175099904,8589926400,8548569088,272,0,0,1,SCHED_OTHER,0,1.03008e+07,1.02802e+07,20,1.00201
65536,2,64,65536,2,64,524288,16,64,6291456,48,64,0,0,0,8, Quad-Core AMD Opteron(tm) Processor 2376,2300000000,Linux,cloud019.seas.wustl.edu,2.6.32-431.1.2.el6.x86_64,#1 SMP Thu Dec 12 13:59:19 CST 2013,x86_64,17887609,2492928,2543264,2547136,33667547136,26256232448,0,175099904,8589926400,8548569088,272,0,0,1,SCHED_OTHER,0,47157.6,47087.8,25,1.00148
65536,2,64,65536,2,64,524288,16,64,6291456,48,64,0,0,0,8, Quad-Core AMD Opteron(tm) Processor 2376,2300000000,Linux,cloud019.seas.wustl.edu,2.6.32-431.1.2.el6.x86_64,#1 SMP Thu Dec 12 13:59:19 CST 2013,x86_64,17887609,2492928,2543264,2547136,33667547136,26256232448,0,175099904,8589926400,8548569088,272,0,0,1,SCHED_OTHER,0,47011,46943.2,31,1.00145
65536,2,64,65536,2,64,524288,16,64,6291456,48,64,0,0,0,8, Quad-Core AMD Opteron(tm) Processor 2376,2300000000,Linux,cloud019.seas.wustl.edu,2.6.32-431.1.2.el6.x86_64,#1 SMP Thu Dec 12 13:59:19 CST 2013,x86_64,17887609,2492928,2543264,2547136,33667547136,26256232448,0,175099904,8589926400,8548569088,272,0,0,1,SCHED_OTHER,0,45077.3,45081.1,19,0.999917
65536,2,64,65536,2,64,524288,16,64,6291456,48,64,0,0,0,8, Quad-Core AMD Opteron(tm) Processor 2376,2300000000,Linux,cloud019.seas.wustl.edu,2.6.32-431.1.2.el6.x86_64,#1 SMP Thu Dec 12 13:59:19 CST 2013,x86_64,17892472,2551072,2554816,2551296,33667547136,26253680640,0,176828416,8589926400,8548581376,272,0,0,1,SCHED_OTHER,0,73338.6,6719.07,21,10.915
65536,2,64,65536,2,64,524288,16,64,6291456,48,64,0,0,0,8, Quad-Core AMD Opteron(tm) Processor 2376,2300000000,Linux,cloud019.seas.wustl.edu,2.6.32-431.1.2.el6.x86_64,#1 SMP Thu Dec 12 13:59:19 CST 2013,x86_64,17892472,2551072,2554816,2551296,33667547136,26253680640,0,176828416,8589926400,8548581376,272,0,0,1,SCHED_OTHER,0,68911.8,35433.8,53,1.94481
65536,2,64,65536,2,64,524288,16,64,6291456,48,64,0,0,0,8, Quad-Core AMD Opteron(tm) Processor 2376,2300000000,Linux,cloud019.seas.wustl.edu,2.6.32-431.1.2.el6.x86_64,#1 SMP Thu Dec 12 13:59:19 CST 2013,x86_64,17892472,2551072,2554816,2551296,33667547136,26253680640,0,176828416,8589926400,8548581376,272,0,0,1,SCHED_OTHER,0,37107.8,6494.99,22,5.7133
65536,2,64,65536,2,64,524288,16,64,6291456,48,64,0,0,0,8, Quad-Core AMD Opteron(tm) Processor 2376,2300000000,Linux,cloud019.seas.wustl.edu,2.6.32-431.1.2.el6.x86_64,#1 SMP Thu Dec 12 13:59:19 CST 2013,x86_64,17892472,2551072,2554816,2551296,33667547136,26253680640,0,176828416,8589926400,8548581376,272,0,0,1,SCHED_OTHER,0,1.25496e+07,1.2286e+07,2894,1.02146
65536,2,64,65536,2,64,524288,16,64,6291456,48,64,0,0,0,8, Quad-Core AMD Opteron(tm) Processor 2376,2300000000,Linux,cloud019.seas.wustl.edu,2.6.32-431.1.2.el6.x86_64,#1 SMP Thu Dec 12 13:59:19 CST 2013,x86_64,17892472,2551072,2554816,2551296,33667547136,26253680640,0,176828416,8589926400,8548581376,272,0,0,1,SCHED_OTHER,0,72337.1,36833.7,61,1.96388
65536,2,64,65536,2,64,524288,16,64,6291456,48,64,0,0,0,8, Quad-Core AMD Opteron(tm) Processor 2376,2300000000,Linux,cloud019.seas.wustl.edu,2.6.32-431.1.2.el6.x86_64,#1 SMP Thu Dec 12 13:59:19 CST 2013,x86_64,17892472,2551072,2554816,2551296,33667547136,26253680640,0,176828416,8589926400,8548581376,272,0,0,1,SCHED_OTHER,0,38816.9,6931.86,21,5.59978
65536,2,64,65536,2,64,524288,16,64,6291456,48,64,0,0,0,8, Quad-Core AMD Opteron(tm) Processor 2376,2300000000,Linux,cloud019.seas.wustl.edu,2.6.32-431.1.2.el6.x86_64,#1 SMP Thu Dec 12 13:59:19 CST 2013,x86_64,17892472,2551072,2554816,2551296,33667547136,26253680640,0,176828416,8589926400,8548581376,272,0,0,1,SCHED_OTHER,0,24893.7,29450.1,2149,0.845284
65536,2,64,65536,2,64,524288,16,64,6291456,48,64,0,0,0,8, Quad-Core AMD Opteron(tm) Processor 2376,2300000000,Linux,cloud019.seas.wustl.edu,2.6.32-431.1.2.el6.x86_64,#1 SMP Thu Dec 12 13:59:19 CST 2013,x86_64,17892472,2551072,2554816,2551296,33667547136,26253680640,0,176828416,8589926400,8548581376,272,0,0,1,SCHED_OTHER,0,73724.7,31660.5,53,2.3286
65536,2,64,65536,2,64,524288,16,64,6291456,48,64,0,0,0,8, Quad-Core AMD Opteron(tm) Processor 2376,2300000000,Linux,cloud019.seas.wustl.edu,2.6.32-431.1.2.el6.x86_64,#1 SMP Thu Dec 12 13:59:19 CST 2013,x86_64,17892472,2551072,2554816,2551296,33667547136,26253680640,0,176828416,8589926400,8548581376,272,0,0,1,SCHED_OTHER,0,69146,8052.26,23,8.58715
65536,2,64,65536,2,64,524288,16,64,6291456,48,64,0,0,0,8, Quad-Core AMD Opteron(tm) Processor 2376,2300000000,Linux,cloud019.seas.wustl.edu,2.6.32-431.1.2.el6.x86_64,#1 SMP Thu Dec 12 13:59:19 CST 2013,x86_64,17892472,2551072,2554816,2551296,33667547136,26253680640,0,176828416,8589926400,8548581376,272,0,0,1,SCHED_OTHER,0,38916.5,29053.9,142,1.33946
65536,2,64,65536,2,64,524288,16,64,6291456,48,64,0,0,0,8, Quad-Core AMD Opteron(tm) Processor 2376,2300000000,Linux,cloud019.seas.wustl.edu,2.6.32-431.1.2.el6.x86_64,#1 SMP Thu Dec 12 13:59:19 CST 2013,x86_64,17892472,2551072,2554816,2551296,33667547136,26253680640,0,176828416,8589926400,8548581376,272,0,0,1,SCHED_OTHER,0,73128.7,51657.2,142,1.41565
65536,2,64,65536,2,64,524288,16,64,6291456,48,64,0,0,0,8, Quad-Core AMD Opteron(tm) Processor 2376,2300000000,Linux,cloud019.seas.wustl.edu,2.6.32-431.1.2.el6.x86_64,#1 SMP Thu Dec 12 13:59:19 CST 2013,x86_64,17892472,2551072,2554816,2551296,33667547136,26253680640,0,176828416,8589926400,8548581376,272,0,0,1,SCHED_OTHER,0,69275.6,8073.23,22,8.5809
65536,2,64,65536,2,64,524288,16,64,6291456,48,64,0,0,0,8, Quad-Core AMD Opteron(tm) Processor 2376,2300000000,Linux,cloud019.seas.wustl.edu,2.6.32-431.1.2.el6.x86_64,#1 SMP Thu Dec 12 13:59:19 CST 2013,x86_64,17892472,2551072,2554816,2551296,33667547136,26253680640,0,176828416,8589926400,8548581376,272,0,0,1,SCHED_OTHER,0,38063.7,37976,23,1.00231
65536,2,64,65536,2,64,524288,16,64,6291456,48,64,0,0,0,8, Quad-Core AMD Opteron(tm) Processor 2376,2300000000,Linux,cloud019.seas.wustl.edu,2.6.32-431.1.2.el6.x86_64,#1 SMP Thu Dec 12 13:59:19 CST 2013,x86_64,17892472,2551072,2554816,2551296,33667547136,26253680640,0,176828416,8589926400,8548581376,272,0,0,1,SCHED_OTHER,0,70264.6,70119.8,24,1.00207
65536,2,64,65536,2,64,524288,16,64,6291456,48,64,0,0,0,8, Quad-Core AMD Opteron(tm) Processor 2376,2300000000,Linux,cloud019.seas.wustl.edu,2.6.32-431.1.2.el6.x86_64,#1 SMP Thu Dec 12 13:59:19 CST 2013,x86_64,17892472,2551072,2554816,2551296,33667547136,26253680640,0,176828416,8589926400,8548581376,272,0,0,1,SCHED_OTHER,0,71364.2,71200.8,26,1.00229
65536,2,64,65536,2,64,524288,16,64,6291456,48,64,0,0,0,8, Quad-Core AMD Opteron(tm) Processor 2376,2300000000,Linux,cloud019.seas.wustl.edu,2.6.32-431.1.2.el6.x86_64,#1 SMP Thu Dec 12 13:59:19 CST 2013,x86_64,17892472,2551072,2554816,2551296,33667547136,26253680640,0,176828416,8589926400,8548581376,272,0,0,1,SCHED_OTHER,0,37368.4,37324.2,24,1.00118
65536,2,64,65536,2,64,524288,16,64,6291456,48,64,0,0,0,8, Quad-Core AMD Opteron(tm) Processor 2376,2300000000,Linux,cloud019.seas.wustl.edu,2.6.32-431.1.2.el6.x86_64,#1 SMP Thu Dec 12 13:59:19 CST 2013,x86_64,17892472,2551072,2554816,2551296,33667547136,26253680640,0,176828416,8589926400,8548581376,272,0,0,1,SCHED_OTHER,0,68044.9,67929.6,28,1.0017
65536,2,64,65536,2,64,524288,16,64,6291456,48,64,0,0,0,8, Quad-Core AMD Opteron(tm) Processor 2376,2300000000,Linux,cloud019.seas.wustl.edu,2.6.32-431.1.2.el6.x86_64,#1 SMP Thu Dec 12 13:59:19 CST 2013,x86_64,17892472,2551072,2554816,2551296,33667547136,26253680640,0,176828416,8589926400,8548581376,272,0,0,1,SCHED_OTHER,0,71453.8,71293.2,25,1.00225
65536,2,64,65536,2,64,524288,16,64,6291456,48,64,0,0,0,8, Quad-Core AMD Opteron(tm) Processor 2376,2300000000,Linux,cloud019.seas.wustl.edu,2.6.32-431.1.2.el6.x86_64,#1 SMP Thu Dec 12 13:59:19 CST 2013,x86_64,17892472,2551072,2554816,2551296,33667547136,26253680640,0,176828416,8589926400,8548581376,272,0,0,1,SCHED_OTHER,0,1.24222e+07,1.23928e+07,28,1.00238
65536,2,64,65536,2,64,524288,16,64,6291456,48,64,0,0,0,8, Quad-Core AMD Opteron(tm) Processor 2376,2300000000,Linux,cloud019.seas.wustl.edu,2.6.32-431.1.2.el6.x86_64,#1 SMP Thu Dec 12 13:59:19 CST 2013,x86_64,17892472,2551072,2554816,2551296,33667547136,26253680640,0,176828416,8589926400,8548581376,272,0,0,1,SCHED_OTHER,0,38676.4,38566.2,23,1.00286
65536,2,64,65536,2,64,524288,16,64,6291456,48,64,0,0,0,8, Quad-Core AMD Opteron(tm) Processor 2376,2300000000,Linux,cloud019.seas.wustl.edu,2.6.32-431.1.2.el6.x86_64,#1 SMP Thu Dec 12 13:59:19 CST 2013,x86_64,17892472,2551072,2554816,2551296,33667547136,26253680640,0,176828416,8589926400,8548581376,272,0,0,1,SCHED_OTHER,0,70744.8,70612.5,26,1.00187
65536,2,64,65536,2,64,524288,16,64,6291456,48,64,0,0,0,8, Quad-Core AMD Opteron(tm) Processor 2376,2300000000,Linux,cloud019.seas.wustl.edu,2.6.32-431.1.2.el6.x86_64,#1 SMP Thu Dec 12 13:59:19 CST 2013,x86_64,17892472,2551072,2554816,2551296,33667547136,26253680640,0,176828416,8589926400,8548581376,272,0,0,1,SCHED_OTHER,0,1.23911e+07,1.23611e+07,26,1.00243
65536,2,64,65536,2,64,524288,16,64,6291456,48,64,0,0,0,8, Quad-Core AMD Opteron(tm) Processor 2376,2300000000,Linux,cloud019.seas.wustl.edu,2.6.32-431.1.2.el6.x86_64,#1 SMP Thu Dec 12 13:59:19 CST 2013,x86_64,17892472,2551072,2554816,2551296,33667547136,26253680640,0,176828416,8589926400,8548581376,272,0,0,1,SCHED_OTHER,0,38539.2,38467.2,24,1.00187
65536,2,64,65536,2,64,524288,16,64,6291456,48,64,0,0,0,8, Quad-Core AMD Opteron(tm) Processor 2376,2300000000,Linux,cloud019.seas.wustl.edu,2.6.32-431.1.2.el6.x86_64,#1 SMP Thu Dec 12 13:59:19 CST 2013,x86_64,17892472,2551072,2554816,2551296,33667547136,26253680640,0,176828416,8589926400,8548581376,272,0,0,1,SCHED_OTHER,0,71313.1,71181.5,26,1.00185
