65536,2,64,16384,4,64,2097152,16,64,12582912,128,64,0,0,0,32, AMD Opteron(TM) Processor 6272                 ,2100000000,Linux,cloud020.seas.wustl.edu,2.6.32-431.5.1.el6.x86_64,#1 SMP Tue Feb 11 13:30:01 CST 2014,x86_64,11294143,65536,203552,620096,135310168064,25790099456,0,200417280,134217719808,134217326592,718,0,0,1,SCHED_OTHER,0,7928.36,555.881,0,14.2626
65536,2,64,16384,4,64,2097152,16,64,12582912,128,64,0,0,0,32, AMD Opteron(TM) Processor 6272                 ,2100000000,Linux,cloud020.seas.wustl.edu,2.6.32-431.5.1.el6.x86_64,#1 SMP Tue Feb 11 13:30:01 CST 2014,x86_64,11294143,65536,203552,620096,135310168064,25790099456,0,200417280,134217719808,134217326592,718,0,0,1,SCHED_OTHER,0,7928.43,355.653,0,22.2926
65536,2,64,16384,4,64,2097152,16,64,12582912,128,64,0,0,0,32, AMD Opteron(TM) Processor 6272                 ,2100000000,Linux,cloud020.seas.wustl.edu,2.6.32-431.5.1.el6.x86_64,#1 SMP Tue Feb 11 13:30:01 CST 2014,x86_64,11294143,65536,203552,620096,135310168064,25790099456,0,200417280,134217719808,134217326592,718,0,0,1,SCHED_OTHER,0,7935.98,277.816,0,28.5656
65536,2,64,16384,4,64,2097152,16,64,12582912,128,64,0,0,0,32, AMD Opteron(TM) Processor 6272                 ,2100000000,Linux,cloud020.seas.wustl.edu,2.6.32-431.5.1.el6.x86_64,#1 SMP Tue Feb 11 13:30:01 CST 2014,x86_64,11294143,65536,203552,620096,135310168064,25790099456,0,200417280,134217719808,134217326592,718,0,0,1,SCHED_OTHER,0,7915.39,358.208,0,22.0972
65536,2,64,16384,4,64,2097152,16,64,12582912,128,64,0,0,0,32, AMD Opteron(TM) Processor 6272                 ,2100000000,Linux,cloud020.seas.wustl.edu,2.6.32-431.5.1.el6.x86_64,#1 SMP Tue Feb 11 13:30:01 CST 2014,x86_64,11294143,65536,203552,620096,135310168064,25790099456,0,200417280,134217719808,134217326592,718,0,0,1,SCHED_OTHER,0,7915.47,381.238,0,20.7625
65536,2,64,16384,4,64,2097152,16,64,12582912,128,64,0,0,0,32, AMD Opteron(TM) Processor 6272                 ,2100000000,Linux,cloud020.seas.wustl.edu,2.6.32-431.5.1.el6.x86_64,#1 SMP Tue Feb 11 13:30:01 CST 2014,x86_64,11294143,65536,203552,620096,135310168064,25790099456,0,200417280,134217719808,134217326592,718,0,0,1,SCHED_OTHER,0,7915.71,360.054,0,21.9847
65536,2,64,16384,4,64,2097152,16,64,12582912,128,64,0,0,0,32, AMD Opteron(TM) Processor 6272                 ,2100000000,Linux,cloud020.seas.wustl.edu,2.6.32-431.5.1.el6.x86_64,#1 SMP Tue Feb 11 13:30:01 CST 2014,x86_64,11294143,65536,203552,620096,135310168064,25790099456,0,200417280,134217719808,134217326592,718,0,0,1,SCHED_OTHER,0,7915.56,574.873,0,13.7692
65536,2,64,16384,4,64,2097152,16,64,12582912,128,64,0,0,0,32, AMD Opteron(TM) Processor 6272                 ,2100000000,Linux,cloud020.seas.wustl.edu,2.6.32-431.5.1.el6.x86_64,#1 SMP Tue Feb 11 13:30:01 CST 2014,x86_64,11294143,65536,203552,620096,135310168064,25790099456,0,200417280,134217719808,134217326592,718,0,0,1,SCHED_OTHER,0,7916.05,340.968,0,23.2164
65536,2,64,16384,4,64,2097152,16,64,12582912,128,64,0,0,0,32, AMD Opteron(TM) Processor 6272                 ,2100000000,Linux,cloud020.seas.wustl.edu,2.6.32-431.5.1.el6.x86_64,#1 SMP Tue Feb 11 13:30:01 CST 2014,x86_64,11294143,65536,203552,620096,135310168064,25790099456,0,200417280,134217719808,134217326592,718,0,0,1,SCHED_OTHER,0,7915.82,282.605,0,28.0102
65536,2,64,16384,4,64,2097152,16,64,12582912,128,64,0,0,0,32, AMD Opteron(TM) Processor 6272                 ,2100000000,Linux,cloud020.seas.wustl.edu,2.6.32-431.5.1.el6.x86_64,#1 SMP Tue Feb 11 13:30:01 CST 2014,x86_64,11294143,65536,203552,620096,135310168064,25790099456,0,200417280,134217719808,134217326592,718,0,0,1,SCHED_OTHER,0,7916.03,376.817,0,21.0076
65536,2,64,16384,4,64,2097152,16,64,12582912,128,64,0,0,0,32, AMD Opteron(TM) Processor 6272                 ,2100000000,Linux,cloud020.seas.wustl.edu,2.6.32-431.5.1.el6.x86_64,#1 SMP Tue Feb 11 13:30:01 CST 2014,x86_64,11294143,65536,203552,620096,135310168064,25790099456,0,200417280,134217719808,134217326592,718,0,0,1,SCHED_OTHER,0,7916.18,291.515,0,27.1553
65536,2,64,16384,4,64,2097152,16,64,12582912,128,64,0,0,0,32, AMD Opteron(TM) Processor 6272                 ,2100000000,Linux,cloud020.seas.wustl.edu,2.6.32-431.5.1.el6.x86_64,#1 SMP Tue Feb 11 13:30:01 CST 2014,x86_64,11294143,65536,203552,620096,135310168064,25790099456,0,200417280,134217719808,134217326592,718,0,0,1,SCHED_OTHER,0,7916.15,331.301,0,23.8942
65536,2,64,16384,4,64,2097152,16,64,12582912,128,64,0,0,0,32, AMD Opteron(TM) Processor 6272                 ,2100000000,Linux,cloud020.seas.wustl.edu,2.6.32-431.5.1.el6.x86_64,#1 SMP Tue Feb 11 13:30:01 CST 2014,x86_64,11294143,65536,203552,620096,135310168064,25790099456,0,200417280,134217719808,134217326592,718,0,0,1,SCHED_OTHER,0,1.50659e+06,306789,0,4.91082
65536,2,64,16384,4,64,2097152,16,64,12582912,128,64,0,0,0,32, AMD Opteron(TM) Processor 6272                 ,2100000000,Linux,cloud020.seas.wustl.edu,2.6.32-431.5.1.el6.x86_64,#1 SMP Tue Feb 11 13:30:01 CST 2014,x86_64,11294143,65536,203552,620096,135310168064,25790099456,0,200417280,134217719808,134217326592,718,0,0,1,SCHED_OTHER,0,955024,306809,0,3.11276
65536,2,64,16384,4,64,2097152,16,64,12582912,128,64,0,0,0,32, AMD Opteron(TM) Processor 6272                 ,2100000000,Linux,cloud020.seas.wustl.edu,2.6.32-431.5.1.el6.x86_64,#1 SMP Tue Feb 11 13:30:01 CST 2014,x86_64,11294143,65536,203552,620096,135310168064,25790099456,0,200417280,134217719808,134217326592,718,0,0,1,SCHED_OTHER,0,755050,306819,0,2.4609
65536,2,64,16384,4,64,2097152,16,64,12582912,128,64,0,0,0,32, AMD Opteron(TM) Processor 6272                 ,2100000000,Linux,cloud020.seas.wustl.edu,2.6.32-431.5.1.el6.x86_64,#1 SMP Tue Feb 11 13:30:01 CST 2014,x86_64,11294143,65536,203552,620096,135310168064,25790099456,0,200417280,134217719808,134217326592,718,0,0,1,SCHED_OTHER,0,973066,306821,0,3.17145
65536,2,64,16384,4,64,2097152,16,64,12582912,128,64,0,0,0,32, AMD Opteron(TM) Processor 6272                 ,2100000000,Linux,cloud020.seas.wustl.edu,2.6.32-431.5.1.el6.x86_64,#1 SMP Tue Feb 11 13:30:01 CST 2014,x86_64,11294143,65536,203552,620096,135310168064,25790099456,0,200417280,134217719808,134217326592,718,0,0,1,SCHED_OTHER,0,1.02658e+06,306826,0,3.34579
65536,2,64,16384,4,64,2097152,16,64,12582912,128,64,0,0,0,32, AMD Opteron(TM) Processor 6272                 ,2100000000,Linux,cloud020.seas.wustl.edu,2.6.32-431.5.1.el6.x86_64,#1 SMP Tue Feb 11 13:30:01 CST 2014,x86_64,11294143,65536,203552,620096,135310168064,25790099456,0,200417280,134217719808,134217326592,718,0,0,1,SCHED_OTHER,0,979327,306818,0,3.19188
65536,2,64,16384,4,64,2097152,16,64,12582912,128,64,0,0,0,32, AMD Opteron(TM) Processor 6272                 ,2100000000,Linux,cloud020.seas.wustl.edu,2.6.32-431.5.1.el6.x86_64,#1 SMP Tue Feb 11 13:30:01 CST 2014,x86_64,11294143,65536,203552,620096,135310168064,25790099456,0,200417280,134217719808,134217326592,718,0,0,1,SCHED_OTHER,0,1.55262e+06,306824,0,5.0603
65536,2,64,16384,4,64,2097152,16,64,12582912,128,64,0,0,0,32, AMD Opteron(TM) Processor 6272                 ,2100000000,Linux,cloud020.seas.wustl.edu,2.6.32-431.5.1.el6.x86_64,#1 SMP Tue Feb 11 13:30:01 CST 2014,x86_64,11294143,65536,203552,620096,135310168064,25790099456,0,200417280,134217719808,134217326592,718,0,0,1,SCHED_OTHER,0,926298,306833,0,3.0189
65536,2,64,16384,4,64,2097152,16,64,12582912,128,64,0,0,0,32, AMD Opteron(TM) Processor 6272                 ,2100000000,Linux,cloud020.seas.wustl.edu,2.6.32-431.5.1.el6.x86_64,#1 SMP Tue Feb 11 13:30:01 CST 2014,x86_64,11294143,65536,203552,620096,135310168064,25790099456,0,200417280,134217719808,134217326592,718,0,0,1,SCHED_OTHER,0,767271,306839,0,2.50057
65536,2,64,16384,4,64,2097152,16,64,12582912,128,64,0,0,0,32, AMD Opteron(TM) Processor 6272                 ,2100000000,Linux,cloud020.seas.wustl.edu,2.6.32-431.5.1.el6.x86_64,#1 SMP Tue Feb 11 13:30:01 CST 2014,x86_64,11294143,65536,203552,620096,135310168064,25790099456,0,200417280,134217719808,134217326592,718,0,0,1,SCHED_OTHER,0,1.01732e+06,306846,0,3.3154
65536,2,64,16384,4,64,2097152,16,64,12582912,128,64,0,0,0,32, AMD Opteron(TM) Processor 6272                 ,2100000000,Linux,cloud020.seas.wustl.edu,2.6.32-431.5.1.el6.x86_64,#1 SMP Tue Feb 11 13:30:01 CST 2014,x86_64,11294143,65536,203552,620096,135310168064,25790099456,0,200417280,134217719808,134217326592,718,0,0,1,SCHED_OTHER,0,789869,306851,0,2.57411
65536,2,64,16384,4,64,2097152,16,64,12582912,128,64,0,0,0,32, AMD Opteron(TM) Processor 6272                 ,2100000000,Linux,cloud020.seas.wustl.edu,2.6.32-431.5.1.el6.x86_64,#1 SMP Tue Feb 11 13:30:01 CST 2014,x86_64,11294143,65536,203552,620096,135310168064,25790099456,0,200417280,134217719808,134217326592,718,0,0,1,SCHED_OTHER,0,901923,306862,0,2.93918
65536,2,64,16384,4,64,2097152,16,64,12582912,128,64,0,0,0,32, AMD Opteron(TM) Processor 6272                 ,2100000000,Linux,cloud020.seas.wustl.edu,2.6.32-431.5.1.el6.x86_64,#1 SMP Tue Feb 11 13:30:01 CST 2014,x86_64,11294155,279040,241280,625568,135310168064,25828405248,0,200417280,134217719808,134217326592,719,0,0,1,SCHED_OTHER,0,6243.43,386.149,0,16.1684
65536,2,64,16384,4,64,2097152,16,64,12582912,128,64,0,0,0,32, AMD Opteron(TM) Processor 6272                 ,2100000000,Linux,cloud020.seas.wustl.edu,2.6.32-431.5.1.el6.x86_64,#1 SMP Tue Feb 11 13:30:01 CST 2014,x86_64,11294155,279040,241280,625568,135310168064,25828405248,0,200417280,134217719808,134217326592,719,0,0,1,SCHED_OTHER,0,6243.52,396.063,0,15.7639
65536,2,64,16384,4,64,2097152,16,64,12582912,128,64,0,0,0,32, AMD Opteron(TM) Processor 6272                 ,2100000000,Linux,cloud020.seas.wustl.edu,2.6.32-431.5.1.el6.x86_64,#1 SMP Tue Feb 11 13:30:01 CST 2014,x86_64,11294155,279040,241280,625568,135310168064,25828405248,0,200417280,134217719808,134217326592,719,0,0,1,SCHED_OTHER,0,6243.64,557.471,0,11.1999
65536,2,64,16384,4,64,2097152,16,64,12582912,128,64,0,0,0,32, AMD Opteron(TM) Processor 6272                 ,2100000000,Linux,cloud020.seas.wustl.edu,2.6.32-431.5.1.el6.x86_64,#1 SMP Tue Feb 11 13:30:01 CST 2014,x86_64,11294155,279040,241280,625568,135310168064,25828405248,0,200417280,134217719808,134217326592,719,0,0,1,SCHED_OTHER,0,6243.77,370.486,0,16.8529
65536,2,64,16384,4,64,2097152,16,64,12582912,128,64,0,0,0,32, AMD Opteron(TM) Processor 6272                 ,2100000000,Linux,cloud020.seas.wustl.edu,2.6.32-431.5.1.el6.x86_64,#1 SMP Tue Feb 11 13:30:01 CST 2014,x86_64,11294155,279040,241280,625568,135310168064,25828405248,0,200417280,134217719808,134217326592,719,0,0,1,SCHED_OTHER,0,6243.84,361.202,0,17.2863
65536,2,64,16384,4,64,2097152,16,64,12582912,128,64,0,0,0,32, AMD Opteron(TM) Processor 6272                 ,2100000000,Linux,cloud020.seas.wustl.edu,2.6.32-431.5.1.el6.x86_64,#1 SMP Tue Feb 11 13:30:01 CST 2014,x86_64,11294155,279040,241280,625568,135310168064,25828405248,0,200417280,134217719808,134217326592,719,0,0,1,SCHED_OTHER,0,6243.93,527.156,0,11.8446
65536,2,64,16384,4,64,2097152,16,64,12582912,128,64,0,0,0,32, AMD Opteron(TM) Processor 6272                 ,2100000000,Linux,cloud020.seas.wustl.edu,2.6.32-431.5.1.el6.x86_64,#1 SMP Tue Feb 11 13:30:01 CST 2014,x86_64,11294155,279040,241280,625568,135310168064,25828405248,0,200417280,134217719808,134217326592,719,0,0,1,SCHED_OTHER,0,6243.83,335.814,0,18.5931
65536,2,64,16384,4,64,2097152,16,64,12582912,128,64,0,0,0,32, AMD Opteron(TM) Processor 6272                 ,2100000000,Linux,cloud020.seas.wustl.edu,2.6.32-431.5.1.el6.x86_64,#1 SMP Tue Feb 11 13:30:01 CST 2014,x86_64,11294155,279040,241280,625568,135310168064,25828405248,0,200417280,134217719808,134217326592,719,0,0,1,SCHED_OTHER,0,6244.13,588.477,0,10.6107
65536,2,64,16384,4,64,2097152,16,64,12582912,128,64,0,0,0,32, AMD Opteron(TM) Processor 6272                 ,2100000000,Linux,cloud020.seas.wustl.edu,2.6.32-431.5.1.el6.x86_64,#1 SMP Tue Feb 11 13:30:01 CST 2014,x86_64,11294155,279040,241280,625568,135310168064,25828405248,0,200417280,134217719808,134217326592,719,0,0,1,SCHED_OTHER,0,6244.04,416.324,0,14.998
65536,2,64,16384,4,64,2097152,16,64,12582912,128,64,0,0,0,32, AMD Opteron(TM) Processor 6272                 ,2100000000,Linux,cloud020.seas.wustl.edu,2.6.32-431.5.1.el6.x86_64,#1 SMP Tue Feb 11 13:30:01 CST 2014,x86_64,11294155,279040,241280,625568,135310168064,25828405248,0,200417280,134217719808,134217326592,719,0,0,1,SCHED_OTHER,0,6244.14,243.152,0,25.68
65536,2,64,16384,4,64,2097152,16,64,12582912,128,64,0,0,0,32, AMD Opteron(TM) Processor 6272                 ,2100000000,Linux,cloud020.seas.wustl.edu,2.6.32-431.5.1.el6.x86_64,#1 SMP Tue Feb 11 13:30:01 CST 2014,x86_64,11294155,279040,241280,625568,135310168064,25828405248,0,200417280,134217719808,134217326592,719,0,0,1,SCHED_OTHER,0,6244.21,426.863,0,14.6281
65536,2,64,16384,4,64,2097152,16,64,12582912,128,64,0,0,0,32, AMD Opteron(TM) Processor 6272                 ,2100000000,Linux,cloud020.seas.wustl.edu,2.6.32-431.5.1.el6.x86_64,#1 SMP Tue Feb 11 13:30:01 CST 2014,x86_64,11294155,279040,241280,625568,135310168064,25828405248,0,200417280,134217719808,134217326592,719,0,0,1,SCHED_OTHER,0,6244.12,431.412,0,14.4737
65536,2,64,16384,4,64,2097152,16,64,12582912,128,64,0,0,0,32, AMD Opteron(TM) Processor 6272                 ,2100000000,Linux,cloud020.seas.wustl.edu,2.6.32-431.5.1.el6.x86_64,#1 SMP Tue Feb 11 13:30:01 CST 2014,x86_64,11294155,279040,241280,625568,135310168064,25828405248,0,200417280,134217719808,134217326592,719,0,0,1,SCHED_OTHER,0,1.03343e+06,169985,0,6.07954
65536,2,64,16384,4,64,2097152,16,64,12582912,128,64,0,0,0,32, AMD Opteron(TM) Processor 6272                 ,2100000000,Linux,cloud020.seas.wustl.edu,2.6.32-431.5.1.el6.x86_64,#1 SMP Tue Feb 11 13:30:01 CST 2014,x86_64,11294155,279040,241280,625568,135310168064,25828405248,0,200417280,134217719808,134217326592,719,0,0,1,SCHED_OTHER,0,1.06613e+06,169988,0,6.27181
65536,2,64,16384,4,64,2097152,16,64,12582912,128,64,0,0,0,32, AMD Opteron(TM) Processor 6272                 ,2100000000,Linux,cloud020.seas.wustl.edu,2.6.32-431.5.1.el6.x86_64,#1 SMP Tue Feb 11 13:30:01 CST 2014,x86_64,11294155,279040,241280,625568,135310168064,25828405248,0,200417280,134217719808,134217326592,719,0,0,1,SCHED_OTHER,0,1.51913e+06,169991,0,8.93652
65536,2,64,16384,4,64,2097152,16,64,12582912,128,64,0,0,0,32, AMD Opteron(TM) Processor 6272                 ,2100000000,Linux,cloud020.seas.wustl.edu,2.6.32-431.5.1.el6.x86_64,#1 SMP Tue Feb 11 13:30:01 CST 2014,x86_64,11294155,279040,241280,625568,135310168064,25828405248,0,200417280,134217719808,134217326592,719,0,0,1,SCHED_OTHER,0,1.00399e+06,169994,0,5.906
65536,2,64,16384,4,64,2097152,16,64,12582912,128,64,0,0,0,32, AMD Opteron(TM) Processor 6272                 ,2100000000,Linux,cloud020.seas.wustl.edu,2.6.32-431.5.1.el6.x86_64,#1 SMP Tue Feb 11 13:30:01 CST 2014,x86_64,11294155,279040,241280,625568,135310168064,25828405248,0,200417280,134217719808,134217326592,719,0,0,1,SCHED_OTHER,0,971322,169996,0,5.7138
65536,2,64,16384,4,64,2097152,16,64,12582912,128,64,0,0,0,32, AMD Opteron(TM) Processor 6272                 ,2100000000,Linux,cloud020.seas.wustl.edu,2.6.32-431.5.1.el6.x86_64,#1 SMP Tue Feb 11 13:30:01 CST 2014,x86_64,11294155,279040,241280,625568,135310168064,25828405248,0,200417280,134217719808,134217326592,719,0,0,1,SCHED_OTHER,0,1.42857e+06,169993,0,8.40369
65536,2,64,16384,4,64,2097152,16,64,12582912,128,64,0,0,0,32, AMD Opteron(TM) Processor 6272                 ,2100000000,Linux,cloud020.seas.wustl.edu,2.6.32-431.5.1.el6.x86_64,#1 SMP Tue Feb 11 13:30:01 CST 2014,x86_64,11294155,279040,241280,625568,135310168064,25828405248,0,200417280,134217719808,134217326592,719,0,0,1,SCHED_OTHER,0,894512,169995,0,5.26198
65536,2,64,16384,4,64,2097152,16,64,12582912,128,64,0,0,0,32, AMD Opteron(TM) Processor 6272                 ,2100000000,Linux,cloud020.seas.wustl.edu,2.6.32-431.5.1.el6.x86_64,#1 SMP Tue Feb 11 13:30:01 CST 2014,x86_64,11294155,279040,241280,625568,135310168064,25828405248,0,200417280,134217719808,134217326592,719,0,0,1,SCHED_OTHER,0,1.59222e+06,169999,0,9.36606
65536,2,64,16384,4,64,2097152,16,64,12582912,128,64,0,0,0,32, AMD Opteron(TM) Processor 6272                 ,2100000000,Linux,cloud020.seas.wustl.edu,2.6.32-431.5.1.el6.x86_64,#1 SMP Tue Feb 11 13:30:01 CST 2014,x86_64,11294155,279040,241280,625568,135310168064,25828405248,0,200417280,134217719808,134217326592,719,0,0,1,SCHED_OTHER,0,1.13074e+06,170002,0,6.65134
65536,2,64,16384,4,64,2097152,16,64,12582912,128,64,0,0,0,32, AMD Opteron(TM) Processor 6272                 ,2100000000,Linux,cloud020.seas.wustl.edu,2.6.32-431.5.1.el6.x86_64,#1 SMP Tue Feb 11 13:30:01 CST 2014,x86_64,11294155,279040,241280,625568,135310168064,25828405248,0,200417280,134217719808,134217326592,719,0,0,1,SCHED_OTHER,0,663275,170005,0,3.90151
65536,2,64,16384,4,64,2097152,16,64,12582912,128,64,0,0,0,32, AMD Opteron(TM) Processor 6272                 ,2100000000,Linux,cloud020.seas.wustl.edu,2.6.32-431.5.1.el6.x86_64,#1 SMP Tue Feb 11 13:30:01 CST 2014,x86_64,11294155,279040,241280,625568,135310168064,25828405248,0,200417280,134217719808,134217326592,719,0,0,1,SCHED_OTHER,0,1.16174e+06,170007,0,6.83352
65536,2,64,16384,4,64,2097152,16,64,12582912,128,64,0,0,0,32, AMD Opteron(TM) Processor 6272                 ,2100000000,Linux,cloud020.seas.wustl.edu,2.6.32-431.5.1.el6.x86_64,#1 SMP Tue Feb 11 13:30:01 CST 2014,x86_64,11294155,279040,241280,625568,135310168064,25828405248,0,200417280,134217719808,134217326592,719,0,0,1,SCHED_OTHER,0,1.17403e+06,170010,0,6.90565
65536,2,64,16384,4,64,2097152,16,64,12582912,128,64,0,0,0,32, AMD Opteron(TM) Processor 6272                 ,2100000000,Linux,cloud020.seas.wustl.edu,2.6.32-431.5.1.el6.x86_64,#1 SMP Tue Feb 11 13:30:01 CST 2014,x86_64,11294162,466592,280768,636288,135310168064,25808736256,0,200417280,134217719808,134217326592,719,0,0,1,SCHED_OTHER,0,9620.99,471.011,0,20.4261
65536,2,64,16384,4,64,2097152,16,64,12582912,128,64,0,0,0,32, AMD Opteron(TM) Processor 6272                 ,2100000000,Linux,cloud020.seas.wustl.edu,2.6.32-431.5.1.el6.x86_64,#1 SMP Tue Feb 11 13:30:01 CST 2014,x86_64,11294162,466592,280768,636288,135310168064,25808736256,0,200417280,134217719808,134217326592,719,0,0,1,SCHED_OTHER,0,9621.57,309.788,0,31.0585
65536,2,64,16384,4,64,2097152,16,64,12582912,128,64,0,0,0,32, AMD Opteron(TM) Processor 6272                 ,2100000000,Linux,cloud020.seas.wustl.edu,2.6.32-431.5.1.el6.x86_64,#1 SMP Tue Feb 11 13:30:01 CST 2014,x86_64,11294162,466592,280768,636288,135310168064,25808736256,0,200417280,134217719808,134217326592,719,0,0,1,SCHED_OTHER,0,9621.85,283.079,0,33.9899
65536,2,64,16384,4,64,2097152,16,64,12582912,128,64,0,0,0,32, AMD Opteron(TM) Processor 6272                 ,2100000000,Linux,cloud020.seas.wustl.edu,2.6.32-431.5.1.el6.x86_64,#1 SMP Tue Feb 11 13:30:01 CST 2014,x86_64,11294162,466592,280768,636288,135310168064,25808736256,0,200417280,134217719808,134217326592,719,0,0,1,SCHED_OTHER,0,9622.04,523.23,0,18.3897
65536,2,64,16384,4,64,2097152,16,64,12582912,128,64,0,0,0,32, AMD Opteron(TM) Processor 6272                 ,2100000000,Linux,cloud020.seas.wustl.edu,2.6.32-431.5.1.el6.x86_64,#1 SMP Tue Feb 11 13:30:01 CST 2014,x86_64,11294162,466592,280768,636288,135310168064,25808736256,0,200417280,134217719808,134217326592,719,0,0,1,SCHED_OTHER,0,9622.35,353.709,0,27.2041
65536,2,64,16384,4,64,2097152,16,64,12582912,128,64,0,0,0,32, AMD Opteron(TM) Processor 6272                 ,2100000000,Linux,cloud020.seas.wustl.edu,2.6.32-431.5.1.el6.x86_64,#1 SMP Tue Feb 11 13:30:01 CST 2014,x86_64,11294162,466592,280768,636288,135310168064,25808736256,0,200417280,134217719808,134217326592,719,0,0,1,SCHED_OTHER,0,9622.59,288.191,0,33.3896
65536,2,64,16384,4,64,2097152,16,64,12582912,128,64,0,0,0,32, AMD Opteron(TM) Processor 6272                 ,2100000000,Linux,cloud020.seas.wustl.edu,2.6.32-431.5.1.el6.x86_64,#1 SMP Tue Feb 11 13:30:01 CST 2014,x86_64,11294162,466592,280768,636288,135310168064,25808736256,0,200417280,134217719808,134217326592,719,0,0,1,SCHED_OTHER,0,9622.43,465.36,0,20.6774
65536,2,64,16384,4,64,2097152,16,64,12582912,128,64,0,0,0,32, AMD Opteron(TM) Processor 6272                 ,2100000000,Linux,cloud020.seas.wustl.edu,2.6.32-431.5.1.el6.x86_64,#1 SMP Tue Feb 11 13:30:01 CST 2014,x86_64,11294162,466592,280768,636288,135310168064,25808736256,0,200417280,134217719808,134217326592,719,0,0,1,SCHED_OTHER,0,9623.17,303.159,0,31.7429
65536,2,64,16384,4,64,2097152,16,64,12582912,128,64,0,0,0,32, AMD Opteron(TM) Processor 6272                 ,2100000000,Linux,cloud020.seas.wustl.edu,2.6.32-431.5.1.el6.x86_64,#1 SMP Tue Feb 11 13:30:01 CST 2014,x86_64,11294162,466592,280768,636288,135310168064,25808736256,0,200417280,134217719808,134217326592,719,0,0,1,SCHED_OTHER,0,9622.84,296.151,0,32.493
65536,2,64,16384,4,64,2097152,16,64,12582912,128,64,0,0,0,32, AMD Opteron(TM) Processor 6272                 ,2100000000,Linux,cloud020.seas.wustl.edu,2.6.32-431.5.1.el6.x86_64,#1 SMP Tue Feb 11 13:30:01 CST 2014,x86_64,11294162,466592,280768,636288,135310168064,25808736256,0,200417280,134217719808,134217326592,719,0,0,1,SCHED_OTHER,0,9623.06,289.795,0,33.2063
65536,2,64,16384,4,64,2097152,16,64,12582912,128,64,0,0,0,32, AMD Opteron(TM) Processor 6272                 ,2100000000,Linux,cloud020.seas.wustl.edu,2.6.32-431.5.1.el6.x86_64,#1 SMP Tue Feb 11 13:30:01 CST 2014,x86_64,11294162,466592,280768,636288,135310168064,25808736256,0,200417280,134217719808,134217326592,719,0,0,1,SCHED_OTHER,0,9622.98,297.427,0,32.354
65536,2,64,16384,4,64,2097152,16,64,12582912,128,64,0,0,0,32, AMD Opteron(TM) Processor 6272                 ,2100000000,Linux,cloud020.seas.wustl.edu,2.6.32-431.5.1.el6.x86_64,#1 SMP Tue Feb 11 13:30:01 CST 2014,x86_64,11294162,466592,280768,636288,135310168064,25808736256,0,200417280,134217719808,134217326592,719,0,0,1,SCHED_OTHER,0,9622.92,361.376,0,26.6285
65536,2,64,16384,4,64,2097152,16,64,12582912,128,64,0,0,0,32, AMD Opteron(TM) Processor 6272                 ,2100000000,Linux,cloud020.seas.wustl.edu,2.6.32-431.5.1.el6.x86_64,#1 SMP Tue Feb 11 13:30:01 CST 2014,x86_64,11294162,466592,280768,636288,135310168064,25808736256,0,200417280,134217719808,134217326592,719,0,0,1,SCHED_OTHER,0,1.27299e+06,222281,0,5.72696
65536,2,64,16384,4,64,2097152,16,64,12582912,128,64,0,0,0,32, AMD Opteron(TM) Processor 6272                 ,2100000000,Linux,cloud020.seas.wustl.edu,2.6.32-431.5.1.el6.x86_64,#1 SMP Tue Feb 11 13:30:01 CST 2014,x86_64,11294162,466592,280768,636288,135310168064,25808736256,0,200417280,134217719808,134217326592,719,0,0,1,SCHED_OTHER,0,833145,222285,0,3.74809
65536,2,64,16384,4,64,2097152,16,64,12582912,128,64,0,0,0,32, AMD Opteron(TM) Processor 6272                 ,2100000000,Linux,cloud020.seas.wustl.edu,2.6.32-431.5.1.el6.x86_64,#1 SMP Tue Feb 11 13:30:01 CST 2014,x86_64,11294162,466592,280768,636288,135310168064,25808736256,0,200417280,134217719808,134217326592,719,0,0,1,SCHED_OTHER,0,766988,222291,0,3.45037
65536,2,64,16384,4,64,2097152,16,64,12582912,128,64,0,0,0,32, AMD Opteron(TM) Processor 6272                 ,2100000000,Linux,cloud020.seas.wustl.edu,2.6.32-431.5.1.el6.x86_64,#1 SMP Tue Feb 11 13:30:01 CST 2014,x86_64,11294162,466592,280768,636288,135310168064,25808736256,0,200417280,134217719808,134217326592,719,0,0,1,SCHED_OTHER,0,1.42486e+06,222298,0,6.40966
65536,2,64,16384,4,64,2097152,16,64,12582912,128,64,0,0,0,32, AMD Opteron(TM) Processor 6272                 ,2100000000,Linux,cloud020.seas.wustl.edu,2.6.32-431.5.1.el6.x86_64,#1 SMP Tue Feb 11 13:30:01 CST 2014,x86_64,11294162,466592,280768,636288,135310168064,25808736256,0,200417280,134217719808,134217326592,719,0,0,1,SCHED_OTHER,0,947200,222302,0,4.26086
65536,2,64,16384,4,64,2097152,16,64,12582912,128,64,0,0,0,32, AMD Opteron(TM) Processor 6272                 ,2100000000,Linux,cloud020.seas.wustl.edu,2.6.32-431.5.1.el6.x86_64,#1 SMP Tue Feb 11 13:30:01 CST 2014,x86_64,11294162,466592,280768,636288,135310168064,25808736256,0,200417280,134217719808,134217326592,719,0,0,1,SCHED_OTHER,0,782741,222298,0,3.52112
65536,2,64,16384,4,64,2097152,16,64,12582912,128,64,0,0,0,32, AMD Opteron(TM) Processor 6272                 ,2100000000,Linux,cloud020.seas.wustl.edu,2.6.32-431.5.1.el6.x86_64,#1 SMP Tue Feb 11 13:30:01 CST 2014,x86_64,11294162,466592,280768,636288,135310168064,25808736256,0,200417280,134217719808,134217326592,719,0,0,1,SCHED_OTHER,0,1.25504e+06,222302,0,5.64565
65536,2,64,16384,4,64,2097152,16,64,12582912,128,64,0,0,0,32, AMD Opteron(TM) Processor 6272                 ,2100000000,Linux,cloud020.seas.wustl.edu,2.6.32-431.5.1.el6.x86_64,#1 SMP Tue Feb 11 13:30:01 CST 2014,x86_64,11294162,466592,280768,636288,135310168064,25808736256,0,200417280,134217719808,134217326592,719,0,0,1,SCHED_OTHER,0,821260,222309,0,3.69422
65536,2,64,16384,4,64,2097152,16,64,12582912,128,64,0,0,0,32, AMD Opteron(TM) Processor 6272                 ,2100000000,Linux,cloud020.seas.wustl.edu,2.6.32-431.5.1.el6.x86_64,#1 SMP Tue Feb 11 13:30:01 CST 2014,x86_64,11294162,466592,280768,636288,135310168064,25808736256,0,200417280,134217719808,134217326592,719,0,0,1,SCHED_OTHER,0,801045,222313,0,3.60322
65536,2,64,16384,4,64,2097152,16,64,12582912,128,64,0,0,0,32, AMD Opteron(TM) Processor 6272                 ,2100000000,Linux,cloud020.seas.wustl.edu,2.6.32-431.5.1.el6.x86_64,#1 SMP Tue Feb 11 13:30:01 CST 2014,x86_64,11294162,466592,280768,636288,135310168064,25808736256,0,200417280,134217719808,134217326592,719,0,0,1,SCHED_OTHER,0,780116,222320,0,3.50898
65536,2,64,16384,4,64,2097152,16,64,12582912,128,64,0,0,0,32, AMD Opteron(TM) Processor 6272                 ,2100000000,Linux,cloud020.seas.wustl.edu,2.6.32-431.5.1.el6.x86_64,#1 SMP Tue Feb 11 13:30:01 CST 2014,x86_64,11294162,466592,280768,636288,135310168064,25808736256,0,200417280,134217719808,134217326592,719,0,0,1,SCHED_OTHER,0,808390,222324,0,3.63609
65536,2,64,16384,4,64,2097152,16,64,12582912,128,64,0,0,0,32, AMD Opteron(TM) Processor 6272                 ,2100000000,Linux,cloud020.seas.wustl.edu,2.6.32-431.5.1.el6.x86_64,#1 SMP Tue Feb 11 13:30:01 CST 2014,x86_64,11294162,466592,280768,636288,135310168064,25808736256,0,200417280,134217719808,134217326592,719,0,0,1,SCHED_OTHER,0,978321,222342,0,4.40008
65536,2,64,16384,4,64,2097152,16,64,12582912,128,64,0,0,0,32, AMD Opteron(TM) Processor 6272                 ,2100000000,Linux,cloud020.seas.wustl.edu,2.6.32-431.5.1.el6.x86_64,#1 SMP Tue Feb 11 13:30:01 CST 2014,x86_64,11294168,434464,277184,633216,135310168064,25807986688,0,200417280,134217719808,134217326592,719,0,0,1,SCHED_OTHER,0,9140.24,550.81,0,16.5941
65536,2,64,16384,4,64,2097152,16,64,12582912,128,64,0,0,0,32, AMD Opteron(TM) Processor 6272                 ,2100000000,Linux,cloud020.seas.wustl.edu,2.6.32-431.5.1.el6.x86_64,#1 SMP Tue Feb 11 13:30:01 CST 2014,x86_64,11294168,434464,277184,633216,135310168064,25807986688,0,200417280,134217719808,134217326592,719,0,0,1,SCHED_OTHER,0,9140.41,323.001,0,28.2984
65536,2,64,16384,4,64,2097152,16,64,12582912,128,64,0,0,0,32, AMD Opteron(TM) Processor 6272                 ,2100000000,Linux,cloud020.seas.wustl.edu,2.6.32-431.5.1.el6.x86_64,#1 SMP Tue Feb 11 13:30:01 CST 2014,x86_64,11294168,434464,277184,633216,135310168064,25807986688,0,200417280,134217719808,134217326592,719,0,0,1,SCHED_OTHER,0,9140.81,367.131,0,24.8979
65536,2,64,16384,4,64,2097152,16,64,12582912,128,64,0,0,0,32, AMD Opteron(TM) Processor 6272                 ,2100000000,Linux,cloud020.seas.wustl.edu,2.6.32-431.5.1.el6.x86_64,#1 SMP Tue Feb 11 13:30:01 CST 2014,x86_64,11294168,434464,277184,633216,135310168064,25807986688,0,200417280,134217719808,134217326592,719,0,0,1,SCHED_OTHER,0,9140.93,342.962,0,26.6529
65536,2,64,16384,4,64,2097152,16,64,12582912,128,64,0,0,0,32, AMD Opteron(TM) Processor 6272                 ,2100000000,Linux,cloud020.seas.wustl.edu,2.6.32-431.5.1.el6.x86_64,#1 SMP Tue Feb 11 13:30:01 CST 2014,x86_64,11294168,434464,277184,633216,135310168064,25807986688,0,200417280,134217719808,134217326592,719,0,0,1,SCHED_OTHER,0,9141.04,371.069,0,24.6344
65536,2,64,16384,4,64,2097152,16,64,12582912,128,64,0,0,0,32, AMD Opteron(TM) Processor 6272                 ,2100000000,Linux,cloud020.seas.wustl.edu,2.6.32-431.5.1.el6.x86_64,#1 SMP Tue Feb 11 13:30:01 CST 2014,x86_64,11294168,434464,277184,633216,135310168064,25807986688,0,200417280,134217719808,134217326592,719,0,0,1,SCHED_OTHER,0,9141.34,448.741,0,20.371
65536,2,64,16384,4,64,2097152,16,64,12582912,128,64,0,0,0,32, AMD Opteron(TM) Processor 6272                 ,2100000000,Linux,cloud020.seas.wustl.edu,2.6.32-431.5.1.el6.x86_64,#1 SMP Tue Feb 11 13:30:01 CST 2014,x86_64,11294168,434464,277184,633216,135310168064,25807986688,0,200417280,134217719808,134217326592,719,0,0,1,SCHED_OTHER,0,9141.18,340.856,0,26.8183
65536,2,64,16384,4,64,2097152,16,64,12582912,128,64,0,0,0,32, AMD Opteron(TM) Processor 6272                 ,2100000000,Linux,cloud020.seas.wustl.edu,2.6.32-431.5.1.el6.x86_64,#1 SMP Tue Feb 11 13:30:01 CST 2014,x86_64,11294168,434464,277184,633216,135310168064,25807986688,0,200417280,134217719808,134217326592,719,0,0,1,SCHED_OTHER,0,9141.85,419.151,0,21.8104
65536,2,64,16384,4,64,2097152,16,64,12582912,128,64,0,0,0,32, AMD Opteron(TM) Processor 6272                 ,2100000000,Linux,cloud020.seas.wustl.edu,2.6.32-431.5.1.el6.x86_64,#1 SMP Tue Feb 11 13:30:01 CST 2014,x86_64,11294168,434464,277184,633216,135310168064,25807986688,0,200417280,134217719808,134217326592,719,0,0,1,SCHED_OTHER,0,9141.63,342.686,0,26.6764
65536,2,64,16384,4,64,2097152,16,64,12582912,128,64,0,0,0,32, AMD Opteron(TM) Processor 6272                 ,2100000000,Linux,cloud020.seas.wustl.edu,2.6.32-431.5.1.el6.x86_64,#1 SMP Tue Feb 11 13:30:01 CST 2014,x86_64,11294168,434464,277184,633216,135310168064,25807986688,0,200417280,134217719808,134217326592,719,0,0,1,SCHED_OTHER,0,9141.83,397.996,0,22.9696
65536,2,64,16384,4,64,2097152,16,64,12582912,128,64,0,0,0,32, AMD Opteron(TM) Processor 6272                 ,2100000000,Linux,cloud020.seas.wustl.edu,2.6.32-431.5.1.el6.x86_64,#1 SMP Tue Feb 11 13:30:01 CST 2014,x86_64,11294168,434464,277184,633216,135310168064,25807986688,0,200417280,134217719808,134217326592,719,0,0,1,SCHED_OTHER,0,9142.04,388.637,0,23.5233
65536,2,64,16384,4,64,2097152,16,64,12582912,128,64,0,0,0,32, AMD Opteron(TM) Processor 6272                 ,2100000000,Linux,cloud020.seas.wustl.edu,2.6.32-431.5.1.el6.x86_64,#1 SMP Tue Feb 11 13:30:01 CST 2014,x86_64,11294168,434464,277184,633216,135310168064,25807986688,0,200417280,134217719808,134217326592,719,0,0,1,SCHED_OTHER,0,9141.9,278.336,0,32.8447
65536,2,64,16384,4,64,2097152,16,64,12582912,128,64,0,0,0,32, AMD Opteron(TM) Processor 6272                 ,2100000000,Linux,cloud020.seas.wustl.edu,2.6.32-431.5.1.el6.x86_64,#1 SMP Tue Feb 11 13:30:01 CST 2014,x86_64,11294168,434464,277184,633216,135310168064,25807986688,0,200417280,134217719808,134217326592,719,0,0,1,SCHED_OTHER,0,1.49638e+06,305027,0,4.90572
65536,2,64,16384,4,64,2097152,16,64,12582912,128,64,0,0,0,32, AMD Opteron(TM) Processor 6272                 ,2100000000,Linux,cloud020.seas.wustl.edu,2.6.32-431.5.1.el6.x86_64,#1 SMP Tue Feb 11 13:30:01 CST 2014,x86_64,11294168,434464,277184,633216,135310168064,25807986688,0,200417280,134217719808,134217326592,719,0,0,1,SCHED_OTHER,0,875083,305036,0,2.86878
65536,2,64,16384,4,64,2097152,16,64,12582912,128,64,0,0,0,32, AMD Opteron(TM) Processor 6272                 ,2100000000,Linux,cloud020.seas.wustl.edu,2.6.32-431.5.1.el6.x86_64,#1 SMP Tue Feb 11 13:30:01 CST 2014,x86_64,11294168,434464,277184,633216,135310168064,25807986688,0,200417280,134217719808,134217326592,719,0,0,1,SCHED_OTHER,0,997828,305042,0,3.27112
65536,2,64,16384,4,64,2097152,16,64,12582912,128,64,0,0,0,32, AMD Opteron(TM) Processor 6272                 ,2100000000,Linux,cloud020.seas.wustl.edu,2.6.32-431.5.1.el6.x86_64,#1 SMP Tue Feb 11 13:30:01 CST 2014,x86_64,11294168,434464,277184,633216,135310168064,25807986688,0,200417280,134217719808,134217326592,719,0,0,1,SCHED_OTHER,0,931089,305069,0,3.05205
65536,2,64,16384,4,64,2097152,16,64,12582912,128,64,0,0,0,32, AMD Opteron(TM) Processor 6272                 ,2100000000,Linux,cloud020.seas.wustl.edu,2.6.32-431.5.1.el6.x86_64,#1 SMP Tue Feb 11 13:30:01 CST 2014,x86_64,11294168,434464,277184,633216,135310168064,25807986688,0,200417280,134217719808,134217326592,719,0,0,1,SCHED_OTHER,0,995863,305060,0,3.26448
65536,2,64,16384,4,64,2097152,16,64,12582912,128,64,0,0,0,32, AMD Opteron(TM) Processor 6272                 ,2100000000,Linux,cloud020.seas.wustl.edu,2.6.32-431.5.1.el6.x86_64,#1 SMP Tue Feb 11 13:30:01 CST 2014,x86_64,11294168,434464,277184,633216,135310168064,25807986688,0,200417280,134217719808,134217326592,719,0,0,1,SCHED_OTHER,0,1.21571e+06,305055,0,3.98521
65536,2,64,16384,4,64,2097152,16,64,12582912,128,64,0,0,0,32, AMD Opteron(TM) Processor 6272                 ,2100000000,Linux,cloud020.seas.wustl.edu,2.6.32-431.5.1.el6.x86_64,#1 SMP Tue Feb 11 13:30:01 CST 2014,x86_64,11294168,434464,277184,633216,135310168064,25807986688,0,200417280,134217719808,134217326592,719,0,0,1,SCHED_OTHER,0,924140,305059,0,3.02938
65536,2,64,16384,4,64,2097152,16,64,12582912,128,64,0,0,0,32, AMD Opteron(TM) Processor 6272                 ,2100000000,Linux,cloud020.seas.wustl.edu,2.6.32-431.5.1.el6.x86_64,#1 SMP Tue Feb 11 13:30:01 CST 2014,x86_64,11294168,434464,277184,633216,135310168064,25807986688,0,200417280,134217719808,134217326592,719,0,0,1,SCHED_OTHER,0,1.1355e+06,305069,0,3.72211
65536,2,64,16384,4,64,2097152,16,64,12582912,128,64,0,0,0,32, AMD Opteron(TM) Processor 6272                 ,2100000000,Linux,cloud020.seas.wustl.edu,2.6.32-431.5.1.el6.x86_64,#1 SMP Tue Feb 11 13:30:01 CST 2014,x86_64,11294168,434464,277184,633216,135310168064,25807986688,0,200417280,134217719808,134217326592,719,0,0,1,SCHED_OTHER,0,929718,305076,0,3.04749
65536,2,64,16384,4,64,2097152,16,64,12582912,128,64,0,0,0,32, AMD Opteron(TM) Processor 6272                 ,2100000000,Linux,cloud020.seas.wustl.edu,2.6.32-431.5.1.el6.x86_64,#1 SMP Tue Feb 11 13:30:01 CST 2014,x86_64,11294168,434464,277184,633216,135310168064,25807986688,0,200417280,134217719808,134217326592,719,0,0,1,SCHED_OTHER,0,1.07488e+06,305086,0,3.52319
65536,2,64,16384,4,64,2097152,16,64,12582912,128,64,0,0,0,32, AMD Opteron(TM) Processor 6272                 ,2100000000,Linux,cloud020.seas.wustl.edu,2.6.32-431.5.1.el6.x86_64,#1 SMP Tue Feb 11 13:30:01 CST 2014,x86_64,11294168,434464,277184,633216,135310168064,25807986688,0,200417280,134217719808,134217326592,719,0,0,1,SCHED_OTHER,0,1.05479e+06,305092,0,3.45727
65536,2,64,16384,4,64,2097152,16,64,12582912,128,64,0,0,0,32, AMD Opteron(TM) Processor 6272                 ,2100000000,Linux,cloud020.seas.wustl.edu,2.6.32-431.5.1.el6.x86_64,#1 SMP Tue Feb 11 13:30:01 CST 2014,x86_64,11294168,434464,277184,633216,135310168064,25807986688,0,200417280,134217719808,134217326592,719,0,0,1,SCHED_OTHER,0,755919,305102,0,2.47759
65536,2,64,16384,4,64,2097152,16,64,12582912,128,64,0,0,0,32, AMD Opteron(TM) Processor 6272                 ,2100000000,Linux,cloud020.seas.wustl.edu,2.6.32-431.5.1.el6.x86_64,#1 SMP Tue Feb 11 13:30:01 CST 2014,x86_64,11294175,592032,314752,641536,135310168064,25815986176,0,200417280,134217719808,134217326592,719,0,0,1,SCHED_OTHER,0,9873.28,416.456,0,23.7077
65536,2,64,16384,4,64,2097152,16,64,12582912,128,64,0,0,0,32, AMD Opteron(TM) Processor 6272                 ,2100000000,Linux,cloud020.seas.wustl.edu,2.6.32-431.5.1.el6.x86_64,#1 SMP Tue Feb 11 13:30:01 CST 2014,x86_64,11294175,592032,314752,641536,135310168064,25815986176,0,200417280,134217719808,134217326592,719,0,0,1,SCHED_OTHER,0,9873.53,322.796,0,30.5875
65536,2,64,16384,4,64,2097152,16,64,12582912,128,64,0,0,0,32, AMD Opteron(TM) Processor 6272                 ,2100000000,Linux,cloud020.seas.wustl.edu,2.6.32-431.5.1.el6.x86_64,#1 SMP Tue Feb 11 13:30:01 CST 2014,x86_64,11294175,592032,314752,641536,135310168064,25815986176,0,200417280,134217719808,134217326592,719,0,0,1,SCHED_OTHER,0,9873.79,309.096,0,31.944
65536,2,64,16384,4,64,2097152,16,64,12582912,128,64,0,0,0,32, AMD Opteron(TM) Processor 6272                 ,2100000000,Linux,cloud020.seas.wustl.edu,2.6.32-431.5.1.el6.x86_64,#1 SMP Tue Feb 11 13:30:01 CST 2014,x86_64,11294175,592032,314752,641536,135310168064,25815986176,0,200417280,134217719808,134217326592,719,0,0,1,SCHED_OTHER,0,9874.27,299.645,0,32.9532
65536,2,64,16384,4,64,2097152,16,64,12582912,128,64,0,0,0,32, AMD Opteron(TM) Processor 6272                 ,2100000000,Linux,cloud020.seas.wustl.edu,2.6.32-431.5.1.el6.x86_64,#1 SMP Tue Feb 11 13:30:01 CST 2014,x86_64,11294175,592032,314752,641536,135310168064,25815986176,0,200417280,134217719808,134217326592,719,0,0,1,SCHED_OTHER,0,9874.45,288.226,0,34.2593
65536,2,64,16384,4,64,2097152,16,64,12582912,128,64,0,0,0,32, AMD Opteron(TM) Processor 6272                 ,2100000000,Linux,cloud020.seas.wustl.edu,2.6.32-431.5.1.el6.x86_64,#1 SMP Tue Feb 11 13:30:01 CST 2014,x86_64,11294175,592032,314752,641536,135310168064,25815986176,0,200417280,134217719808,134217326592,719,0,0,1,SCHED_OTHER,0,9874.66,538.6,0,18.3339
65536,2,64,16384,4,64,2097152,16,64,12582912,128,64,0,0,0,32, AMD Opteron(TM) Processor 6272                 ,2100000000,Linux,cloud020.seas.wustl.edu,2.6.32-431.5.1.el6.x86_64,#1 SMP Tue Feb 11 13:30:01 CST 2014,x86_64,11294175,592032,314752,641536,135310168064,25815986176,0,200417280,134217719808,134217326592,719,0,0,1,SCHED_OTHER,0,9874.57,349.27,0,28.272
65536,2,64,16384,4,64,2097152,16,64,12582912,128,64,0,0,0,32, AMD Opteron(TM) Processor 6272                 ,2100000000,Linux,cloud020.seas.wustl.edu,2.6.32-431.5.1.el6.x86_64,#1 SMP Tue Feb 11 13:30:01 CST 2014,x86_64,11294175,592032,314752,641536,135310168064,25815986176,0,200417280,134217719808,134217326592,719,0,0,1,SCHED_OTHER,0,9875.27,433.844,0,22.7622
65536,2,64,16384,4,64,2097152,16,64,12582912,128,64,0,0,0,32, AMD Opteron(TM) Processor 6272                 ,2100000000,Linux,cloud020.seas.wustl.edu,2.6.32-431.5.1.el6.x86_64,#1 SMP Tue Feb 11 13:30:01 CST 2014,x86_64,11294175,592032,314752,641536,135310168064,25815986176,0,200417280,134217719808,134217326592,719,0,0,1,SCHED_OTHER,0,9875.03,351.571,0,28.0882
65536,2,64,16384,4,64,2097152,16,64,12582912,128,64,0,0,0,32, AMD Opteron(TM) Processor 6272                 ,2100000000,Linux,cloud020.seas.wustl.edu,2.6.32-431.5.1.el6.x86_64,#1 SMP Tue Feb 11 13:30:01 CST 2014,x86_64,11294175,592032,314752,641536,135310168064,25815986176,0,200417280,134217719808,134217326592,719,0,0,1,SCHED_OTHER,0,9875.2,433.188,0,22.7965
65536,2,64,16384,4,64,2097152,16,64,12582912,128,64,0,0,0,32, AMD Opteron(TM) Processor 6272                 ,2100000000,Linux,cloud020.seas.wustl.edu,2.6.32-431.5.1.el6.x86_64,#1 SMP Tue Feb 11 13:30:01 CST 2014,x86_64,11294175,592032,314752,641536,135310168064,25815986176,0,200417280,134217719808,134217326592,719,0,0,1,SCHED_OTHER,0,9875.31,296.412,0,33.3161
65536,2,64,16384,4,64,2097152,16,64,12582912,128,64,0,0,0,32, AMD Opteron(TM) Processor 6272                 ,2100000000,Linux,cloud020.seas.wustl.edu,2.6.32-431.5.1.el6.x86_64,#1 SMP Tue Feb 11 13:30:01 CST 2014,x86_64,11294175,592032,314752,641536,135310168064,25815986176,0,200417280,134217719808,134217326592,719,0,0,1,SCHED_OTHER,0,9875.04,349.625,0,28.2446
65536,2,64,16384,4,64,2097152,16,64,12582912,128,64,0,0,0,32, AMD Opteron(TM) Processor 6272                 ,2100000000,Linux,cloud020.seas.wustl.edu,2.6.32-431.5.1.el6.x86_64,#1 SMP Tue Feb 11 13:30:01 CST 2014,x86_64,11294175,592032,314752,641536,135310168064,25815986176,0,200417280,134217719808,134217326592,719,0,0,1,SCHED_OTHER,0,1.12595e+06,298386,0,3.77348
65536,2,64,16384,4,64,2097152,16,64,12582912,128,64,0,0,0,32, AMD Opteron(TM) Processor 6272                 ,2100000000,Linux,cloud020.seas.wustl.edu,2.6.32-431.5.1.el6.x86_64,#1 SMP Tue Feb 11 13:30:01 CST 2014,x86_64,11294175,592032,314752,641536,135310168064,25815986176,0,200417280,134217719808,134217326592,719,0,0,1,SCHED_OTHER,0,870538,298392,0,2.91742
65536,2,64,16384,4,64,2097152,16,64,12582912,128,64,0,0,0,32, AMD Opteron(TM) Processor 6272                 ,2100000000,Linux,cloud020.seas.wustl.edu,2.6.32-431.5.1.el6.x86_64,#1 SMP Tue Feb 11 13:30:01 CST 2014,x86_64,11294175,592032,314752,641536,135310168064,25815986176,0,200417280,134217719808,134217326592,719,0,0,1,SCHED_OTHER,0,840394,298400,0,2.81633
65536,2,64,16384,4,64,2097152,16,64,12582912,128,64,0,0,0,32, AMD Opteron(TM) Processor 6272                 ,2100000000,Linux,cloud020.seas.wustl.edu,2.6.32-431.5.1.el6.x86_64,#1 SMP Tue Feb 11 13:30:01 CST 2014,x86_64,11294175,592032,314752,641536,135310168064,25815986176,0,200417280,134217719808,134217326592,719,0,0,1,SCHED_OTHER,0,807815,298388,0,2.70725
65536,2,64,16384,4,64,2097152,16,64,12582912,128,64,0,0,0,32, AMD Opteron(TM) Processor 6272                 ,2100000000,Linux,cloud020.seas.wustl.edu,2.6.32-431.5.1.el6.x86_64,#1 SMP Tue Feb 11 13:30:01 CST 2014,x86_64,11294175,592032,314752,641536,135310168064,25815986176,0,200417280,134217719808,134217326592,719,0,0,1,SCHED_OTHER,0,774605,298410,0,2.59577
65536,2,64,16384,4,64,2097152,16,64,12582912,128,64,0,0,0,32, AMD Opteron(TM) Processor 6272                 ,2100000000,Linux,cloud020.seas.wustl.edu,2.6.32-431.5.1.el6.x86_64,#1 SMP Tue Feb 11 13:30:01 CST 2014,x86_64,11294175,592032,314752,641536,135310168064,25815986176,0,200417280,134217719808,134217326592,719,0,0,1,SCHED_OTHER,0,1.45463e+06,298404,0,4.87471
65536,2,64,16384,4,64,2097152,16,64,12582912,128,64,0,0,0,32, AMD Opteron(TM) Processor 6272                 ,2100000000,Linux,cloud020.seas.wustl.edu,2.6.32-431.5.1.el6.x86_64,#1 SMP Tue Feb 11 13:30:01 CST 2014,x86_64,11294175,592032,314752,641536,135310168064,25815986176,0,200417280,134217719808,134217326592,719,0,0,1,SCHED_OTHER,0,938770,298412,0,3.14588
65536,2,64,16384,4,64,2097152,16,64,12582912,128,64,0,0,0,32, AMD Opteron(TM) Processor 6272                 ,2100000000,Linux,cloud020.seas.wustl.edu,2.6.32-431.5.1.el6.x86_64,#1 SMP Tue Feb 11 13:30:01 CST 2014,x86_64,11294175,592032,314752,641536,135310168064,25815986176,0,200417280,134217719808,134217326592,719,0,0,1,SCHED_OTHER,0,1.17717e+06,298424,0,3.94463
65536,2,64,16384,4,64,2097152,16,64,12582912,128,64,0,0,0,32, AMD Opteron(TM) Processor 6272                 ,2100000000,Linux,cloud020.seas.wustl.edu,2.6.32-431.5.1.el6.x86_64,#1 SMP Tue Feb 11 13:30:01 CST 2014,x86_64,11294175,592032,314752,641536,135310168064,25815986176,0,200417280,134217719808,134217326592,719,0,0,1,SCHED_OTHER,0,952612,298431,0,3.19206
65536,2,64,16384,4,64,2097152,16,64,12582912,128,64,0,0,0,32, AMD Opteron(TM) Processor 6272                 ,2100000000,Linux,cloud020.seas.wustl.edu,2.6.32-431.5.1.el6.x86_64,#1 SMP Tue Feb 11 13:30:01 CST 2014,x86_64,11294175,592032,314752,641536,135310168064,25815986176,0,200417280,134217719808,134217326592,719,0,0,1,SCHED_OTHER,0,1.16562e+06,298435,0,3.90577
65536,2,64,16384,4,64,2097152,16,64,12582912,128,64,0,0,0,32, AMD Opteron(TM) Processor 6272                 ,2100000000,Linux,cloud020.seas.wustl.edu,2.6.32-431.5.1.el6.x86_64,#1 SMP Tue Feb 11 13:30:01 CST 2014,x86_64,11294175,592032,314752,641536,135310168064,25815986176,0,200417280,134217719808,134217326592,719,0,0,1,SCHED_OTHER,0,801610,298436,0,2.68603
65536,2,64,16384,4,64,2097152,16,64,12582912,128,64,0,0,0,32, AMD Opteron(TM) Processor 6272                 ,2100000000,Linux,cloud020.seas.wustl.edu,2.6.32-431.5.1.el6.x86_64,#1 SMP Tue Feb 11 13:30:01 CST 2014,x86_64,11294175,592032,314752,641536,135310168064,25815986176,0,200417280,134217719808,134217326592,719,0,0,1,SCHED_OTHER,0,941802,298442,0,3.15572
65536,2,64,16384,4,64,2097152,16,64,12582912,128,64,0,0,0,32, AMD Opteron(TM) Processor 6272                 ,2100000000,Linux,cloud020.seas.wustl.edu,2.6.32-431.5.1.el6.x86_64,#1 SMP Tue Feb 11 13:30:01 CST 2014,x86_64,11294181,754528,353024,652160,135310168064,25808478208,0,200417280,134217719808,134217326592,719,0,0,1,SCHED_OTHER,0,9916.07,342.542,0,28.9483
65536,2,64,16384,4,64,2097152,16,64,12582912,128,64,0,0,0,32, AMD Opteron(TM) Processor 6272                 ,2100000000,Linux,cloud020.seas.wustl.edu,2.6.32-431.5.1.el6.x86_64,#1 SMP Tue Feb 11 13:30:01 CST 2014,x86_64,11294181,754528,353024,652160,135310168064,25808478208,0,200417280,134217719808,134217326592,719,0,0,1,SCHED_OTHER,0,9916.27,392.376,0,25.2723
65536,2,64,16384,4,64,2097152,16,64,12582912,128,64,0,0,0,32, AMD Opteron(TM) Processor 6272                 ,2100000000,Linux,cloud020.seas.wustl.edu,2.6.32-431.5.1.el6.x86_64,#1 SMP Tue Feb 11 13:30:01 CST 2014,x86_64,11294181,754528,353024,652160,135310168064,25808478208,0,200417280,134217719808,134217326592,719,0,0,1,SCHED_OTHER,0,9916.58,331.088,0,29.9515
65536,2,64,16384,4,64,2097152,16,64,12582912,128,64,0,0,0,32, AMD Opteron(TM) Processor 6272                 ,2100000000,Linux,cloud020.seas.wustl.edu,2.6.32-431.5.1.el6.x86_64,#1 SMP Tue Feb 11 13:30:01 CST 2014,x86_64,11294181,754528,353024,652160,135310168064,25808478208,0,200417280,134217719808,134217326592,719,0,0,1,SCHED_OTHER,0,9917.05,330.776,0,29.9812
65536,2,64,16384,4,64,2097152,16,64,12582912,128,64,0,0,0,32, AMD Opteron(TM) Processor 6272                 ,2100000000,Linux,cloud020.seas.wustl.edu,2.6.32-431.5.1.el6.x86_64,#1 SMP Tue Feb 11 13:30:01 CST 2014,x86_64,11294181,754528,353024,652160,135310168064,25808478208,0,200417280,134217719808,134217326592,719,0,0,1,SCHED_OTHER,0,9917.17,396.674,0,25.0008
65536,2,64,16384,4,64,2097152,16,64,12582912,128,64,0,0,0,32, AMD Opteron(TM) Processor 6272                 ,2100000000,Linux,cloud020.seas.wustl.edu,2.6.32-431.5.1.el6.x86_64,#1 SMP Tue Feb 11 13:30:01 CST 2014,x86_64,11294181,754528,353024,652160,135310168064,25808478208,0,200417280,134217719808,134217326592,719,0,0,1,SCHED_OTHER,0,9917.43,437.664,0,22.6599
65536,2,64,16384,4,64,2097152,16,64,12582912,128,64,0,0,0,32, AMD Opteron(TM) Processor 6272                 ,2100000000,Linux,cloud020.seas.wustl.edu,2.6.32-431.5.1.el6.x86_64,#1 SMP Tue Feb 11 13:30:01 CST 2014,x86_64,11294181,754528,353024,652160,135310168064,25808478208,0,200417280,134217719808,134217326592,719,0,0,1,SCHED_OTHER,0,9917.17,567.8,0,17.4659
65536,2,64,16384,4,64,2097152,16,64,12582912,128,64,0,0,0,32, AMD Opteron(TM) Processor 6272                 ,2100000000,Linux,cloud020.seas.wustl.edu,2.6.32-431.5.1.el6.x86_64,#1 SMP Tue Feb 11 13:30:01 CST 2014,x86_64,11294181,754528,353024,652160,135310168064,25808478208,0,200417280,134217719808,134217326592,719,0,0,1,SCHED_OTHER,0,9918,374.74,0,26.4663
65536,2,64,16384,4,64,2097152,16,64,12582912,128,64,0,0,0,32, AMD Opteron(TM) Processor 6272                 ,2100000000,Linux,cloud020.seas.wustl.edu,2.6.32-431.5.1.el6.x86_64,#1 SMP Tue Feb 11 13:30:01 CST 2014,x86_64,11294181,754528,353024,652160,135310168064,25808478208,0,200417280,134217719808,134217326592,719,0,0,1,SCHED_OTHER,0,9917.72,282.932,0,35.0533
65536,2,64,16384,4,64,2097152,16,64,12582912,128,64,0,0,0,32, AMD Opteron(TM) Processor 6272                 ,2100000000,Linux,cloud020.seas.wustl.edu,2.6.32-431.5.1.el6.x86_64,#1 SMP Tue Feb 11 13:30:01 CST 2014,x86_64,11294181,754528,353024,652160,135310168064,25808478208,0,200417280,134217719808,134217326592,719,0,0,1,SCHED_OTHER,0,9918.02,371.79,0,26.6764
65536,2,64,16384,4,64,2097152,16,64,12582912,128,64,0,0,0,32, AMD Opteron(TM) Processor 6272                 ,2100000000,Linux,cloud020.seas.wustl.edu,2.6.32-431.5.1.el6.x86_64,#1 SMP Tue Feb 11 13:30:01 CST 2014,x86_64,11294181,754528,353024,652160,135310168064,25808478208,0,200417280,134217719808,134217326592,719,0,0,1,SCHED_OTHER,0,9918.26,306.882,0,32.3194
65536,2,64,16384,4,64,2097152,16,64,12582912,128,64,0,0,0,32, AMD Opteron(TM) Processor 6272                 ,2100000000,Linux,cloud020.seas.wustl.edu,2.6.32-431.5.1.el6.x86_64,#1 SMP Tue Feb 11 13:30:01 CST 2014,x86_64,11294181,754528,353024,652160,135310168064,25808478208,0,200417280,134217719808,134217326592,719,0,0,1,SCHED_OTHER,0,9918.24,371.155,0,26.7226
65536,2,64,16384,4,64,2097152,16,64,12582912,128,64,0,0,0,32, AMD Opteron(TM) Processor 6272                 ,2100000000,Linux,cloud020.seas.wustl.edu,2.6.32-431.5.1.el6.x86_64,#1 SMP Tue Feb 11 13:30:01 CST 2014,x86_64,11294181,754528,353024,652160,135310168064,25808478208,0,200417280,134217719808,134217326592,719,0,0,1,SCHED_OTHER,0,927846,320464,0,2.89532
65536,2,64,16384,4,64,2097152,16,64,12582912,128,64,0,0,0,32, AMD Opteron(TM) Processor 6272                 ,2100000000,Linux,cloud020.seas.wustl.edu,2.6.32-431.5.1.el6.x86_64,#1 SMP Tue Feb 11 13:30:01 CST 2014,x86_64,11294181,754528,353024,652160,135310168064,25808478208,0,200417280,134217719808,134217326592,719,0,0,1,SCHED_OTHER,0,1.06264e+06,320472,0,3.31585
65536,2,64,16384,4,64,2097152,16,64,12582912,128,64,0,0,0,32, AMD Opteron(TM) Processor 6272                 ,2100000000,Linux,cloud020.seas.wustl.edu,2.6.32-431.5.1.el6.x86_64,#1 SMP Tue Feb 11 13:30:01 CST 2014,x86_64,11294181,754528,353024,652160,135310168064,25808478208,0,200417280,134217719808,134217326592,719,0,0,1,SCHED_OTHER,0,900175,320483,0,2.80881
65536,2,64,16384,4,64,2097152,16,64,12582912,128,64,0,0,0,32, AMD Opteron(TM) Processor 6272                 ,2100000000,Linux,cloud020.seas.wustl.edu,2.6.32-431.5.1.el6.x86_64,#1 SMP Tue Feb 11 13:30:01 CST 2014,x86_64,11294181,754528,353024,652160,135310168064,25808478208,0,200417280,134217719808,134217326592,719,0,0,1,SCHED_OTHER,0,896095,320471,0,2.79618
65536,2,64,16384,4,64,2097152,16,64,12582912,128,64,0,0,0,32, AMD Opteron(TM) Processor 6272                 ,2100000000,Linux,cloud020.seas.wustl.edu,2.6.32-431.5.1.el6.x86_64,#1 SMP Tue Feb 11 13:30:01 CST 2014,x86_64,11294181,754528,353024,652160,135310168064,25808478208,0,200417280,134217719808,134217326592,719,0,0,1,SCHED_OTHER,0,1.06603e+06,320498,0,3.32616
65536,2,64,16384,4,64,2097152,16,64,12582912,128,64,0,0,0,32, AMD Opteron(TM) Processor 6272                 ,2100000000,Linux,cloud020.seas.wustl.edu,2.6.32-431.5.1.el6.x86_64,#1 SMP Tue Feb 11 13:30:01 CST 2014,x86_64,11294181,754528,353024,652160,135310168064,25808478208,0,200417280,134217719808,134217326592,719,0,0,1,SCHED_OTHER,0,1.19095e+06,320489,0,3.71603
65536,2,64,16384,4,64,2097152,16,64,12582912,128,64,0,0,0,32, AMD Opteron(TM) Processor 6272                 ,2100000000,Linux,cloud020.seas.wustl.edu,2.6.32-431.5.1.el6.x86_64,#1 SMP Tue Feb 11 13:30:01 CST 2014,x86_64,11294181,754528,353024,652160,135310168064,25808478208,0,200417280,134217719808,134217326592,719,0,0,1,SCHED_OTHER,0,1.53313e+06,320500,0,4.78357
65536,2,64,16384,4,64,2097152,16,64,12582912,128,64,0,0,0,32, AMD Opteron(TM) Processor 6272                 ,2100000000,Linux,cloud020.seas.wustl.edu,2.6.32-431.5.1.el6.x86_64,#1 SMP Tue Feb 11 13:30:01 CST 2014,x86_64,11294181,754528,353024,652160,135310168064,25808478208,0,200417280,134217719808,134217326592,719,0,0,1,SCHED_OTHER,0,1.01715e+06,320510,0,3.17354
65536,2,64,16384,4,64,2097152,16,64,12582912,128,64,0,0,0,32, AMD Opteron(TM) Processor 6272                 ,2100000000,Linux,cloud020.seas.wustl.edu,2.6.32-431.5.1.el6.x86_64,#1 SMP Tue Feb 11 13:30:01 CST 2014,x86_64,11294181,754528,353024,652160,135310168064,25808478208,0,200417280,134217719808,134217326592,719,0,0,1,SCHED_OTHER,0,766811,320519,0,2.3924
65536,2,64,16384,4,64,2097152,16,64,12582912,128,64,0,0,0,32, AMD Opteron(TM) Processor 6272                 ,2100000000,Linux,cloud020.seas.wustl.edu,2.6.32-431.5.1.el6.x86_64,#1 SMP Tue Feb 11 13:30:01 CST 2014,x86_64,11294181,754528,353024,652160,135310168064,25808478208,0,200417280,134217719808,134217326592,719,0,0,1,SCHED_OTHER,0,1.00059e+06,320529,0,3.12166
65536,2,64,16384,4,64,2097152,16,64,12582912,128,64,0,0,0,32, AMD Opteron(TM) Processor 6272                 ,2100000000,Linux,cloud020.seas.wustl.edu,2.6.32-431.5.1.el6.x86_64,#1 SMP Tue Feb 11 13:30:01 CST 2014,x86_64,11294181,754528,353024,652160,135310168064,25808478208,0,200417280,134217719808,134217326592,719,0,0,1,SCHED_OTHER,0,831903,320535,0,2.59535
65536,2,64,16384,4,64,2097152,16,64,12582912,128,64,0,0,0,32, AMD Opteron(TM) Processor 6272                 ,2100000000,Linux,cloud020.seas.wustl.edu,2.6.32-431.5.1.el6.x86_64,#1 SMP Tue Feb 11 13:30:01 CST 2014,x86_64,11294181,754528,353024,652160,135310168064,25808478208,0,200417280,134217719808,134217326592,719,0,0,1,SCHED_OTHER,0,1.0023e+06,320548,0,3.12682
65536,2,64,16384,4,64,2097152,16,64,12582912,128,64,0,0,0,32, AMD Opteron(TM) Processor 6272                 ,2100000000,Linux,cloud020.seas.wustl.edu,2.6.32-431.5.1.el6.x86_64,#1 SMP Tue Feb 11 13:30:01 CST 2014,x86_64,11294188,709824,350400,649696,135310168064,25829392384,0,200417280,134217719808,134217326592,719,0,0,1,SCHED_OTHER,0,9068.67,344.146,0,26.351
65536,2,64,16384,4,64,2097152,16,64,12582912,128,64,0,0,0,32, AMD Opteron(TM) Processor 6272                 ,2100000000,Linux,cloud020.seas.wustl.edu,2.6.32-431.5.1.el6.x86_64,#1 SMP Tue Feb 11 13:30:01 CST 2014,x86_64,11294188,709824,350400,649696,135310168064,25829392384,0,200417280,134217719808,134217326592,719,0,0,1,SCHED_OTHER,0,9068.86,340.858,0,26.606
65536,2,64,16384,4,64,2097152,16,64,12582912,128,64,0,0,0,32, AMD Opteron(TM) Processor 6272                 ,2100000000,Linux,cloud020.seas.wustl.edu,2.6.32-431.5.1.el6.x86_64,#1 SMP Tue Feb 11 13:30:01 CST 2014,x86_64,11294188,709824,350400,649696,135310168064,25829392384,0,200417280,134217719808,134217326592,719,0,0,1,SCHED_OTHER,0,9068.86,354.648,0,25.5714
65536,2,64,16384,4,64,2097152,16,64,12582912,128,64,0,0,0,32, AMD Opteron(TM) Processor 6272                 ,2100000000,Linux,cloud020.seas.wustl.edu,2.6.32-431.5.1.el6.x86_64,#1 SMP Tue Feb 11 13:30:01 CST 2014,x86_64,11294188,709824,350400,649696,135310168064,25829392384,0,200417280,134217719808,134217326592,719,0,0,1,SCHED_OTHER,0,9069.04,345.661,0,26.2368
65536,2,64,16384,4,64,2097152,16,64,12582912,128,64,0,0,0,32, AMD Opteron(TM) Processor 6272                 ,2100000000,Linux,cloud020.seas.wustl.edu,2.6.32-431.5.1.el6.x86_64,#1 SMP Tue Feb 11 13:30:01 CST 2014,x86_64,11294188,709824,350400,649696,135310168064,25829392384,0,200417280,134217719808,134217326592,719,0,0,1,SCHED_OTHER,0,9069.06,482.667,0,18.7894
65536,2,64,16384,4,64,2097152,16,64,12582912,128,64,0,0,0,32, AMD Opteron(TM) Processor 6272                 ,2100000000,Linux,cloud020.seas.wustl.edu,2.6.32-431.5.1.el6.x86_64,#1 SMP Tue Feb 11 13:30:01 CST 2014,x86_64,11294188,709824,350400,649696,135310168064,25829392384,0,200417280,134217719808,134217326592,719,0,0,1,SCHED_OTHER,0,9069.19,476.978,0,19.0138
65536,2,64,16384,4,64,2097152,16,64,12582912,128,64,0,0,0,32, AMD Opteron(TM) Processor 6272                 ,2100000000,Linux,cloud020.seas.wustl.edu,2.6.32-431.5.1.el6.x86_64,#1 SMP Tue Feb 11 13:30:01 CST 2014,x86_64,11294188,709824,350400,649696,135310168064,25829392384,0,200417280,134217719808,134217326592,719,0,0,1,SCHED_OTHER,0,9068.96,324.073,0,27.9843
65536,2,64,16384,4,64,2097152,16,64,12582912,128,64,0,0,0,32, AMD Opteron(TM) Processor 6272                 ,2100000000,Linux,cloud020.seas.wustl.edu,2.6.32-431.5.1.el6.x86_64,#1 SMP Tue Feb 11 13:30:01 CST 2014,x86_64,11294188,709824,350400,649696,135310168064,25829392384,0,200417280,134217719808,134217326592,719,0,0,1,SCHED_OTHER,0,9069.41,509.369,0,17.8052
65536,2,64,16384,4,64,2097152,16,64,12582912,128,64,0,0,0,32, AMD Opteron(TM) Processor 6272                 ,2100000000,Linux,cloud020.seas.wustl.edu,2.6.32-431.5.1.el6.x86_64,#1 SMP Tue Feb 11 13:30:01 CST 2014,x86_64,11294188,709824,350400,649696,135310168064,25829392384,0,200417280,134217719808,134217326592,719,0,0,1,SCHED_OTHER,0,9069.04,281.205,0,32.2505
65536,2,64,16384,4,64,2097152,16,64,12582912,128,64,0,0,0,32, AMD Opteron(TM) Processor 6272                 ,2100000000,Linux,cloud020.seas.wustl.edu,2.6.32-431.5.1.el6.x86_64,#1 SMP Tue Feb 11 13:30:01 CST 2014,x86_64,11294188,709824,350400,649696,135310168064,25829392384,0,200417280,134217719808,134217326592,719,0,0,1,SCHED_OTHER,0,9069.19,315.087,0,28.7831
65536,2,64,16384,4,64,2097152,16,64,12582912,128,64,0,0,0,32, AMD Opteron(TM) Processor 6272                 ,2100000000,Linux,cloud020.seas.wustl.edu,2.6.32-431.5.1.el6.x86_64,#1 SMP Tue Feb 11 13:30:01 CST 2014,x86_64,11294188,709824,350400,649696,135310168064,25829392384,0,200417280,134217719808,134217326592,719,0,0,1,SCHED_OTHER,0,9069.29,412.226,0,22.0007
65536,2,64,16384,4,64,2097152,16,64,12582912,128,64,0,0,0,32, AMD Opteron(TM) Processor 6272                 ,2100000000,Linux,cloud020.seas.wustl.edu,2.6.32-431.5.1.el6.x86_64,#1 SMP Tue Feb 11 13:30:01 CST 2014,x86_64,11294188,709824,350400,649696,135310168064,25829392384,0,200417280,134217719808,134217326592,719,0,0,1,SCHED_OTHER,0,9069.14,357.368,0,25.3775
65536,2,64,16384,4,64,2097152,16,64,12582912,128,64,0,0,0,32, AMD Opteron(TM) Processor 6272                 ,2100000000,Linux,cloud020.seas.wustl.edu,2.6.32-431.5.1.el6.x86_64,#1 SMP Tue Feb 11 13:30:01 CST 2014,x86_64,11294188,709824,350400,649696,135310168064,25829392384,0,200417280,134217719808,134217326592,719,0,0,1,SCHED_OTHER,0,932248,242091,0,3.85082
65536,2,64,16384,4,64,2097152,16,64,12582912,128,64,0,0,0,32, AMD Opteron(TM) Processor 6272                 ,2100000000,Linux,cloud020.seas.wustl.edu,2.6.32-431.5.1.el6.x86_64,#1 SMP Tue Feb 11 13:30:01 CST 2014,x86_64,11294188,709824,350400,649696,135310168064,25829392384,0,200417280,134217719808,134217326592,719,0,0,1,SCHED_OTHER,0,928141,242093,0,3.83381
65536,2,64,16384,4,64,2097152,16,64,12582912,128,64,0,0,0,32, AMD Opteron(TM) Processor 6272                 ,2100000000,Linux,cloud020.seas.wustl.edu,2.6.32-431.5.1.el6.x86_64,#1 SMP Tue Feb 11 13:30:01 CST 2014,x86_64,11294188,709824,350400,649696,135310168064,25829392384,0,200417280,134217719808,134217326592,719,0,0,1,SCHED_OTHER,0,967158,242092,0,3.995
65536,2,64,16384,4,64,2097152,16,64,12582912,128,64,0,0,0,32, AMD Opteron(TM) Processor 6272                 ,2100000000,Linux,cloud020.seas.wustl.edu,2.6.32-431.5.1.el6.x86_64,#1 SMP Tue Feb 11 13:30:01 CST 2014,x86_64,11294188,709824,350400,649696,135310168064,25829392384,0,200417280,134217719808,134217326592,719,0,0,1,SCHED_OTHER,0,935881,242094,0,3.86576
65536,2,64,16384,4,64,2097152,16,64,12582912,128,64,0,0,0,32, AMD Opteron(TM) Processor 6272                 ,2100000000,Linux,cloud020.seas.wustl.edu,2.6.32-431.5.1.el6.x86_64,#1 SMP Tue Feb 11 13:30:01 CST 2014,x86_64,11294188,709824,350400,649696,135310168064,25829392384,0,200417280,134217719808,134217326592,719,0,0,1,SCHED_OTHER,0,1.30372e+06,242096,0,5.38511
65536,2,64,16384,4,64,2097152,16,64,12582912,128,64,0,0,0,32, AMD Opteron(TM) Processor 6272                 ,2100000000,Linux,cloud020.seas.wustl.edu,2.6.32-431.5.1.el6.x86_64,#1 SMP Tue Feb 11 13:30:01 CST 2014,x86_64,11294188,709824,350400,649696,135310168064,25829392384,0,200417280,134217719808,134217326592,719,0,0,1,SCHED_OTHER,0,1.29697e+06,242089,0,5.35742
65536,2,64,16384,4,64,2097152,16,64,12582912,128,64,0,0,0,32, AMD Opteron(TM) Processor 6272                 ,2100000000,Linux,cloud020.seas.wustl.edu,2.6.32-431.5.1.el6.x86_64,#1 SMP Tue Feb 11 13:30:01 CST 2014,x86_64,11294188,709824,350400,649696,135310168064,25829392384,0,200417280,134217719808,134217326592,719,0,0,1,SCHED_OTHER,0,876377,242092,0,3.62001
65536,2,64,16384,4,64,2097152,16,64,12582912,128,64,0,0,0,32, AMD Opteron(TM) Processor 6272                 ,2100000000,Linux,cloud020.seas.wustl.edu,2.6.32-431.5.1.el6.x86_64,#1 SMP Tue Feb 11 13:30:01 CST 2014,x86_64,11294188,709824,350400,649696,135310168064,25829392384,0,200417280,134217719808,134217326592,719,0,0,1,SCHED_OTHER,0,1.38344e+06,242094,0,5.71444
65536,2,64,16384,4,64,2097152,16,64,12582912,128,64,0,0,0,32, AMD Opteron(TM) Processor 6272                 ,2100000000,Linux,cloud020.seas.wustl.edu,2.6.32-431.5.1.el6.x86_64,#1 SMP Tue Feb 11 13:30:01 CST 2014,x86_64,11294188,709824,350400,649696,135310168064,25829392384,0,200417280,134217719808,134217326592,719,0,0,1,SCHED_OTHER,0,759419,242098,0,3.13682
65536,2,64,16384,4,64,2097152,16,64,12582912,128,64,0,0,0,32, AMD Opteron(TM) Processor 6272                 ,2100000000,Linux,cloud020.seas.wustl.edu,2.6.32-431.5.1.el6.x86_64,#1 SMP Tue Feb 11 13:30:01 CST 2014,x86_64,11294188,709824,350400,649696,135310168064,25829392384,0,200417280,134217719808,134217326592,719,0,0,1,SCHED_OTHER,0,855345,242103,0,3.53297
65536,2,64,16384,4,64,2097152,16,64,12582912,128,64,0,0,0,32, AMD Opteron(TM) Processor 6272                 ,2100000000,Linux,cloud020.seas.wustl.edu,2.6.32-431.5.1.el6.x86_64,#1 SMP Tue Feb 11 13:30:01 CST 2014,x86_64,11294188,709824,350400,649696,135310168064,25829392384,0,200417280,134217719808,134217326592,719,0,0,1,SCHED_OTHER,0,1.11332e+06,242102,0,4.59856
65536,2,64,16384,4,64,2097152,16,64,12582912,128,64,0,0,0,32, AMD Opteron(TM) Processor 6272                 ,2100000000,Linux,cloud020.seas.wustl.edu,2.6.32-431.5.1.el6.x86_64,#1 SMP Tue Feb 11 13:30:01 CST 2014,x86_64,11294188,709824,350400,649696,135310168064,25829392384,0,200417280,134217719808,134217326592,719,0,0,1,SCHED_OTHER,0,962077,242119,0,3.97357
65536,2,64,16384,4,64,2097152,16,64,12582912,128,64,0,0,0,32, AMD Opteron(TM) Processor 6272                 ,2100000000,Linux,cloud020.seas.wustl.edu,2.6.32-431.5.1.el6.x86_64,#1 SMP Tue Feb 11 13:30:01 CST 2014,x86_64,11294194,829888,386624,658176,135310168064,25837826048,0,200417280,134217719808,134217326592,719,0,0,1,SCHED_OTHER,0,9659.21,381.245,0,25.3358
65536,2,64,16384,4,64,2097152,16,64,12582912,128,64,0,0,0,32, AMD Opteron(TM) Processor 6272                 ,2100000000,Linux,cloud020.seas.wustl.edu,2.6.32-431.5.1.el6.x86_64,#1 SMP Tue Feb 11 13:30:01 CST 2014,x86_64,11294194,829888,386624,658176,135310168064,25837826048,0,200417280,134217719808,134217326592,719,0,0,1,SCHED_OTHER,0,9659.46,387.643,0,24.9185
65536,2,64,16384,4,64,2097152,16,64,12582912,128,64,0,0,0,32, AMD Opteron(TM) Processor 6272                 ,2100000000,Linux,cloud020.seas.wustl.edu,2.6.32-431.5.1.el6.x86_64,#1 SMP Tue Feb 11 13:30:01 CST 2014,x86_64,11294194,829888,386624,658176,135310168064,25837826048,0,200417280,134217719808,134217326592,719,0,0,1,SCHED_OTHER,0,9659.51,499.084,0,19.3544
65536,2,64,16384,4,64,2097152,16,64,12582912,128,64,0,0,0,32, AMD Opteron(TM) Processor 6272                 ,2100000000,Linux,cloud020.seas.wustl.edu,2.6.32-431.5.1.el6.x86_64,#1 SMP Tue Feb 11 13:30:01 CST 2014,x86_64,11294194,829888,386624,658176,135310168064,25837826048,0,200417280,134217719808,134217326592,719,0,0,1,SCHED_OTHER,0,9659.82,277.491,0,34.8113
65536,2,64,16384,4,64,2097152,16,64,12582912,128,64,0,0,0,32, AMD Opteron(TM) Processor 6272                 ,2100000000,Linux,cloud020.seas.wustl.edu,2.6.32-431.5.1.el6.x86_64,#1 SMP Tue Feb 11 13:30:01 CST 2014,x86_64,11294194,829888,386624,658176,135310168064,25837826048,0,200417280,134217719808,134217326592,719,0,0,1,SCHED_OTHER,0,9659.88,365.626,0,26.4201
65536,2,64,16384,4,64,2097152,16,64,12582912,128,64,0,0,0,32, AMD Opteron(TM) Processor 6272                 ,2100000000,Linux,cloud020.seas.wustl.edu,2.6.32-431.5.1.el6.x86_64,#1 SMP Tue Feb 11 13:30:01 CST 2014,x86_64,11294194,829888,386624,658176,135310168064,25837826048,0,200417280,134217719808,134217326592,719,0,0,1,SCHED_OTHER,0,9659.67,528.15,0,18.2896
65536,2,64,16384,4,64,2097152,16,64,12582912,128,64,0,0,0,32, AMD Opteron(TM) Processor 6272                 ,2100000000,Linux,cloud020.seas.wustl.edu,2.6.32-431.5.1.el6.x86_64,#1 SMP Tue Feb 11 13:30:01 CST 2014,x86_64,11294194,829888,386624,658176,135310168064,25837826048,0,200417280,134217719808,134217326592,719,0,0,1,SCHED_OTHER,0,9659.75,354.764,0,27.2286
65536,2,64,16384,4,64,2097152,16,64,12582912,128,64,0,0,0,32, AMD Opteron(TM) Processor 6272                 ,2100000000,Linux,cloud020.seas.wustl.edu,2.6.32-431.5.1.el6.x86_64,#1 SMP Tue Feb 11 13:30:01 CST 2014,x86_64,11294194,829888,386624,658176,135310168064,25837826048,0,200417280,134217719808,134217326592,719,0,0,1,SCHED_OTHER,0,9660.35,381.611,0,25.3146
65536,2,64,16384,4,64,2097152,16,64,12582912,128,64,0,0,0,32, AMD Opteron(TM) Processor 6272                 ,2100000000,Linux,cloud020.seas.wustl.edu,2.6.32-431.5.1.el6.x86_64,#1 SMP Tue Feb 11 13:30:01 CST 2014,x86_64,11294194,829888,386624,658176,135310168064,25837826048,0,200417280,134217719808,134217326592,719,0,0,1,SCHED_OTHER,0,9659.96,353.175,0,27.3517
65536,2,64,16384,4,64,2097152,16,64,12582912,128,64,0,0,0,32, AMD Opteron(TM) Processor 6272                 ,2100000000,Linux,cloud020.seas.wustl.edu,2.6.32-431.5.1.el6.x86_64,#1 SMP Tue Feb 11 13:30:01 CST 2014,x86_64,11294194,829888,386624,658176,135310168064,25837826048,0,200417280,134217719808,134217326592,719,0,0,1,SCHED_OTHER,0,9660.15,425.352,0,22.711
65536,2,64,16384,4,64,2097152,16,64,12582912,128,64,0,0,0,32, AMD Opteron(TM) Processor 6272                 ,2100000000,Linux,cloud020.seas.wustl.edu,2.6.32-431.5.1.el6.x86_64,#1 SMP Tue Feb 11 13:30:01 CST 2014,x86_64,11294194,829888,386624,658176,135310168064,25837826048,0,200417280,134217719808,134217326592,719,0,0,1,SCHED_OTHER,0,9660.25,306.563,0,31.5115
65536,2,64,16384,4,64,2097152,16,64,12582912,128,64,0,0,0,32, AMD Opteron(TM) Processor 6272                 ,2100000000,Linux,cloud020.seas.wustl.edu,2.6.32-431.5.1.el6.x86_64,#1 SMP Tue Feb 11 13:30:01 CST 2014,x86_64,11294194,829888,386624,658176,135310168064,25837826048,0,200417280,134217719808,134217326592,719,0,0,1,SCHED_OTHER,0,9660.13,351.916,0,27.4501
65536,2,64,16384,4,64,2097152,16,64,12582912,128,64,0,0,0,32, AMD Opteron(TM) Processor 6272                 ,2100000000,Linux,cloud020.seas.wustl.edu,2.6.32-431.5.1.el6.x86_64,#1 SMP Tue Feb 11 13:30:01 CST 2014,x86_64,11294194,829888,386624,658176,135310168064,25837826048,0,200417280,134217719808,134217326592,719,0,0,1,SCHED_OTHER,0,1.03373e+06,208340,0,4.96174
65536,2,64,16384,4,64,2097152,16,64,12582912,128,64,0,0,0,32, AMD Opteron(TM) Processor 6272                 ,2100000000,Linux,cloud020.seas.wustl.edu,2.6.32-431.5.1.el6.x86_64,#1 SMP Tue Feb 11 13:30:01 CST 2014,x86_64,11294194,829888,386624,658176,135310168064,25837826048,0,200417280,134217719808,134217326592,719,0,0,1,SCHED_OTHER,0,1.05215e+06,208345,0,5.05003
65536,2,64,16384,4,64,2097152,16,64,12582912,128,64,0,0,0,32, AMD Opteron(TM) Processor 6272                 ,2100000000,Linux,cloud020.seas.wustl.edu,2.6.32-431.5.1.el6.x86_64,#1 SMP Tue Feb 11 13:30:01 CST 2014,x86_64,11294194,829888,386624,658176,135310168064,25837826048,0,200417280,134217719808,134217326592,719,0,0,1,SCHED_OTHER,0,1.3522e+06,208344,0,6.49022
65536,2,64,16384,4,64,2097152,16,64,12582912,128,64,0,0,0,32, AMD Opteron(TM) Processor 6272                 ,2100000000,Linux,cloud020.seas.wustl.edu,2.6.32-431.5.1.el6.x86_64,#1 SMP Tue Feb 11 13:30:01 CST 2014,x86_64,11294194,829888,386624,658176,135310168064,25837826048,0,200417280,134217719808,134217326592,719,0,0,1,SCHED_OTHER,0,752905,208340,0,3.61382
65536,2,64,16384,4,64,2097152,16,64,12582912,128,64,0,0,0,32, AMD Opteron(TM) Processor 6272                 ,2100000000,Linux,cloud020.seas.wustl.edu,2.6.32-431.5.1.el6.x86_64,#1 SMP Tue Feb 11 13:30:01 CST 2014,x86_64,11294194,829888,386624,658176,135310168064,25837826048,0,200417280,134217719808,134217326592,719,0,0,1,SCHED_OTHER,0,988726,208351,0,4.74547
65536,2,64,16384,4,64,2097152,16,64,12582912,128,64,0,0,0,32, AMD Opteron(TM) Processor 6272                 ,2100000000,Linux,cloud020.seas.wustl.edu,2.6.32-431.5.1.el6.x86_64,#1 SMP Tue Feb 11 13:30:01 CST 2014,x86_64,11294194,829888,386624,658176,135310168064,25837826048,0,200417280,134217719808,134217326592,719,0,0,1,SCHED_OTHER,0,1.42612e+06,208345,0,6.84499
65536,2,64,16384,4,64,2097152,16,64,12582912,128,64,0,0,0,32, AMD Opteron(TM) Processor 6272                 ,2100000000,Linux,cloud020.seas.wustl.edu,2.6.32-431.5.1.el6.x86_64,#1 SMP Tue Feb 11 13:30:01 CST 2014,x86_64,11294194,829888,386624,658176,135310168064,25837826048,0,200417280,134217719808,134217326592,719,0,0,1,SCHED_OTHER,0,961820,208345,0,4.61648
65536,2,64,16384,4,64,2097152,16,64,12582912,128,64,0,0,0,32, AMD Opteron(TM) Processor 6272                 ,2100000000,Linux,cloud020.seas.wustl.edu,2.6.32-431.5.1.el6.x86_64,#1 SMP Tue Feb 11 13:30:01 CST 2014,x86_64,11294194,829888,386624,658176,135310168064,25837826048,0,200417280,134217719808,134217326592,719,0,0,1,SCHED_OTHER,0,1.03928e+06,208348,0,4.98821
65536,2,64,16384,4,64,2097152,16,64,12582912,128,64,0,0,0,32, AMD Opteron(TM) Processor 6272                 ,2100000000,Linux,cloud020.seas.wustl.edu,2.6.32-431.5.1.el6.x86_64,#1 SMP Tue Feb 11 13:30:01 CST 2014,x86_64,11294194,829888,386624,658176,135310168064,25837826048,0,200417280,134217719808,134217326592,719,0,0,1,SCHED_OTHER,0,952726,208353,0,4.57266
65536,2,64,16384,4,64,2097152,16,64,12582912,128,64,0,0,0,32, AMD Opteron(TM) Processor 6272                 ,2100000000,Linux,cloud020.seas.wustl.edu,2.6.32-431.5.1.el6.x86_64,#1 SMP Tue Feb 11 13:30:01 CST 2014,x86_64,11294194,829888,386624,658176,135310168064,25837826048,0,200417280,134217719808,134217326592,719,0,0,1,SCHED_OTHER,0,1.1452e+06,208356,0,5.49635
65536,2,64,16384,4,64,2097152,16,64,12582912,128,64,0,0,0,32, AMD Opteron(TM) Processor 6272                 ,2100000000,Linux,cloud020.seas.wustl.edu,2.6.32-431.5.1.el6.x86_64,#1 SMP Tue Feb 11 13:30:01 CST 2014,x86_64,11294194,829888,386624,658176,135310168064,25837826048,0,200417280,134217719808,134217326592,719,0,0,1,SCHED_OTHER,0,829475,208357,0,3.98102
65536,2,64,16384,4,64,2097152,16,64,12582912,128,64,0,0,0,32, AMD Opteron(TM) Processor 6272                 ,2100000000,Linux,cloud020.seas.wustl.edu,2.6.32-431.5.1.el6.x86_64,#1 SMP Tue Feb 11 13:30:01 CST 2014,x86_64,11294194,829888,386624,658176,135310168064,25837826048,0,200417280,134217719808,134217326592,719,0,0,1,SCHED_OTHER,0,950804,208372,0,4.56301
65536,2,64,16384,4,64,2097152,16,64,12582912,128,64,0,0,0,32, AMD Opteron(TM) Processor 6272                 ,2100000000,Linux,cloud020.seas.wustl.edu,2.6.32-431.5.1.el6.x86_64,#1 SMP Tue Feb 11 13:30:01 CST 2014,x86_64,11294200,973344,423712,668704,135310168064,25817735168,0,200417280,134217719808,134217326592,719,0,0,1,SCHED_OTHER,0,9144.6,364.561,0,25.0837
65536,2,64,16384,4,64,2097152,16,64,12582912,128,64,0,0,0,32, AMD Opteron(TM) Processor 6272                 ,2100000000,Linux,cloud020.seas.wustl.edu,2.6.32-431.5.1.el6.x86_64,#1 SMP Tue Feb 11 13:30:01 CST 2014,x86_64,11294200,973344,423712,668704,135310168064,25817735168,0,200417280,134217719808,134217326592,719,0,0,1,SCHED_OTHER,0,9144.88,341.297,0,26.7945
65536,2,64,16384,4,64,2097152,16,64,12582912,128,64,0,0,0,32, AMD Opteron(TM) Processor 6272                 ,2100000000,Linux,cloud020.seas.wustl.edu,2.6.32-431.5.1.el6.x86_64,#1 SMP Tue Feb 11 13:30:01 CST 2014,x86_64,11294200,973344,423712,668704,135310168064,25817735168,0,200417280,134217719808,134217326592,719,0,0,1,SCHED_OTHER,0,9145.14,321.656,0,28.4314
65536,2,64,16384,4,64,2097152,16,64,12582912,128,64,0,0,0,32, AMD Opteron(TM) Processor 6272                 ,2100000000,Linux,cloud020.seas.wustl.edu,2.6.32-431.5.1.el6.x86_64,#1 SMP Tue Feb 11 13:30:01 CST 2014,x86_64,11294200,973344,423712,668704,135310168064,25817735168,0,200417280,134217719808,134217326592,719,0,0,1,SCHED_OTHER,0,9145.43,364.898,0,25.063
65536,2,64,16384,4,64,2097152,16,64,12582912,128,64,0,0,0,32, AMD Opteron(TM) Processor 6272                 ,2100000000,Linux,cloud020.seas.wustl.edu,2.6.32-431.5.1.el6.x86_64,#1 SMP Tue Feb 11 13:30:01 CST 2014,x86_64,11294200,973344,423712,668704,135310168064,25817735168,0,200417280,134217719808,134217326592,719,0,0,1,SCHED_OTHER,0,9145.65,364.604,0,25.0837
65536,2,64,16384,4,64,2097152,16,64,12582912,128,64,0,0,0,32, AMD Opteron(TM) Processor 6272                 ,2100000000,Linux,cloud020.seas.wustl.edu,2.6.32-431.5.1.el6.x86_64,#1 SMP Tue Feb 11 13:30:01 CST 2014,x86_64,11294200,973344,423712,668704,135310168064,25817735168,0,200417280,134217719808,134217326592,719,0,0,1,SCHED_OTHER,0,9145.83,386.077,0,23.6891
65536,2,64,16384,4,64,2097152,16,64,12582912,128,64,0,0,0,32, AMD Opteron(TM) Processor 6272                 ,2100000000,Linux,cloud020.seas.wustl.edu,2.6.32-431.5.1.el6.x86_64,#1 SMP Tue Feb 11 13:30:01 CST 2014,x86_64,11294200,973344,423712,668704,135310168064,25817735168,0,200417280,134217719808,134217326592,719,0,0,1,SCHED_OTHER,0,9145.63,370.952,0,24.6544
65536,2,64,16384,4,64,2097152,16,64,12582912,128,64,0,0,0,32, AMD Opteron(TM) Processor 6272                 ,2100000000,Linux,cloud020.seas.wustl.edu,2.6.32-431.5.1.el6.x86_64,#1 SMP Tue Feb 11 13:30:01 CST 2014,x86_64,11294200,973344,423712,668704,135310168064,25817735168,0,200417280,134217719808,134217326592,719,0,0,1,SCHED_OTHER,0,9146.32,497.966,0,18.3673
65536,2,64,16384,4,64,2097152,16,64,12582912,128,64,0,0,0,32, AMD Opteron(TM) Processor 6272                 ,2100000000,Linux,cloud020.seas.wustl.edu,2.6.32-431.5.1.el6.x86_64,#1 SMP Tue Feb 11 13:30:01 CST 2014,x86_64,11294200,973344,423712,668704,135310168064,25817735168,0,200417280,134217719808,134217326592,719,0,0,1,SCHED_OTHER,0,9146.1,251.849,0,36.3157
65536,2,64,16384,4,64,2097152,16,64,12582912,128,64,0,0,0,32, AMD Opteron(TM) Processor 6272                 ,2100000000,Linux,cloud020.seas.wustl.edu,2.6.32-431.5.1.el6.x86_64,#1 SMP Tue Feb 11 13:30:01 CST 2014,x86_64,11294200,973344,423712,668704,135310168064,25817735168,0,200417280,134217719808,134217326592,719,0,0,1,SCHED_OTHER,0,9146.31,334.396,0,27.3517
65536,2,64,16384,4,64,2097152,16,64,12582912,128,64,0,0,0,32, AMD Opteron(TM) Processor 6272                 ,2100000000,Linux,cloud020.seas.wustl.edu,2.6.32-431.5.1.el6.x86_64,#1 SMP Tue Feb 11 13:30:01 CST 2014,x86_64,11294200,973344,423712,668704,135310168064,25817735168,0,200417280,134217719808,134217326592,719,0,0,1,SCHED_OTHER,0,9146.53,363.732,0,25.1463
65536,2,64,16384,4,64,2097152,16,64,12582912,128,64,0,0,0,32, AMD Opteron(TM) Processor 6272                 ,2100000000,Linux,cloud020.seas.wustl.edu,2.6.32-431.5.1.el6.x86_64,#1 SMP Tue Feb 11 13:30:01 CST 2014,x86_64,11294200,973344,423712,668704,135310168064,25817735168,0,200417280,134217719808,134217326592,719,0,0,1,SCHED_OTHER,0,9146.45,369.183,0,24.7748
65536,2,64,16384,4,64,2097152,16,64,12582912,128,64,0,0,0,32, AMD Opteron(TM) Processor 6272                 ,2100000000,Linux,cloud020.seas.wustl.edu,2.6.32-431.5.1.el6.x86_64,#1 SMP Tue Feb 11 13:30:01 CST 2014,x86_64,11294200,973344,423712,668704,135310168064,25817735168,0,200417280,134217719808,134217326592,719,0,0,1,SCHED_OTHER,0,981550,276004,0,3.55629
65536,2,64,16384,4,64,2097152,16,64,12582912,128,64,0,0,0,32, AMD Opteron(TM) Processor 6272                 ,2100000000,Linux,cloud020.seas.wustl.edu,2.6.32-431.5.1.el6.x86_64,#1 SMP Tue Feb 11 13:30:01 CST 2014,x86_64,11294200,973344,423712,668704,135310168064,25817735168,0,200417280,134217719808,134217326592,719,0,0,1,SCHED_OTHER,0,924467,276012,0,3.34937
65536,2,64,16384,4,64,2097152,16,64,12582912,128,64,0,0,0,32, AMD Opteron(TM) Processor 6272                 ,2100000000,Linux,cloud020.seas.wustl.edu,2.6.32-431.5.1.el6.x86_64,#1 SMP Tue Feb 11 13:30:01 CST 2014,x86_64,11294200,973344,423712,668704,135310168064,25817735168,0,200417280,134217719808,134217326592,719,0,0,1,SCHED_OTHER,0,877183,276019,0,3.17798
65536,2,64,16384,4,64,2097152,16,64,12582912,128,64,0,0,0,32, AMD Opteron(TM) Processor 6272                 ,2100000000,Linux,cloud020.seas.wustl.edu,2.6.32-431.5.1.el6.x86_64,#1 SMP Tue Feb 11 13:30:01 CST 2014,x86_64,11294200,973344,423712,668704,135310168064,25817735168,0,200417280,134217719808,134217326592,719,0,0,1,SCHED_OTHER,0,988156,276027,0,3.57993
65536,2,64,16384,4,64,2097152,16,64,12582912,128,64,0,0,0,32, AMD Opteron(TM) Processor 6272                 ,2100000000,Linux,cloud020.seas.wustl.edu,2.6.32-431.5.1.el6.x86_64,#1 SMP Tue Feb 11 13:30:01 CST 2014,x86_64,11294200,973344,423712,668704,135310168064,25817735168,0,200417280,134217719808,134217326592,719,0,0,1,SCHED_OTHER,0,982475,276031,0,3.55929
65536,2,64,16384,4,64,2097152,16,64,12582912,128,64,0,0,0,32, AMD Opteron(TM) Processor 6272                 ,2100000000,Linux,cloud020.seas.wustl.edu,2.6.32-431.5.1.el6.x86_64,#1 SMP Tue Feb 11 13:30:01 CST 2014,x86_64,11294200,973344,423712,668704,135310168064,25817735168,0,200417280,134217719808,134217326592,719,0,0,1,SCHED_OTHER,0,1.05122e+06,276025,0,3.80844
65536,2,64,16384,4,64,2097152,16,64,12582912,128,64,0,0,0,32, AMD Opteron(TM) Processor 6272                 ,2100000000,Linux,cloud020.seas.wustl.edu,2.6.32-431.5.1.el6.x86_64,#1 SMP Tue Feb 11 13:30:01 CST 2014,x86_64,11294200,973344,423712,668704,135310168064,25817735168,0,200417280,134217719808,134217326592,719,0,0,1,SCHED_OTHER,0,999068,276031,0,3.6194
65536,2,64,16384,4,64,2097152,16,64,12582912,128,64,0,0,0,32, AMD Opteron(TM) Processor 6272                 ,2100000000,Linux,cloud020.seas.wustl.edu,2.6.32-431.5.1.el6.x86_64,#1 SMP Tue Feb 11 13:30:01 CST 2014,x86_64,11294200,973344,423712,668704,135310168064,25817735168,0,200417280,134217719808,134217326592,719,0,0,1,SCHED_OTHER,0,1.35518e+06,276041,0,4.90934
65536,2,64,16384,4,64,2097152,16,64,12582912,128,64,0,0,0,32, AMD Opteron(TM) Processor 6272                 ,2100000000,Linux,cloud020.seas.wustl.edu,2.6.32-431.5.1.el6.x86_64,#1 SMP Tue Feb 11 13:30:01 CST 2014,x86_64,11294200,973344,423712,668704,135310168064,25817735168,0,200417280,134217719808,134217326592,719,0,0,1,SCHED_OTHER,0,681950,276050,0,2.47039
65536,2,64,16384,4,64,2097152,16,64,12582912,128,64,0,0,0,32, AMD Opteron(TM) Processor 6272                 ,2100000000,Linux,cloud020.seas.wustl.edu,2.6.32-431.5.1.el6.x86_64,#1 SMP Tue Feb 11 13:30:01 CST 2014,x86_64,11294200,973344,423712,668704,135310168064,25817735168,0,200417280,134217719808,134217326592,719,0,0,1,SCHED_OTHER,0,900048,276057,0,3.26036
65536,2,64,16384,4,64,2097152,16,64,12582912,128,64,0,0,0,32, AMD Opteron(TM) Processor 6272                 ,2100000000,Linux,cloud020.seas.wustl.edu,2.6.32-431.5.1.el6.x86_64,#1 SMP Tue Feb 11 13:30:01 CST 2014,x86_64,11294200,973344,423712,668704,135310168064,25817735168,0,200417280,134217719808,134217326592,719,0,0,1,SCHED_OTHER,0,989533,276063,0,3.58445
65536,2,64,16384,4,64,2097152,16,64,12582912,128,64,0,0,0,32, AMD Opteron(TM) Processor 6272                 ,2100000000,Linux,cloud020.seas.wustl.edu,2.6.32-431.5.1.el6.x86_64,#1 SMP Tue Feb 11 13:30:01 CST 2014,x86_64,11294200,973344,423712,668704,135310168064,25817735168,0,200417280,134217719808,134217326592,719,0,0,1,SCHED_OTHER,0,996020,276070,0,3.60784
65536,2,64,16384,4,64,2097152,16,64,12582912,128,64,0,0,0,32, AMD Opteron(TM) Processor 6272                 ,2100000000,Linux,cloud020.seas.wustl.edu,2.6.32-431.5.1.el6.x86_64,#1 SMP Tue Feb 11 13:30:01 CST 2014,x86_64,11294206,1105312,460192,679168,135310168064,25850470400,0,200417280,134217719808,134217326592,719,0,0,1,SCHED_OTHER,0,9660.75,333.402,0,28.9761
65536,2,64,16384,4,64,2097152,16,64,12582912,128,64,0,0,0,32, AMD Opteron(TM) Processor 6272                 ,2100000000,Linux,cloud020.seas.wustl.edu,2.6.32-431.5.1.el6.x86_64,#1 SMP Tue Feb 11 13:30:01 CST 2014,x86_64,11294206,1105312,460192,679168,135310168064,25850470400,0,200417280,134217719808,134217326592,719,0,0,1,SCHED_OTHER,0,9660.95,387.063,0,24.9596
65536,2,64,16384,4,64,2097152,16,64,12582912,128,64,0,0,0,32, AMD Opteron(TM) Processor 6272                 ,2100000000,Linux,cloud020.seas.wustl.edu,2.6.32-431.5.1.el6.x86_64,#1 SMP Tue Feb 11 13:30:01 CST 2014,x86_64,11294206,1105312,460192,679168,135310168064,25850470400,0,200417280,134217719808,134217326592,719,0,0,1,SCHED_OTHER,0,9667.08,478.704,0,20.1943
65536,2,64,16384,4,64,2097152,16,64,12582912,128,64,0,0,0,32, AMD Opteron(TM) Processor 6272                 ,2100000000,Linux,cloud020.seas.wustl.edu,2.6.32-431.5.1.el6.x86_64,#1 SMP Tue Feb 11 13:30:01 CST 2014,x86_64,11294206,1105312,460192,679168,135310168064,25850470400,0,200417280,134217719808,134217326592,719,0,0,1,SCHED_OTHER,0,9635.86,404.212,0,23.8385
65536,2,64,16384,4,64,2097152,16,64,12582912,128,64,0,0,0,32, AMD Opteron(TM) Processor 6272                 ,2100000000,Linux,cloud020.seas.wustl.edu,2.6.32-431.5.1.el6.x86_64,#1 SMP Tue Feb 11 13:30:01 CST 2014,x86_64,11294206,1105312,460192,679168,135310168064,25850470400,0,200417280,134217719808,134217326592,719,0,0,1,SCHED_OTHER,0,9635.9,485.123,0,19.8628
65536,2,64,16384,4,64,2097152,16,64,12582912,128,64,0,0,0,32, AMD Opteron(TM) Processor 6272                 ,2100000000,Linux,cloud020.seas.wustl.edu,2.6.32-431.5.1.el6.x86_64,#1 SMP Tue Feb 11 13:30:01 CST 2014,x86_64,11294206,1105312,460192,679168,135310168064,25850470400,0,200417280,134217719808,134217326592,719,0,0,1,SCHED_OTHER,0,9635.7,452.624,0,21.2885
65536,2,64,16384,4,64,2097152,16,64,12582912,128,64,0,0,0,32, AMD Opteron(TM) Processor 6272                 ,2100000000,Linux,cloud020.seas.wustl.edu,2.6.32-431.5.1.el6.x86_64,#1 SMP Tue Feb 11 13:30:01 CST 2014,x86_64,11294206,1105312,460192,679168,135310168064,25850470400,0,200417280,134217719808,134217326592,719,0,0,1,SCHED_OTHER,0,9635.66,525.564,0,18.3339
65536,2,64,16384,4,64,2097152,16,64,12582912,128,64,0,0,0,32, AMD Opteron(TM) Processor 6272                 ,2100000000,Linux,cloud020.seas.wustl.edu,2.6.32-431.5.1.el6.x86_64,#1 SMP Tue Feb 11 13:30:01 CST 2014,x86_64,11294206,1105312,460192,679168,135310168064,25850470400,0,200417280,134217719808,134217326592,719,0,0,1,SCHED_OTHER,0,9635.59,367.573,0,26.214
65536,2,64,16384,4,64,2097152,16,64,12582912,128,64,0,0,0,32, AMD Opteron(TM) Processor 6272                 ,2100000000,Linux,cloud020.seas.wustl.edu,2.6.32-431.5.1.el6.x86_64,#1 SMP Tue Feb 11 13:30:01 CST 2014,x86_64,11294206,1105312,460192,679168,135310168064,25850470400,0,200417280,134217719808,134217326592,719,0,0,1,SCHED_OTHER,0,9635.7,388.6,0,24.7959
65536,2,64,16384,4,64,2097152,16,64,12582912,128,64,0,0,0,32, AMD Opteron(TM) Processor 6272                 ,2100000000,Linux,cloud020.seas.wustl.edu,2.6.32-431.5.1.el6.x86_64,#1 SMP Tue Feb 11 13:30:01 CST 2014,x86_64,11294206,1105312,460192,679168,135310168064,25850470400,0,200417280,134217719808,134217326592,719,0,0,1,SCHED_OTHER,0,9635.83,380.642,0,25.3146
65536,2,64,16384,4,64,2097152,16,64,12582912,128,64,0,0,0,32, AMD Opteron(TM) Processor 6272                 ,2100000000,Linux,cloud020.seas.wustl.edu,2.6.32-431.5.1.el6.x86_64,#1 SMP Tue Feb 11 13:30:01 CST 2014,x86_64,11294206,1105312,460192,679168,135310168064,25850470400,0,200417280,134217719808,134217326592,719,0,0,1,SCHED_OTHER,0,9635.9,237.306,0,40.6054
65536,2,64,16384,4,64,2097152,16,64,12582912,128,64,0,0,0,32, AMD Opteron(TM) Processor 6272                 ,2100000000,Linux,cloud020.seas.wustl.edu,2.6.32-431.5.1.el6.x86_64,#1 SMP Tue Feb 11 13:30:01 CST 2014,x86_64,11294206,1105312,460192,679168,135310168064,25850470400,0,200417280,134217719808,134217326592,719,0,0,1,SCHED_OTHER,0,9635.69,366.952,0,26.2587
65536,2,64,16384,4,64,2097152,16,64,12582912,128,64,0,0,0,32, AMD Opteron(TM) Processor 6272                 ,2100000000,Linux,cloud020.seas.wustl.edu,2.6.32-431.5.1.el6.x86_64,#1 SMP Tue Feb 11 13:30:01 CST 2014,x86_64,11294206,1105312,460192,679168,135310168064,25850470400,0,200417280,134217719808,134217326592,719,0,0,1,SCHED_OTHER,0,901850,177806,0,5.07209
65536,2,64,16384,4,64,2097152,16,64,12582912,128,64,0,0,0,32, AMD Opteron(TM) Processor 6272                 ,2100000000,Linux,cloud020.seas.wustl.edu,2.6.32-431.5.1.el6.x86_64,#1 SMP Tue Feb 11 13:30:01 CST 2014,x86_64,11294206,1105312,460192,679168,135310168064,25850470400,0,200417280,134217719808,134217326592,719,0,0,1,SCHED_OTHER,0,1.04006e+06,177808,0,5.84931
65536,2,64,16384,4,64,2097152,16,64,12582912,128,64,0,0,0,32, AMD Opteron(TM) Processor 6272                 ,2100000000,Linux,cloud020.seas.wustl.edu,2.6.32-431.5.1.el6.x86_64,#1 SMP Tue Feb 11 13:30:01 CST 2014,x86_64,11294206,1105312,460192,679168,135310168064,25850470400,0,200417280,134217719808,134217326592,719,0,0,1,SCHED_OTHER,0,1.29576e+06,177806,0,7.28746
65536,2,64,16384,4,64,2097152,16,64,12582912,128,64,0,0,0,32, AMD Opteron(TM) Processor 6272                 ,2100000000,Linux,cloud020.seas.wustl.edu,2.6.32-431.5.1.el6.x86_64,#1 SMP Tue Feb 11 13:30:01 CST 2014,x86_64,11294206,1105312,460192,679168,135310168064,25850470400,0,200417280,134217719808,134217326592,719,0,0,1,SCHED_OTHER,0,1.0903e+06,177809,0,6.13184
65536,2,64,16384,4,64,2097152,16,64,12582912,128,64,0,0,0,32, AMD Opteron(TM) Processor 6272                 ,2100000000,Linux,cloud020.seas.wustl.edu,2.6.32-431.5.1.el6.x86_64,#1 SMP Tue Feb 11 13:30:01 CST 2014,x86_64,11294206,1105312,460192,679168,135310168064,25850470400,0,200417280,134217719808,134217326592,719,0,0,1,SCHED_OTHER,0,1.31602e+06,177810,0,7.40124
65536,2,64,16384,4,64,2097152,16,64,12582912,128,64,0,0,0,32, AMD Opteron(TM) Processor 6272                 ,2100000000,Linux,cloud020.seas.wustl.edu,2.6.32-431.5.1.el6.x86_64,#1 SMP Tue Feb 11 13:30:01 CST 2014,x86_64,11294206,1105312,460192,679168,135310168064,25850470400,0,200417280,134217719808,134217326592,719,0,0,1,SCHED_OTHER,0,1.22683e+06,177805,0,6.89981
65536,2,64,16384,4,64,2097152,16,64,12582912,128,64,0,0,0,32, AMD Opteron(TM) Processor 6272                 ,2100000000,Linux,cloud020.seas.wustl.edu,2.6.32-431.5.1.el6.x86_64,#1 SMP Tue Feb 11 13:30:01 CST 2014,x86_64,11294206,1105312,460192,679168,135310168064,25850470400,0,200417280,134217719808,134217326592,719,0,0,1,SCHED_OTHER,0,1.42318e+06,177805,0,8.00417
65536,2,64,16384,4,64,2097152,16,64,12582912,128,64,0,0,0,32, AMD Opteron(TM) Processor 6272                 ,2100000000,Linux,cloud020.seas.wustl.edu,2.6.32-431.5.1.el6.x86_64,#1 SMP Tue Feb 11 13:30:01 CST 2014,x86_64,11294206,1105312,460192,679168,135310168064,25850470400,0,200417280,134217719808,134217326592,719,0,0,1,SCHED_OTHER,0,1.00112e+06,177807,0,5.63036
65536,2,64,16384,4,64,2097152,16,64,12582912,128,64,0,0,0,32, AMD Opteron(TM) Processor 6272                 ,2100000000,Linux,cloud020.seas.wustl.edu,2.6.32-431.5.1.el6.x86_64,#1 SMP Tue Feb 11 13:30:01 CST 2014,x86_64,11294206,1105312,460192,679168,135310168064,25850470400,0,200417280,134217719808,134217326592,719,0,0,1,SCHED_OTHER,0,1.04766e+06,177810,0,5.89203
65536,2,64,16384,4,64,2097152,16,64,12582912,128,64,0,0,0,32, AMD Opteron(TM) Processor 6272                 ,2100000000,Linux,cloud020.seas.wustl.edu,2.6.32-431.5.1.el6.x86_64,#1 SMP Tue Feb 11 13:30:01 CST 2014,x86_64,11294206,1105312,460192,679168,135310168064,25850470400,0,200417280,134217719808,134217326592,719,0,0,1,SCHED_OTHER,0,1.02578e+06,177813,0,5.76889
65536,2,64,16384,4,64,2097152,16,64,12582912,128,64,0,0,0,32, AMD Opteron(TM) Processor 6272                 ,2100000000,Linux,cloud020.seas.wustl.edu,2.6.32-431.5.1.el6.x86_64,#1 SMP Tue Feb 11 13:30:01 CST 2014,x86_64,11294206,1105312,460192,679168,135310168064,25850470400,0,200417280,134217719808,134217326592,719,0,0,1,SCHED_OTHER,0,639926,177812,0,3.59888
65536,2,64,16384,4,64,2097152,16,64,12582912,128,64,0,0,0,32, AMD Opteron(TM) Processor 6272                 ,2100000000,Linux,cloud020.seas.wustl.edu,2.6.32-431.5.1.el6.x86_64,#1 SMP Tue Feb 11 13:30:01 CST 2014,x86_64,11294206,1105312,460192,679168,135310168064,25850470400,0,200417280,134217719808,134217326592,719,0,0,1,SCHED_OTHER,0,992888,177824,0,5.58354
