65536,2,64,65536,2,64,524288,16,64,6291456,48,64,0,0,0,12, Six-Core AMD Opteron(tm) Processor 2431,2412508160,Linux,cinnaprob.int.seas.wustl.edu,3.0.27,#1 SMP Tue Apr 17 10:58:24 CDT 2012,x86_64,7868320,315264,104960,40352,32883171328,22872510464,0,315011072,68722176000,68722176000,185,0,0,1,SCHED_OTHER,0,1.66626e+06,309876,0,5.37716
65536,2,64,65536,2,64,524288,16,64,6291456,48,64,0,0,0,12, Six-Core AMD Opteron(tm) Processor 2431,2412508160,Linux,cinnaprob.int.seas.wustl.edu,3.0.27,#1 SMP Tue Apr 17 10:58:24 CDT 2012,x86_64,7868320,315264,104960,40352,32883171328,22872510464,0,315011072,68722176000,68722176000,185,0,0,1,SCHED_OTHER,0,1.66626e+06,373252,0,4.46416
65536,2,64,65536,2,64,524288,16,64,6291456,48,64,0,0,0,12, Six-Core AMD Opteron(tm) Processor 2431,2412508160,Linux,cinnaprob.int.seas.wustl.edu,3.0.27,#1 SMP Tue Apr 17 10:58:24 CDT 2012,x86_64,7868320,315264,104960,40352,32883171328,22872510464,0,315011072,68722176000,68722176000,185,0,0,1,SCHED_OTHER,0,1.66626e+06,319537,0,5.21459
65536,2,64,65536,2,64,524288,16,64,6291456,48,64,0,0,0,12, Six-Core AMD Opteron(tm) Processor 2431,2412508160,Linux,cinnaprob.int.seas.wustl.edu,3.0.27,#1 SMP Tue Apr 17 10:58:24 CDT 2012,x86_64,7868320,315264,104960,40352,32883171328,22872510464,0,315011072,68722176000,68722176000,185,0,0,1,SCHED_OTHER,0,309875,1.02762e+06,0,0.301547
65536,2,64,65536,2,64,524288,16,64,6291456,48,64,0,0,0,12, Six-Core AMD Opteron(tm) Processor 2431,2412508160,Linux,cinnaprob.int.seas.wustl.edu,3.0.27,#1 SMP Tue Apr 17 10:58:24 CDT 2012,x86_64,7868320,315264,104960,40352,32883171328,22872510464,0,315011072,68722176000,68722176000,185,0,0,1,SCHED_OTHER,0,373250,1.02762e+06,0,0.363219
65536,2,64,65536,2,64,524288,16,64,6291456,48,64,0,0,0,12, Six-Core AMD Opteron(tm) Processor 2431,2412508160,Linux,cinnaprob.int.seas.wustl.edu,3.0.27,#1 SMP Tue Apr 17 10:58:24 CDT 2012,x86_64,7868320,315264,104960,40352,32883171328,22872510464,0,315011072,68722176000,68722176000,185,0,0,1,SCHED_OTHER,0,319535,1.02762e+06,0,0.310948
65536,2,64,65536,2,64,524288,16,64,6291456,48,64,0,0,0,12, Six-Core AMD Opteron(tm) Processor 2431,2412508160,Linux,cinnaprob.int.seas.wustl.edu,3.0.27,#1 SMP Tue Apr 17 10:58:24 CDT 2012,x86_64,7868397,374208,154240,61728,32883171328,22870437888,0,315019264,68722176000,68722176000,185,0,0,1,SCHED_OTHER,0,1.81369e+06,288565,0,6.28521
65536,2,64,65536,2,64,524288,16,64,6291456,48,64,0,0,0,12, Six-Core AMD Opteron(tm) Processor 2431,2412508160,Linux,cinnaprob.int.seas.wustl.edu,3.0.27,#1 SMP Tue Apr 17 10:58:24 CDT 2012,x86_64,7868397,374208,154240,61728,32883171328,22870437888,0,315019264,68722176000,68722176000,185,0,0,1,SCHED_OTHER,0,1.81369e+06,538839,0,3.36592
65536,2,64,65536,2,64,524288,16,64,6291456,48,64,0,0,0,12, Six-Core AMD Opteron(tm) Processor 2431,2412508160,Linux,cinnaprob.int.seas.wustl.edu,3.0.27,#1 SMP Tue Apr 17 10:58:24 CDT 2012,x86_64,7868397,374208,154240,61728,32883171328,22870437888,0,315019264,68722176000,68722176000,185,0,0,1,SCHED_OTHER,0,1.81368e+06,338293,0,5.36127
65536,2,64,65536,2,64,524288,16,64,6291456,48,64,0,0,0,12, Six-Core AMD Opteron(tm) Processor 2431,2412508160,Linux,cinnaprob.int.seas.wustl.edu,3.0.27,#1 SMP Tue Apr 17 10:58:24 CDT 2012,x86_64,7868397,374208,154240,61728,32883171328,22870437888,0,315019264,68722176000,68722176000,185,0,0,1,SCHED_OTHER,0,288562,930808,0,0.310012
65536,2,64,65536,2,64,524288,16,64,6291456,48,64,0,0,0,12, Six-Core AMD Opteron(tm) Processor 2431,2412508160,Linux,cinnaprob.int.seas.wustl.edu,3.0.27,#1 SMP Tue Apr 17 10:58:24 CDT 2012,x86_64,7868397,374208,154240,61728,32883171328,22870437888,0,315019264,68722176000,68722176000,185,0,0,1,SCHED_OTHER,0,538832,930807,0,0.578887
65536,2,64,65536,2,64,524288,16,64,6291456,48,64,0,0,0,12, Six-Core AMD Opteron(tm) Processor 2431,2412508160,Linux,cinnaprob.int.seas.wustl.edu,3.0.27,#1 SMP Tue Apr 17 10:58:24 CDT 2012,x86_64,7868397,374208,154240,61728,32883171328,22870437888,0,315019264,68722176000,68722176000,185,0,0,1,SCHED_OTHER,0,338291,930807,0,0.363439
65536,2,64,65536,2,64,524288,16,64,6291456,48,64,0,0,0,12, Six-Core AMD Opteron(tm) Processor 2431,2412508160,Linux,cinnaprob.int.seas.wustl.edu,3.0.27,#1 SMP Tue Apr 17 10:58:24 CDT 2012,x86_64,7868474,350208,182240,77952,32883171328,22872756224,0,315019264,68722176000,68722176000,185,0,0,1,SCHED_OTHER,0,1.81469e+06,285224,0,6.36234
65536,2,64,65536,2,64,524288,16,64,6291456,48,64,0,0,0,12, Six-Core AMD Opteron(tm) Processor 2431,2412508160,Linux,cinnaprob.int.seas.wustl.edu,3.0.27,#1 SMP Tue Apr 17 10:58:24 CDT 2012,x86_64,7868474,350208,182240,77952,32883171328,22872756224,0,315019264,68722176000,68722176000,185,0,0,1,SCHED_OTHER,0,1.81469e+06,539149,0,3.36584
65536,2,64,65536,2,64,524288,16,64,6291456,48,64,0,0,0,12, Six-Core AMD Opteron(tm) Processor 2431,2412508160,Linux,cinnaprob.int.seas.wustl.edu,3.0.27,#1 SMP Tue Apr 17 10:58:24 CDT 2012,x86_64,7868474,350208,182240,77952,32883171328,22872756224,0,315019264,68722176000,68722176000,185,0,0,1,SCHED_OTHER,0,1.81469e+06,342224,0,5.30265
65536,2,64,65536,2,64,524288,16,64,6291456,48,64,0,0,0,12, Six-Core AMD Opteron(tm) Processor 2431,2412508160,Linux,cinnaprob.int.seas.wustl.edu,3.0.27,#1 SMP Tue Apr 17 10:58:24 CDT 2012,x86_64,7868474,350208,182240,77952,32883171328,22872756224,0,315019264,68722176000,68722176000,185,0,0,1,SCHED_OTHER,0,285222,930448,0,0.306543
65536,2,64,65536,2,64,524288,16,64,6291456,48,64,0,0,0,12, Six-Core AMD Opteron(tm) Processor 2431,2412508160,Linux,cinnaprob.int.seas.wustl.edu,3.0.27,#1 SMP Tue Apr 17 10:58:24 CDT 2012,x86_64,7868474,350208,182240,77952,32883171328,22872756224,0,315019264,68722176000,68722176000,185,0,0,1,SCHED_OTHER,0,539145,930447,0,0.579447
65536,2,64,65536,2,64,524288,16,64,6291456,48,64,0,0,0,12, Six-Core AMD Opteron(tm) Processor 2431,2412508160,Linux,cinnaprob.int.seas.wustl.edu,3.0.27,#1 SMP Tue Apr 17 10:58:24 CDT 2012,x86_64,7868474,350208,182240,77952,32883171328,22872756224,0,315019264,68722176000,68722176000,185,0,0,1,SCHED_OTHER,0,342222,930448,0,0.367803
65536,2,64,65536,2,64,524288,16,64,6291456,48,64,0,0,0,12, Six-Core AMD Opteron(tm) Processor 2431,2412508160,Linux,cinnaprob.int.seas.wustl.edu,3.0.27,#1 SMP Tue Apr 17 10:58:24 CDT 2012,x86_64,7868548,343360,204000,92960,32883171328,22872322048,0,315019264,68722176000,68722176000,185,0,0,1,SCHED_OTHER,0,2.07509e+06,345649,0,6.00345
65536,2,64,65536,2,64,524288,16,64,6291456,48,64,0,0,0,12, Six-Core AMD Opteron(tm) Processor 2431,2412508160,Linux,cinnaprob.int.seas.wustl.edu,3.0.27,#1 SMP Tue Apr 17 10:58:24 CDT 2012,x86_64,7868548,343360,204000,92960,32883171328,22872322048,0,315019264,68722176000,68722176000,185,0,0,1,SCHED_OTHER,0,2.07508e+06,508751,0,4.07878
65536,2,64,65536,2,64,524288,16,64,6291456,48,64,0,0,0,12, Six-Core AMD Opteron(tm) Processor 2431,2412508160,Linux,cinnaprob.int.seas.wustl.edu,3.0.27,#1 SMP Tue Apr 17 10:58:24 CDT 2012,x86_64,7868548,343360,204000,92960,32883171328,22872322048,0,315019264,68722176000,68722176000,185,0,0,1,SCHED_OTHER,0,2.07508e+06,334623,0,6.20126
65536,2,64,65536,2,64,524288,16,64,6291456,48,64,0,0,0,12, Six-Core AMD Opteron(tm) Processor 2431,2412508160,Linux,cinnaprob.int.seas.wustl.edu,3.0.27,#1 SMP Tue Apr 17 10:58:24 CDT 2012,x86_64,7868548,343360,204000,92960,32883171328,22872322048,0,315019264,68722176000,68722176000,185,0,0,1,SCHED_OTHER,0,345647,622309,0,0.555426
65536,2,64,65536,2,64,524288,16,64,6291456,48,64,0,0,0,12, Six-Core AMD Opteron(tm) Processor 2431,2412508160,Linux,cinnaprob.int.seas.wustl.edu,3.0.27,#1 SMP Tue Apr 17 10:58:24 CDT 2012,x86_64,7868548,343360,204000,92960,32883171328,22872322048,0,315019264,68722176000,68722176000,185,0,0,1,SCHED_OTHER,0,508747,622308,0,0.817516
65536,2,64,65536,2,64,524288,16,64,6291456,48,64,0,0,0,12, Six-Core AMD Opteron(tm) Processor 2431,2412508160,Linux,cinnaprob.int.seas.wustl.edu,3.0.27,#1 SMP Tue Apr 17 10:58:24 CDT 2012,x86_64,7868548,343360,204000,92960,32883171328,22872322048,0,315019264,68722176000,68722176000,185,0,0,1,SCHED_OTHER,0,334620,622308,0,0.537709
65536,2,64,65536,2,64,524288,16,64,6291456,48,64,0,0,0,12, Six-Core AMD Opteron(tm) Processor 2431,2412508160,Linux,cinnaprob.int.seas.wustl.edu,3.0.27,#1 SMP Tue Apr 17 10:58:24 CDT 2012,x86_64,7868624,377024,230304,110336,32883171328,22871777280,0,315019264,68722176000,68722176000,185,0,0,1,SCHED_OTHER,0,1.70886e+06,339636,0,5.03144
65536,2,64,65536,2,64,524288,16,64,6291456,48,64,0,0,0,12, Six-Core AMD Opteron(tm) Processor 2431,2412508160,Linux,cinnaprob.int.seas.wustl.edu,3.0.27,#1 SMP Tue Apr 17 10:58:24 CDT 2012,x86_64,7868624,377024,230304,110336,32883171328,22871777280,0,315019264,68722176000,68722176000,185,0,0,1,SCHED_OTHER,0,1.70886e+06,477350,0,3.57988
65536,2,64,65536,2,64,524288,16,64,6291456,48,64,0,0,0,12, Six-Core AMD Opteron(tm) Processor 2431,2412508160,Linux,cinnaprob.int.seas.wustl.edu,3.0.27,#1 SMP Tue Apr 17 10:58:24 CDT 2012,x86_64,7868624,377024,230304,110336,32883171328,22871777280,0,315019264,68722176000,68722176000,185,0,0,1,SCHED_OTHER,0,1.70886e+06,308142,0,5.54568
65536,2,64,65536,2,64,524288,16,64,6291456,48,64,0,0,0,12, Six-Core AMD Opteron(tm) Processor 2431,2412508160,Linux,cinnaprob.int.seas.wustl.edu,3.0.27,#1 SMP Tue Apr 17 10:58:24 CDT 2012,x86_64,7868624,377024,230304,110336,32883171328,22871777280,0,315019264,68722176000,68722176000,185,0,0,1,SCHED_OTHER,0,339634,1.42871e+06,0,0.23772
65536,2,64,65536,2,64,524288,16,64,6291456,48,64,0,0,0,12, Six-Core AMD Opteron(tm) Processor 2431,2412508160,Linux,cinnaprob.int.seas.wustl.edu,3.0.27,#1 SMP Tue Apr 17 10:58:24 CDT 2012,x86_64,7868624,377024,230304,110336,32883171328,22871777280,0,315019264,68722176000,68722176000,185,0,0,1,SCHED_OTHER,0,477347,1.42871e+06,0,0.33411
65536,2,64,65536,2,64,524288,16,64,6291456,48,64,0,0,0,12, Six-Core AMD Opteron(tm) Processor 2431,2412508160,Linux,cinnaprob.int.seas.wustl.edu,3.0.27,#1 SMP Tue Apr 17 10:58:24 CDT 2012,x86_64,7868624,377024,230304,110336,32883171328,22871777280,0,315019264,68722176000,68722176000,185,0,0,1,SCHED_OTHER,0,308140,1.42871e+06,0,0.215676
65536,2,64,65536,2,64,524288,16,64,6291456,48,64,0,0,0,12, Six-Core AMD Opteron(tm) Processor 2431,2412508160,Linux,cinnaprob.int.seas.wustl.edu,3.0.27,#1 SMP Tue Apr 17 10:58:24 CDT 2012,x86_64,7868699,387424,250688,125760,32883171328,22871982080,0,315019264,68722176000,68722176000,184,0,0,1,SCHED_OTHER,0,1.90891e+06,237137,0,8.04981
65536,2,64,65536,2,64,524288,16,64,6291456,48,64,0,0,0,12, Six-Core AMD Opteron(tm) Processor 2431,2412508160,Linux,cinnaprob.int.seas.wustl.edu,3.0.27,#1 SMP Tue Apr 17 10:58:24 CDT 2012,x86_64,7868699,387424,250688,125760,32883171328,22871982080,0,315019264,68722176000,68722176000,184,0,0,1,SCHED_OTHER,0,1.9089e+06,378933,0,5.03757
65536,2,64,65536,2,64,524288,16,64,6291456,48,64,0,0,0,12, Six-Core AMD Opteron(tm) Processor 2431,2412508160,Linux,cinnaprob.int.seas.wustl.edu,3.0.27,#1 SMP Tue Apr 17 10:58:24 CDT 2012,x86_64,7868699,387424,250688,125760,32883171328,22871982080,0,315019264,68722176000,68722176000,184,0,0,1,SCHED_OTHER,0,1.9089e+06,359528,0,5.30947
65536,2,64,65536,2,64,524288,16,64,6291456,48,64,0,0,0,12, Six-Core AMD Opteron(tm) Processor 2431,2412508160,Linux,cinnaprob.int.seas.wustl.edu,3.0.27,#1 SMP Tue Apr 17 10:58:24 CDT 2012,x86_64,7868699,387424,250688,125760,32883171328,22871982080,0,315019264,68722176000,68722176000,184,0,0,1,SCHED_OTHER,0,237135,940683,0,0.252088
65536,2,64,65536,2,64,524288,16,64,6291456,48,64,0,0,0,12, Six-Core AMD Opteron(tm) Processor 2431,2412508160,Linux,cinnaprob.int.seas.wustl.edu,3.0.27,#1 SMP Tue Apr 17 10:58:24 CDT 2012,x86_64,7868699,387424,250688,125760,32883171328,22871982080,0,315019264,68722176000,68722176000,184,0,0,1,SCHED_OTHER,0,378931,940681,0,0.402826
65536,2,64,65536,2,64,524288,16,64,6291456,48,64,0,0,0,12, Six-Core AMD Opteron(tm) Processor 2431,2412508160,Linux,cinnaprob.int.seas.wustl.edu,3.0.27,#1 SMP Tue Apr 17 10:58:24 CDT 2012,x86_64,7868699,387424,250688,125760,32883171328,22871982080,0,315019264,68722176000,68722176000,184,0,0,1,SCHED_OTHER,0,359526,940682,0,0.382197
65536,2,64,65536,2,64,524288,16,64,6291456,48,64,0,0,0,12, Six-Core AMD Opteron(tm) Processor 2431,2412508160,Linux,cinnaprob.int.seas.wustl.edu,3.0.27,#1 SMP Tue Apr 17 10:58:24 CDT 2012,x86_64,7868775,390368,266592,140192,32883171328,22871437312,0,315019264,68722176000,68722176000,184,0,0,1,SCHED_OTHER,0,1.80072e+06,326321,0,5.51826
65536,2,64,65536,2,64,524288,16,64,6291456,48,64,0,0,0,12, Six-Core AMD Opteron(tm) Processor 2431,2412508160,Linux,cinnaprob.int.seas.wustl.edu,3.0.27,#1 SMP Tue Apr 17 10:58:24 CDT 2012,x86_64,7868775,390368,266592,140192,32883171328,22871437312,0,315019264,68722176000,68722176000,184,0,0,1,SCHED_OTHER,0,1.80072e+06,356845,0,5.04623
65536,2,64,65536,2,64,524288,16,64,6291456,48,64,0,0,0,12, Six-Core AMD Opteron(tm) Processor 2431,2412508160,Linux,cinnaprob.int.seas.wustl.edu,3.0.27,#1 SMP Tue Apr 17 10:58:24 CDT 2012,x86_64,7868775,390368,266592,140192,32883171328,22871437312,0,315019264,68722176000,68722176000,184,0,0,1,SCHED_OTHER,0,1.80072e+06,301735,0,5.96788
65536,2,64,65536,2,64,524288,16,64,6291456,48,64,0,0,0,12, Six-Core AMD Opteron(tm) Processor 2431,2412508160,Linux,cinnaprob.int.seas.wustl.edu,3.0.27,#1 SMP Tue Apr 17 10:58:24 CDT 2012,x86_64,7868775,390368,266592,140192,32883171328,22871437312,0,315019264,68722176000,68722176000,184,0,0,1,SCHED_OTHER,0,326319,714088,0,0.456973
65536,2,64,65536,2,64,524288,16,64,6291456,48,64,0,0,0,12, Six-Core AMD Opteron(tm) Processor 2431,2412508160,Linux,cinnaprob.int.seas.wustl.edu,3.0.27,#1 SMP Tue Apr 17 10:58:24 CDT 2012,x86_64,7868775,390368,266592,140192,32883171328,22871437312,0,315019264,68722176000,68722176000,184,0,0,1,SCHED_OTHER,0,356842,714087,0,0.499718
65536,2,64,65536,2,64,524288,16,64,6291456,48,64,0,0,0,12, Six-Core AMD Opteron(tm) Processor 2431,2412508160,Linux,cinnaprob.int.seas.wustl.edu,3.0.27,#1 SMP Tue Apr 17 10:58:24 CDT 2012,x86_64,7868775,390368,266592,140192,32883171328,22871437312,0,315019264,68722176000,68722176000,184,0,0,1,SCHED_OTHER,0,301734,714087,0,0.422544
65536,2,64,65536,2,64,524288,16,64,6291456,48,64,0,0,0,12, Six-Core AMD Opteron(tm) Processor 2431,2412508160,Linux,cinnaprob.int.seas.wustl.edu,3.0.27,#1 SMP Tue Apr 17 10:58:24 CDT 2012,x86_64,7868852,391232,278976,153536,32883171328,22872440832,0,315019264,68722176000,68722176000,184,0,0,1,SCHED_OTHER,0,1.69431e+06,348433,0,4.86265
65536,2,64,65536,2,64,524288,16,64,6291456,48,64,0,0,0,12, Six-Core AMD Opteron(tm) Processor 2431,2412508160,Linux,cinnaprob.int.seas.wustl.edu,3.0.27,#1 SMP Tue Apr 17 10:58:24 CDT 2012,x86_64,7868852,391232,278976,153536,32883171328,22872440832,0,315019264,68722176000,68722176000,184,0,0,1,SCHED_OTHER,0,1.6943e+06,471913,0,3.59029
65536,2,64,65536,2,64,524288,16,64,6291456,48,64,0,0,0,12, Six-Core AMD Opteron(tm) Processor 2431,2412508160,Linux,cinnaprob.int.seas.wustl.edu,3.0.27,#1 SMP Tue Apr 17 10:58:24 CDT 2012,x86_64,7868852,391232,278976,153536,32883171328,22872440832,0,315019264,68722176000,68722176000,184,0,0,1,SCHED_OTHER,0,1.6943e+06,304964,0,5.55574
65536,2,64,65536,2,64,524288,16,64,6291456,48,64,0,0,0,12, Six-Core AMD Opteron(tm) Processor 2431,2412508160,Linux,cinnaprob.int.seas.wustl.edu,3.0.27,#1 SMP Tue Apr 17 10:58:24 CDT 2012,x86_64,7868852,391232,278976,153536,32883171328,22872440832,0,315019264,68722176000,68722176000,184,0,0,1,SCHED_OTHER,0,348431,1.43184e+06,0,0.243344
65536,2,64,65536,2,64,524288,16,64,6291456,48,64,0,0,0,12, Six-Core AMD Opteron(tm) Processor 2431,2412508160,Linux,cinnaprob.int.seas.wustl.edu,3.0.27,#1 SMP Tue Apr 17 10:58:24 CDT 2012,x86_64,7868852,391232,278976,153536,32883171328,22872440832,0,315019264,68722176000,68722176000,184,0,0,1,SCHED_OTHER,0,471910,1.43184e+06,0,0.329582
65536,2,64,65536,2,64,524288,16,64,6291456,48,64,0,0,0,12, Six-Core AMD Opteron(tm) Processor 2431,2412508160,Linux,cinnaprob.int.seas.wustl.edu,3.0.27,#1 SMP Tue Apr 17 10:58:24 CDT 2012,x86_64,7868852,391232,278976,153536,32883171328,22872440832,0,315019264,68722176000,68722176000,184,0,0,1,SCHED_OTHER,0,304962,1.43184e+06,0,0.212986
65536,2,64,65536,2,64,524288,16,64,6291456,48,64,0,0,0,12, Six-Core AMD Opteron(tm) Processor 2431,2412508160,Linux,cinnaprob.int.seas.wustl.edu,3.0.27,#1 SMP Tue Apr 17 10:58:24 CDT 2012,x86_64,7868928,350624,278240,162144,32883171328,22872690688,0,315019264,68722176000,68722176000,184,0,0,1,SCHED_OTHER,0,1.79424e+06,244770,0,7.33029
65536,2,64,65536,2,64,524288,16,64,6291456,48,64,0,0,0,12, Six-Core AMD Opteron(tm) Processor 2431,2412508160,Linux,cinnaprob.int.seas.wustl.edu,3.0.27,#1 SMP Tue Apr 17 10:58:24 CDT 2012,x86_64,7868928,350624,278240,162144,32883171328,22872690688,0,315019264,68722176000,68722176000,184,0,0,1,SCHED_OTHER,0,1.79424e+06,382837,0,4.68669
65536,2,64,65536,2,64,524288,16,64,6291456,48,64,0,0,0,12, Six-Core AMD Opteron(tm) Processor 2431,2412508160,Linux,cinnaprob.int.seas.wustl.edu,3.0.27,#1 SMP Tue Apr 17 10:58:24 CDT 2012,x86_64,7868928,350624,278240,162144,32883171328,22872690688,0,315019264,68722176000,68722176000,184,0,0,1,SCHED_OTHER,0,1.79424e+06,369722,0,4.85293
65536,2,64,65536,2,64,524288,16,64,6291456,48,64,0,0,0,12, Six-Core AMD Opteron(tm) Processor 2431,2412508160,Linux,cinnaprob.int.seas.wustl.edu,3.0.27,#1 SMP Tue Apr 17 10:58:24 CDT 2012,x86_64,7868928,350624,278240,162144,32883171328,22872690688,0,315019264,68722176000,68722176000,184,0,0,1,SCHED_OTHER,0,244769,902492,0,0.271214
65536,2,64,65536,2,64,524288,16,64,6291456,48,64,0,0,0,12, Six-Core AMD Opteron(tm) Processor 2431,2412508160,Linux,cinnaprob.int.seas.wustl.edu,3.0.27,#1 SMP Tue Apr 17 10:58:24 CDT 2012,x86_64,7868928,350624,278240,162144,32883171328,22872690688,0,315019264,68722176000,68722176000,184,0,0,1,SCHED_OTHER,0,382834,902491,0,0.424197
65536,2,64,65536,2,64,524288,16,64,6291456,48,64,0,0,0,12, Six-Core AMD Opteron(tm) Processor 2431,2412508160,Linux,cinnaprob.int.seas.wustl.edu,3.0.27,#1 SMP Tue Apr 17 10:58:24 CDT 2012,x86_64,7868928,350624,278240,162144,32883171328,22872690688,0,315019264,68722176000,68722176000,184,0,0,1,SCHED_OTHER,0,369720,902491,0,0.409666
65536,2,64,65536,2,64,524288,16,64,6291456,48,64,0,0,0,12, Six-Core AMD Opteron(tm) Processor 2431,2412508160,Linux,cinnaprob.int.seas.wustl.edu,3.0.27,#1 SMP Tue Apr 17 10:58:24 CDT 2012,x86_64,7869001,339040,277632,170272,32883171328,22872428544,0,315019264,68722176000,68722176000,184,0,0,1,SCHED_OTHER,0,2.10284e+06,346941,0,6.06107
65536,2,64,65536,2,64,524288,16,64,6291456,48,64,0,0,0,12, Six-Core AMD Opteron(tm) Processor 2431,2412508160,Linux,cinnaprob.int.seas.wustl.edu,3.0.27,#1 SMP Tue Apr 17 10:58:24 CDT 2012,x86_64,7869001,339040,277632,170272,32883171328,22872428544,0,315019264,68722176000,68722176000,184,0,0,1,SCHED_OTHER,0,2.10283e+06,330189,0,6.36857
65536,2,64,65536,2,64,524288,16,64,6291456,48,64,0,0,0,12, Six-Core AMD Opteron(tm) Processor 2431,2412508160,Linux,cinnaprob.int.seas.wustl.edu,3.0.27,#1 SMP Tue Apr 17 10:58:24 CDT 2012,x86_64,7869001,339040,277632,170272,32883171328,22872428544,0,315019264,68722176000,68722176000,184,0,0,1,SCHED_OTHER,0,2.10283e+06,306469,0,6.86149
65536,2,64,65536,2,64,524288,16,64,6291456,48,64,0,0,0,12, Six-Core AMD Opteron(tm) Processor 2431,2412508160,Linux,cinnaprob.int.seas.wustl.edu,3.0.27,#1 SMP Tue Apr 17 10:58:24 CDT 2012,x86_64,7869001,339040,277632,170272,32883171328,22872428544,0,315019264,68722176000,68722176000,184,0,0,1,SCHED_OTHER,0,346939,1.06762e+06,0,0.324964
65536,2,64,65536,2,64,524288,16,64,6291456,48,64,0,0,0,12, Six-Core AMD Opteron(tm) Processor 2431,2412508160,Linux,cinnaprob.int.seas.wustl.edu,3.0.27,#1 SMP Tue Apr 17 10:58:24 CDT 2012,x86_64,7869001,339040,277632,170272,32883171328,22872428544,0,315019264,68722176000,68722176000,184,0,0,1,SCHED_OTHER,0,330187,1.06762e+06,0,0.309274
65536,2,64,65536,2,64,524288,16,64,6291456,48,64,0,0,0,12, Six-Core AMD Opteron(tm) Processor 2431,2412508160,Linux,cinnaprob.int.seas.wustl.edu,3.0.27,#1 SMP Tue Apr 17 10:58:24 CDT 2012,x86_64,7869001,339040,277632,170272,32883171328,22872428544,0,315019264,68722176000,68722176000,184,0,0,1,SCHED_OTHER,0,306467,1.06762e+06,0,0.287056
65536,2,64,65536,2,64,524288,16,64,6291456,48,64,0,0,0,12, Six-Core AMD Opteron(tm) Processor 2431,2412508160,Linux,cinnaprob.int.seas.wustl.edu,3.0.27,#1 SMP Tue Apr 17 10:58:24 CDT 2012,x86_64,7869081,380704,287776,181760,32883171328,22873030656,0,315019264,68722176000,68722176000,184,0,0,1,SCHED_OTHER,0,1.56771e+06,299941,0,5.22674
65536,2,64,65536,2,64,524288,16,64,6291456,48,64,0,0,0,12, Six-Core AMD Opteron(tm) Processor 2431,2412508160,Linux,cinnaprob.int.seas.wustl.edu,3.0.27,#1 SMP Tue Apr 17 10:58:24 CDT 2012,x86_64,7869081,380704,287776,181760,32883171328,22873030656,0,315019264,68722176000,68722176000,184,0,0,1,SCHED_OTHER,0,1.56771e+06,372530,0,4.20829
65536,2,64,65536,2,64,524288,16,64,6291456,48,64,0,0,0,12, Six-Core AMD Opteron(tm) Processor 2431,2412508160,Linux,cinnaprob.int.seas.wustl.edu,3.0.27,#1 SMP Tue Apr 17 10:58:24 CDT 2012,x86_64,7869081,380704,287776,181760,32883171328,22873030656,0,315019264,68722176000,68722176000,184,0,0,1,SCHED_OTHER,0,1.56771e+06,296571,0,5.28613
65536,2,64,65536,2,64,524288,16,64,6291456,48,64,0,0,0,12, Six-Core AMD Opteron(tm) Processor 2431,2412508160,Linux,cinnaprob.int.seas.wustl.edu,3.0.27,#1 SMP Tue Apr 17 10:58:24 CDT 2012,x86_64,7869081,380704,287776,181760,32883171328,22873030656,0,315019264,68722176000,68722176000,184,0,0,1,SCHED_OTHER,0,299939,819249,0,0.366115
65536,2,64,65536,2,64,524288,16,64,6291456,48,64,0,0,0,12, Six-Core AMD Opteron(tm) Processor 2431,2412508160,Linux,cinnaprob.int.seas.wustl.edu,3.0.27,#1 SMP Tue Apr 17 10:58:24 CDT 2012,x86_64,7869081,380704,287776,181760,32883171328,22873030656,0,315019264,68722176000,68722176000,184,0,0,1,SCHED_OTHER,0,372527,819248,0,0.454718
65536,2,64,65536,2,64,524288,16,64,6291456,48,64,0,0,0,12, Six-Core AMD Opteron(tm) Processor 2431,2412508160,Linux,cinnaprob.int.seas.wustl.edu,3.0.27,#1 SMP Tue Apr 17 10:58:24 CDT 2012,x86_64,7869081,380704,287776,181760,32883171328,22873030656,0,315019264,68722176000,68722176000,184,0,0,1,SCHED_OTHER,0,296569,819248,0,0.362001
65536,2,64,65536,2,64,524288,16,64,6291456,48,64,0,0,0,12, Six-Core AMD Opteron(tm) Processor 2431,2412508160,Linux,cinnaprob.int.seas.wustl.edu,3.0.27,#1 SMP Tue Apr 17 10:58:24 CDT 2012,x86_64,7869155,397344,297504,192544,32883171328,22871216128,0,315019264,68722176000,68722176000,184,0,0,1,SCHED_OTHER,0,1.96659e+06,352078,0,5.58566
65536,2,64,65536,2,64,524288,16,64,6291456,48,64,0,0,0,12, Six-Core AMD Opteron(tm) Processor 2431,2412508160,Linux,cinnaprob.int.seas.wustl.edu,3.0.27,#1 SMP Tue Apr 17 10:58:24 CDT 2012,x86_64,7869155,397344,297504,192544,32883171328,22871216128,0,315019264,68722176000,68722176000,184,0,0,1,SCHED_OTHER,0,1.96659e+06,409807,0,4.79881
65536,2,64,65536,2,64,524288,16,64,6291456,48,64,0,0,0,12, Six-Core AMD Opteron(tm) Processor 2431,2412508160,Linux,cinnaprob.int.seas.wustl.edu,3.0.27,#1 SMP Tue Apr 17 10:58:24 CDT 2012,x86_64,7869155,397344,297504,192544,32883171328,22871216128,0,315019264,68722176000,68722176000,184,0,0,1,SCHED_OTHER,0,1.96659e+06,317195,0,6.19994
65536,2,64,65536,2,64,524288,16,64,6291456,48,64,0,0,0,12, Six-Core AMD Opteron(tm) Processor 2431,2412508160,Linux,cinnaprob.int.seas.wustl.edu,3.0.27,#1 SMP Tue Apr 17 10:58:24 CDT 2012,x86_64,7869155,397344,297504,192544,32883171328,22871216128,0,315019264,68722176000,68722176000,184,0,0,1,SCHED_OTHER,0,352076,710865,0,0.495278
65536,2,64,65536,2,64,524288,16,64,6291456,48,64,0,0,0,12, Six-Core AMD Opteron(tm) Processor 2431,2412508160,Linux,cinnaprob.int.seas.wustl.edu,3.0.27,#1 SMP Tue Apr 17 10:58:24 CDT 2012,x86_64,7869155,397344,297504,192544,32883171328,22871216128,0,315019264,68722176000,68722176000,184,0,0,1,SCHED_OTHER,0,409804,710864,0,0.576486
65536,2,64,65536,2,64,524288,16,64,6291456,48,64,0,0,0,12, Six-Core AMD Opteron(tm) Processor 2431,2412508160,Linux,cinnaprob.int.seas.wustl.edu,3.0.27,#1 SMP Tue Apr 17 10:58:24 CDT 2012,x86_64,7869155,397344,297504,192544,32883171328,22871216128,0,315019264,68722176000,68722176000,184,0,0,1,SCHED_OTHER,0,317191,710861,0,0.446206
65536,2,64,65536,2,64,524288,16,64,6291456,48,64,0,0,0,12, Six-Core AMD Opteron(tm) Processor 2431,2412508160,Linux,cinnaprob.int.seas.wustl.edu,3.0.27,#1 SMP Tue Apr 17 10:58:24 CDT 2012,x86_64,7869232,397696,304032,202112,32883171328,22872530944,0,315019264,68722176000,68722176000,184,0,0,1,SCHED_OTHER,0,1.67108e+06,271447,0,6.15618
65536,2,64,65536,2,64,524288,16,64,6291456,48,64,0,0,0,12, Six-Core AMD Opteron(tm) Processor 2431,2412508160,Linux,cinnaprob.int.seas.wustl.edu,3.0.27,#1 SMP Tue Apr 17 10:58:24 CDT 2012,x86_64,7869232,397696,304032,202112,32883171328,22872530944,0,315019264,68722176000,68722176000,184,0,0,1,SCHED_OTHER,0,1.67108e+06,494971,0,3.37611
65536,2,64,65536,2,64,524288,16,64,6291456,48,64,0,0,0,12, Six-Core AMD Opteron(tm) Processor 2431,2412508160,Linux,cinnaprob.int.seas.wustl.edu,3.0.27,#1 SMP Tue Apr 17 10:58:24 CDT 2012,x86_64,7869232,397696,304032,202112,32883171328,22872530944,0,315019264,68722176000,68722176000,184,0,0,1,SCHED_OTHER,0,1.67108e+06,340251,0,4.91131
65536,2,64,65536,2,64,524288,16,64,6291456,48,64,0,0,0,12, Six-Core AMD Opteron(tm) Processor 2431,2412508160,Linux,cinnaprob.int.seas.wustl.edu,3.0.27,#1 SMP Tue Apr 17 10:58:24 CDT 2012,x86_64,7869232,397696,304032,202112,32883171328,22872530944,0,315019264,68722176000,68722176000,184,0,0,1,SCHED_OTHER,0,271445,976439,0,0.277995
65536,2,64,65536,2,64,524288,16,64,6291456,48,64,0,0,0,12, Six-Core AMD Opteron(tm) Processor 2431,2412508160,Linux,cinnaprob.int.seas.wustl.edu,3.0.27,#1 SMP Tue Apr 17 10:58:24 CDT 2012,x86_64,7869232,397696,304032,202112,32883171328,22872530944,0,315019264,68722176000,68722176000,184,0,0,1,SCHED_OTHER,0,494968,976438,0,0.506912
65536,2,64,65536,2,64,524288,16,64,6291456,48,64,0,0,0,12, Six-Core AMD Opteron(tm) Processor 2431,2412508160,Linux,cinnaprob.int.seas.wustl.edu,3.0.27,#1 SMP Tue Apr 17 10:58:24 CDT 2012,x86_64,7869232,397696,304032,202112,32883171328,22872530944,0,315019264,68722176000,68722176000,184,0,0,1,SCHED_OTHER,0,340248,976438,0,0.348459
65536,2,64,65536,2,64,524288,16,64,6291456,48,64,0,0,0,12, Six-Core AMD Opteron(tm) Processor 2431,2412508160,Linux,cinnaprob.int.seas.wustl.edu,3.0.27,#1 SMP Tue Apr 17 10:58:24 CDT 2012,x86_64,7869307,356896,298784,207456,32883171328,22872449024,0,315019264,68722176000,68722176000,184,0,0,1,SCHED_OTHER,0,1.92524e+06,323572,0,5.94997
65536,2,64,65536,2,64,524288,16,64,6291456,48,64,0,0,0,12, Six-Core AMD Opteron(tm) Processor 2431,2412508160,Linux,cinnaprob.int.seas.wustl.edu,3.0.27,#1 SMP Tue Apr 17 10:58:24 CDT 2012,x86_64,7869307,356896,298784,207456,32883171328,22872449024,0,315019264,68722176000,68722176000,184,0,0,1,SCHED_OTHER,0,1.92524e+06,374800,0,5.13671
65536,2,64,65536,2,64,524288,16,64,6291456,48,64,0,0,0,12, Six-Core AMD Opteron(tm) Processor 2431,2412508160,Linux,cinnaprob.int.seas.wustl.edu,3.0.27,#1 SMP Tue Apr 17 10:58:24 CDT 2012,x86_64,7869307,356896,298784,207456,32883171328,22872449024,0,315019264,68722176000,68722176000,184,0,0,1,SCHED_OTHER,0,1.92524e+06,236308,0,8.14716
65536,2,64,65536,2,64,524288,16,64,6291456,48,64,0,0,0,12, Six-Core AMD Opteron(tm) Processor 2431,2412508160,Linux,cinnaprob.int.seas.wustl.edu,3.0.27,#1 SMP Tue Apr 17 10:58:24 CDT 2012,x86_64,7869307,356896,298784,207456,32883171328,22872449024,0,315019264,68722176000,68722176000,184,0,0,1,SCHED_OTHER,0,323570,861022,0,0.375797
65536,2,64,65536,2,64,524288,16,64,6291456,48,64,0,0,0,12, Six-Core AMD Opteron(tm) Processor 2431,2412508160,Linux,cinnaprob.int.seas.wustl.edu,3.0.27,#1 SMP Tue Apr 17 10:58:24 CDT 2012,x86_64,7869307,356896,298784,207456,32883171328,22872449024,0,315019264,68722176000,68722176000,184,0,0,1,SCHED_OTHER,0,374797,861021,0,0.435294
65536,2,64,65536,2,64,524288,16,64,6291456,48,64,0,0,0,12, Six-Core AMD Opteron(tm) Processor 2431,2412508160,Linux,cinnaprob.int.seas.wustl.edu,3.0.27,#1 SMP Tue Apr 17 10:58:24 CDT 2012,x86_64,7869307,356896,298784,207456,32883171328,22872449024,0,315019264,68722176000,68722176000,184,0,0,1,SCHED_OTHER,0,236307,861021,0,0.274449
65536,2,64,65536,2,64,524288,16,64,6291456,48,64,0,0,0,12, Six-Core AMD Opteron(tm) Processor 2431,2412508160,Linux,cinnaprob.int.seas.wustl.edu,3.0.27,#1 SMP Tue Apr 17 10:58:24 CDT 2012,x86_64,7869381,345248,294688,212384,32883171328,22872289280,0,315019264,68722176000,68722176000,184,0,0,1,SCHED_OTHER,0,2.08952e+06,367553,0,5.68494
65536,2,64,65536,2,64,524288,16,64,6291456,48,64,0,0,0,12, Six-Core AMD Opteron(tm) Processor 2431,2412508160,Linux,cinnaprob.int.seas.wustl.edu,3.0.27,#1 SMP Tue Apr 17 10:58:24 CDT 2012,x86_64,7869381,345248,294688,212384,32883171328,22872289280,0,315019264,68722176000,68722176000,184,0,0,1,SCHED_OTHER,0,2.08952e+06,497326,0,4.2015
65536,2,64,65536,2,64,524288,16,64,6291456,48,64,0,0,0,12, Six-Core AMD Opteron(tm) Processor 2431,2412508160,Linux,cinnaprob.int.seas.wustl.edu,3.0.27,#1 SMP Tue Apr 17 10:58:24 CDT 2012,x86_64,7869381,345248,294688,212384,32883171328,22872289280,0,315019264,68722176000,68722176000,184,0,0,1,SCHED_OTHER,0,2.08952e+06,289042,0,7.22911
65536,2,64,65536,2,64,524288,16,64,6291456,48,64,0,0,0,12, Six-Core AMD Opteron(tm) Processor 2431,2412508160,Linux,cinnaprob.int.seas.wustl.edu,3.0.27,#1 SMP Tue Apr 17 10:58:24 CDT 2012,x86_64,7869381,345248,294688,212384,32883171328,22872289280,0,315019264,68722176000,68722176000,184,0,0,1,SCHED_OTHER,0,367551,914925,0,0.401728
65536,2,64,65536,2,64,524288,16,64,6291456,48,64,0,0,0,12, Six-Core AMD Opteron(tm) Processor 2431,2412508160,Linux,cinnaprob.int.seas.wustl.edu,3.0.27,#1 SMP Tue Apr 17 10:58:24 CDT 2012,x86_64,7869381,345248,294688,212384,32883171328,22872289280,0,315019264,68722176000,68722176000,184,0,0,1,SCHED_OTHER,0,497323,914923,0,0.543567
65536,2,64,65536,2,64,524288,16,64,6291456,48,64,0,0,0,12, Six-Core AMD Opteron(tm) Processor 2431,2412508160,Linux,cinnaprob.int.seas.wustl.edu,3.0.27,#1 SMP Tue Apr 17 10:58:24 CDT 2012,x86_64,7869381,345248,294688,212384,32883171328,22872289280,0,315019264,68722176000,68722176000,184,0,0,1,SCHED_OTHER,0,289040,914923,0,0.315917
65536,2,64,65536,2,64,524288,16,64,6291456,48,64,0,0,0,12, Six-Core AMD Opteron(tm) Processor 2431,2412508160,Linux,cinnaprob.int.seas.wustl.edu,3.0.27,#1 SMP Tue Apr 17 10:58:24 CDT 2012,x86_64,7869457,387200,302880,220768,32883171328,22872354816,0,315019264,68722176000,68722176000,184,0,0,1,SCHED_OTHER,0,1.68668e+06,309728,0,5.44566
65536,2,64,65536,2,64,524288,16,64,6291456,48,64,0,0,0,12, Six-Core AMD Opteron(tm) Processor 2431,2412508160,Linux,cinnaprob.int.seas.wustl.edu,3.0.27,#1 SMP Tue Apr 17 10:58:24 CDT 2012,x86_64,7869457,387200,302880,220768,32883171328,22872354816,0,315019264,68722176000,68722176000,184,0,0,1,SCHED_OTHER,0,1.68667e+06,353538,0,4.77084
65536,2,64,65536,2,64,524288,16,64,6291456,48,64,0,0,0,12, Six-Core AMD Opteron(tm) Processor 2431,2412508160,Linux,cinnaprob.int.seas.wustl.edu,3.0.27,#1 SMP Tue Apr 17 10:58:24 CDT 2012,x86_64,7869457,387200,302880,220768,32883171328,22872354816,0,315019264,68722176000,68722176000,184,0,0,1,SCHED_OTHER,0,1.68667e+06,331260,0,5.09169
65536,2,64,65536,2,64,524288,16,64,6291456,48,64,0,0,0,12, Six-Core AMD Opteron(tm) Processor 2431,2412508160,Linux,cinnaprob.int.seas.wustl.edu,3.0.27,#1 SMP Tue Apr 17 10:58:24 CDT 2012,x86_64,7869457,387200,302880,220768,32883171328,22872354816,0,315019264,68722176000,68722176000,184,0,0,1,SCHED_OTHER,0,309726,1.12436e+06,0,0.27547
65536,2,64,65536,2,64,524288,16,64,6291456,48,64,0,0,0,12, Six-Core AMD Opteron(tm) Processor 2431,2412508160,Linux,cinnaprob.int.seas.wustl.edu,3.0.27,#1 SMP Tue Apr 17 10:58:24 CDT 2012,x86_64,7869457,387200,302880,220768,32883171328,22872354816,0,315019264,68722176000,68722176000,184,0,0,1,SCHED_OTHER,0,353536,1.12436e+06,0,0.314434
65536,2,64,65536,2,64,524288,16,64,6291456,48,64,0,0,0,12, Six-Core AMD Opteron(tm) Processor 2431,2412508160,Linux,cinnaprob.int.seas.wustl.edu,3.0.27,#1 SMP Tue Apr 17 10:58:24 CDT 2012,x86_64,7869457,387200,302880,220768,32883171328,22872354816,0,315019264,68722176000,68722176000,184,0,0,1,SCHED_OTHER,0,331258,1.12435e+06,0,0.29462
65536,2,64,65536,2,64,524288,16,64,6291456,48,64,0,0,0,12, Six-Core AMD Opteron(tm) Processor 2431,2412508160,Linux,cinnaprob.int.seas.wustl.edu,3.0.27,#1 SMP Tue Apr 17 10:58:24 CDT 2012,x86_64,7869531,358368,298944,225024,32883171328,22873006080,0,315019264,68722176000,68722176000,184,0,0,1,SCHED_OTHER,0,2.0486e+06,369197,0,5.54878
65536,2,64,65536,2,64,524288,16,64,6291456,48,64,0,0,0,12, Six-Core AMD Opteron(tm) Processor 2431,2412508160,Linux,cinnaprob.int.seas.wustl.edu,3.0.27,#1 SMP Tue Apr 17 10:58:24 CDT 2012,x86_64,7869531,358368,298944,225024,32883171328,22873006080,0,315019264,68722176000,68722176000,184,0,0,1,SCHED_OTHER,0,2.04859e+06,330528,0,6.19794
65536,2,64,65536,2,64,524288,16,64,6291456,48,64,0,0,0,12, Six-Core AMD Opteron(tm) Processor 2431,2412508160,Linux,cinnaprob.int.seas.wustl.edu,3.0.27,#1 SMP Tue Apr 17 10:58:24 CDT 2012,x86_64,7869531,358368,298944,225024,32883171328,22873006080,0,315019264,68722176000,68722176000,184,0,0,1,SCHED_OTHER,0,2.04859e+06,305535,0,6.70494
65536,2,64,65536,2,64,524288,16,64,6291456,48,64,0,0,0,12, Six-Core AMD Opteron(tm) Processor 2431,2412508160,Linux,cinnaprob.int.seas.wustl.edu,3.0.27,#1 SMP Tue Apr 17 10:58:24 CDT 2012,x86_64,7869531,358368,298944,225024,32883171328,22873006080,0,315019264,68722176000,68722176000,184,0,0,1,SCHED_OTHER,0,369195,1.08135e+06,0,0.341418
65536,2,64,65536,2,64,524288,16,64,6291456,48,64,0,0,0,12, Six-Core AMD Opteron(tm) Processor 2431,2412508160,Linux,cinnaprob.int.seas.wustl.edu,3.0.27,#1 SMP Tue Apr 17 10:58:24 CDT 2012,x86_64,7869531,358368,298944,225024,32883171328,22873006080,0,315019264,68722176000,68722176000,184,0,0,1,SCHED_OTHER,0,330525,1.08135e+06,0,0.305659
65536,2,64,65536,2,64,524288,16,64,6291456,48,64,0,0,0,12, Six-Core AMD Opteron(tm) Processor 2431,2412508160,Linux,cinnaprob.int.seas.wustl.edu,3.0.27,#1 SMP Tue Apr 17 10:58:24 CDT 2012,x86_64,7869531,358368,298944,225024,32883171328,22873006080,0,315019264,68722176000,68722176000,184,0,0,1,SCHED_OTHER,0,305532,1.08135e+06,0,0.282546
65536,2,64,65536,2,64,524288,16,64,6291456,48,64,0,0,0,12, Six-Core AMD Opteron(tm) Processor 2431,2412508160,Linux,cinnaprob.int.seas.wustl.edu,3.0.27,#1 SMP Tue Apr 17 10:58:24 CDT 2012,x86_64,7869607,382112,304128,231712,32883171328,22873038848,0,315019264,68722176000,68722176000,184,0,0,1,SCHED_OTHER,0,1.80455e+06,357742,0,5.04427
65536,2,64,65536,2,64,524288,16,64,6291456,48,64,0,0,0,12, Six-Core AMD Opteron(tm) Processor 2431,2412508160,Linux,cinnaprob.int.seas.wustl.edu,3.0.27,#1 SMP Tue Apr 17 10:58:24 CDT 2012,x86_64,7869607,382112,304128,231712,32883171328,22873038848,0,315019264,68722176000,68722176000,184,0,0,1,SCHED_OTHER,0,1.80454e+06,271489,0,6.64685
65536,2,64,65536,2,64,524288,16,64,6291456,48,64,0,0,0,12, Six-Core AMD Opteron(tm) Processor 2431,2412508160,Linux,cinnaprob.int.seas.wustl.edu,3.0.27,#1 SMP Tue Apr 17 10:58:24 CDT 2012,x86_64,7869607,382112,304128,231712,32883171328,22873038848,0,315019264,68722176000,68722176000,184,0,0,1,SCHED_OTHER,0,1.80454e+06,328923,0,5.48623
65536,2,64,65536,2,64,524288,16,64,6291456,48,64,0,0,0,12, Six-Core AMD Opteron(tm) Processor 2431,2412508160,Linux,cinnaprob.int.seas.wustl.edu,3.0.27,#1 SMP Tue Apr 17 10:58:24 CDT 2012,x86_64,7869607,382112,304128,231712,32883171328,22873038848,0,315019264,68722176000,68722176000,184,0,0,1,SCHED_OTHER,0,357740,1.04081e+06,0,0.343711
65536,2,64,65536,2,64,524288,16,64,6291456,48,64,0,0,0,12, Six-Core AMD Opteron(tm) Processor 2431,2412508160,Linux,cinnaprob.int.seas.wustl.edu,3.0.27,#1 SMP Tue Apr 17 10:58:24 CDT 2012,x86_64,7869607,382112,304128,231712,32883171328,22873038848,0,315019264,68722176000,68722176000,184,0,0,1,SCHED_OTHER,0,271487,1.04081e+06,0,0.260841
65536,2,64,65536,2,64,524288,16,64,6291456,48,64,0,0,0,12, Six-Core AMD Opteron(tm) Processor 2431,2412508160,Linux,cinnaprob.int.seas.wustl.edu,3.0.27,#1 SMP Tue Apr 17 10:58:24 CDT 2012,x86_64,7869607,382112,304128,231712,32883171328,22873038848,0,315019264,68722176000,68722176000,184,0,0,1,SCHED_OTHER,0,328920,1.04081e+06,0,0.316023
65536,2,64,65536,2,64,524288,16,64,6291456,48,64,0,0,0,12, Six-Core AMD Opteron(tm) Processor 2431,2412508160,Linux,cinnaprob.int.seas.wustl.edu,3.0.27,#1 SMP Tue Apr 17 10:58:24 CDT 2012,x86_64,7869681,352448,298848,234752,32883171328,22872870912,0,315019264,68722176000,68722176000,184,0,0,1,SCHED_OTHER,0,2.01057e+06,333456,0,6.02949
65536,2,64,65536,2,64,524288,16,64,6291456,48,64,0,0,0,12, Six-Core AMD Opteron(tm) Processor 2431,2412508160,Linux,cinnaprob.int.seas.wustl.edu,3.0.27,#1 SMP Tue Apr 17 10:58:24 CDT 2012,x86_64,7869681,352448,298848,234752,32883171328,22872870912,0,315019264,68722176000,68722176000,184,0,0,1,SCHED_OTHER,0,2.01057e+06,482493,0,4.16704
65536,2,64,65536,2,64,524288,16,64,6291456,48,64,0,0,0,12, Six-Core AMD Opteron(tm) Processor 2431,2412508160,Linux,cinnaprob.int.seas.wustl.edu,3.0.27,#1 SMP Tue Apr 17 10:58:24 CDT 2012,x86_64,7869681,352448,298848,234752,32883171328,22872870912,0,315019264,68722176000,68722176000,184,0,0,1,SCHED_OTHER,0,2.01057e+06,333208,0,6.03398
65536,2,64,65536,2,64,524288,16,64,6291456,48,64,0,0,0,12, Six-Core AMD Opteron(tm) Processor 2431,2412508160,Linux,cinnaprob.int.seas.wustl.edu,3.0.27,#1 SMP Tue Apr 17 10:58:24 CDT 2012,x86_64,7869681,352448,298848,234752,32883171328,22872870912,0,315019264,68722176000,68722176000,184,0,0,1,SCHED_OTHER,0,333454,624342,0,0.534088
65536,2,64,65536,2,64,524288,16,64,6291456,48,64,0,0,0,12, Six-Core AMD Opteron(tm) Processor 2431,2412508160,Linux,cinnaprob.int.seas.wustl.edu,3.0.27,#1 SMP Tue Apr 17 10:58:24 CDT 2012,x86_64,7869681,352448,298848,234752,32883171328,22872870912,0,315019264,68722176000,68722176000,184,0,0,1,SCHED_OTHER,0,482489,624342,0,0.772797
65536,2,64,65536,2,64,524288,16,64,6291456,48,64,0,0,0,12, Six-Core AMD Opteron(tm) Processor 2431,2412508160,Linux,cinnaprob.int.seas.wustl.edu,3.0.27,#1 SMP Tue Apr 17 10:58:24 CDT 2012,x86_64,7869681,352448,298848,234752,32883171328,22872870912,0,315019264,68722176000,68722176000,184,0,0,1,SCHED_OTHER,0,333206,624342,0,0.533691
65536,2,64,65536,2,64,524288,16,64,6291456,48,64,0,0,0,12, Six-Core AMD Opteron(tm) Processor 2431,2412508160,Linux,cinnaprob.int.seas.wustl.edu,3.0.27,#1 SMP Tue Apr 17 10:58:24 CDT 2012,x86_64,7869756,384832,305088,241056,32883171328,22873165824,0,315019264,68722176000,68722176000,184,0,0,1,SCHED_OTHER,0,1.97824e+06,388668,0,5.08978
65536,2,64,65536,2,64,524288,16,64,6291456,48,64,0,0,0,12, Six-Core AMD Opteron(tm) Processor 2431,2412508160,Linux,cinnaprob.int.seas.wustl.edu,3.0.27,#1 SMP Tue Apr 17 10:58:24 CDT 2012,x86_64,7869756,384832,305088,241056,32883171328,22873165824,0,315019264,68722176000,68722176000,184,0,0,1,SCHED_OTHER,0,1.97824e+06,480036,0,4.12102
65536,2,64,65536,2,64,524288,16,64,6291456,48,64,0,0,0,12, Six-Core AMD Opteron(tm) Processor 2431,2412508160,Linux,cinnaprob.int.seas.wustl.edu,3.0.27,#1 SMP Tue Apr 17 10:58:24 CDT 2012,x86_64,7869756,384832,305088,241056,32883171328,22873165824,0,315019264,68722176000,68722176000,184,0,0,1,SCHED_OTHER,0,1.97824e+06,339154,0,5.83285
65536,2,64,65536,2,64,524288,16,64,6291456,48,64,0,0,0,12, Six-Core AMD Opteron(tm) Processor 2431,2412508160,Linux,cinnaprob.int.seas.wustl.edu,3.0.27,#1 SMP Tue Apr 17 10:58:24 CDT 2012,x86_64,7869756,384832,305088,241056,32883171328,22873165824,0,315019264,68722176000,68722176000,184,0,0,1,SCHED_OTHER,0,388665,711782,0,0.546045
65536,2,64,65536,2,64,524288,16,64,6291456,48,64,0,0,0,12, Six-Core AMD Opteron(tm) Processor 2431,2412508160,Linux,cinnaprob.int.seas.wustl.edu,3.0.27,#1 SMP Tue Apr 17 10:58:24 CDT 2012,x86_64,7869756,384832,305088,241056,32883171328,22873165824,0,315019264,68722176000,68722176000,184,0,0,1,SCHED_OTHER,0,480032,711782,0,0.674409
65536,2,64,65536,2,64,524288,16,64,6291456,48,64,0,0,0,12, Six-Core AMD Opteron(tm) Processor 2431,2412508160,Linux,cinnaprob.int.seas.wustl.edu,3.0.27,#1 SMP Tue Apr 17 10:58:24 CDT 2012,x86_64,7869756,384832,305088,241056,32883171328,22873165824,0,315019264,68722176000,68722176000,184,0,0,1,SCHED_OTHER,0,339152,711782,0,0.476483
