65536,2,64,16384,4,64,2097152,16,64,12582912,128,64,0,0,0,32,AMD Opteron(TM) Processor 6272,1400000000,Linux,cloud020.seas.wustl.edu,2.6.32-431.5.1.el6.x86_64,#1 SMP Tue Feb 11 13:30:01 CST 2014,x86_64,10947054,1172448,601952,317888,135310168064,15377289216,0,197685248,134217719808,134217326592,954,0,0,1,SCHED_OTHER,0,246951,385391,0,0.64078
65536,2,64,16384,4,64,2097152,16,64,12582912,128,64,0,0,0,32,AMD Opteron(TM) Processor 6272,1400000000,Linux,cloud020.seas.wustl.edu,2.6.32-431.5.1.el6.x86_64,#1 SMP Tue Feb 11 13:30:01 CST 2014,x86_64,10947054,1172448,601952,317888,135310168064,15377289216,0,197685248,134217719808,134217326592,954,0,0,1,SCHED_OTHER,0,246953,292496,0,0.844293
65536,2,64,16384,4,64,2097152,16,64,12582912,128,64,0,0,0,32,AMD Opteron(TM) Processor 6272,1400000000,Linux,cloud020.seas.wustl.edu,2.6.32-431.5.1.el6.x86_64,#1 SMP Tue Feb 11 13:30:01 CST 2014,x86_64,10947054,1172448,601952,317888,135310168064,15377289216,0,197685248,134217719808,134217326592,954,0,0,1,SCHED_OTHER,0,246953,184257,0,1.34026
65536,2,64,16384,4,64,2097152,16,64,12582912,128,64,0,0,0,32,AMD Opteron(TM) Processor 6272,1400000000,Linux,cloud020.seas.wustl.edu,2.6.32-431.5.1.el6.x86_64,#1 SMP Tue Feb 11 13:30:01 CST 2014,x86_64,10947054,1172448,601952,317888,135310168064,15377289216,0,197685248,134217719808,134217326592,954,0,0,1,SCHED_OTHER,0,246953,237612,0,1.03931
65536,2,64,16384,4,64,2097152,16,64,12582912,128,64,0,0,0,32,AMD Opteron(TM) Processor 6272,1400000000,Linux,cloud020.seas.wustl.edu,2.6.32-431.5.1.el6.x86_64,#1 SMP Tue Feb 11 13:30:01 CST 2014,x86_64,10947054,1172448,601952,317888,135310168064,15377289216,0,197685248,134217719808,134217326592,954,0,0,1,SCHED_OTHER,0,246953,326368,0,0.75667
65536,2,64,16384,4,64,2097152,16,64,12582912,128,64,0,0,0,32,AMD Opteron(TM) Processor 6272,1400000000,Linux,cloud020.seas.wustl.edu,2.6.32-431.5.1.el6.x86_64,#1 SMP Tue Feb 11 13:30:01 CST 2014,x86_64,10947054,1172448,601952,317888,135310168064,15377289216,0,197685248,134217719808,134217326592,954,0,0,1,SCHED_OTHER,0,246953,397910,0,0.620626
65536,2,64,16384,4,64,2097152,16,64,12582912,128,64,0,0,0,32,AMD Opteron(TM) Processor 6272,1400000000,Linux,cloud020.seas.wustl.edu,2.6.32-431.5.1.el6.x86_64,#1 SMP Tue Feb 11 13:30:01 CST 2014,x86_64,10947054,1172448,601952,317888,135310168064,15377289216,0,197685248,134217719808,134217326592,954,0,0,1,SCHED_OTHER,0,246953,269377,0,0.916756
65536,2,64,16384,4,64,2097152,16,64,12582912,128,64,0,0,0,32,AMD Opteron(TM) Processor 6272,1400000000,Linux,cloud020.seas.wustl.edu,2.6.32-431.5.1.el6.x86_64,#1 SMP Tue Feb 11 13:30:01 CST 2014,x86_64,10947054,1172448,601952,317888,135310168064,15377289216,0,197685248,134217719808,134217326592,954,0,0,1,SCHED_OTHER,0,246953,175703,0,1.40551
65536,2,64,16384,4,64,2097152,16,64,12582912,128,64,0,0,0,32,AMD Opteron(TM) Processor 6272,1400000000,Linux,cloud020.seas.wustl.edu,2.6.32-431.5.1.el6.x86_64,#1 SMP Tue Feb 11 13:30:01 CST 2014,x86_64,10947054,1172448,601952,317888,135310168064,15377289216,0,197685248,134217719808,134217326592,954,0,0,1,SCHED_OTHER,0,246952,274447,0,0.899817
65536,2,64,16384,4,64,2097152,16,64,12582912,128,64,0,0,0,32,AMD Opteron(TM) Processor 6272,1400000000,Linux,cloud020.seas.wustl.edu,2.6.32-431.5.1.el6.x86_64,#1 SMP Tue Feb 11 13:30:01 CST 2014,x86_64,10947054,1172448,601952,317888,135310168064,15377289216,0,197685248,134217719808,134217326592,954,0,0,1,SCHED_OTHER,0,246953,368719,0,0.669758
65536,2,64,16384,4,64,2097152,16,64,12582912,128,64,0,0,0,32,AMD Opteron(TM) Processor 6272,1400000000,Linux,cloud020.seas.wustl.edu,2.6.32-431.5.1.el6.x86_64,#1 SMP Tue Feb 11 13:30:01 CST 2014,x86_64,10947054,1172448,601952,317888,135310168064,15377289216,0,197685248,134217719808,134217326592,954,0,0,1,SCHED_OTHER,0,246953,340818,0,0.724588
65536,2,64,16384,4,64,2097152,16,64,12582912,128,64,0,0,0,32,AMD Opteron(TM) Processor 6272,1400000000,Linux,cloud020.seas.wustl.edu,2.6.32-431.5.1.el6.x86_64,#1 SMP Tue Feb 11 13:30:01 CST 2014,x86_64,10947054,1172448,601952,317888,135310168064,15377289216,0,197685248,134217719808,134217326592,954,0,0,1,SCHED_OTHER,0,246953,280712,0,0.879738
65536,2,64,16384,4,64,2097152,16,64,12582912,128,64,0,0,0,32,AMD Opteron(TM) Processor 6272,1400000000,Linux,cloud020.seas.wustl.edu,2.6.32-431.5.1.el6.x86_64,#1 SMP Tue Feb 11 13:30:01 CST 2014,x86_64,10947054,1172448,601952,317888,135310168064,15377289216,0,197685248,134217719808,134217326592,954,0,0,1,SCHED_OTHER,0,385388,206017,0,1.87066
65536,2,64,16384,4,64,2097152,16,64,12582912,128,64,0,0,0,32,AMD Opteron(TM) Processor 6272,1400000000,Linux,cloud020.seas.wustl.edu,2.6.32-431.5.1.el6.x86_64,#1 SMP Tue Feb 11 13:30:01 CST 2014,x86_64,10947054,1172448,601952,317888,135310168064,15377289216,0,197685248,134217719808,134217326592,954,0,0,1,SCHED_OTHER,0,292492,206017,0,1.41974
65536,2,64,16384,4,64,2097152,16,64,12582912,128,64,0,0,0,32,AMD Opteron(TM) Processor 6272,1400000000,Linux,cloud020.seas.wustl.edu,2.6.32-431.5.1.el6.x86_64,#1 SMP Tue Feb 11 13:30:01 CST 2014,x86_64,10947054,1172448,601952,317888,135310168064,15377289216,0,197685248,134217719808,134217326592,954,0,0,1,SCHED_OTHER,0,184254,206017,0,0.894363
65536,2,64,16384,4,64,2097152,16,64,12582912,128,64,0,0,0,32,AMD Opteron(TM) Processor 6272,1400000000,Linux,cloud020.seas.wustl.edu,2.6.32-431.5.1.el6.x86_64,#1 SMP Tue Feb 11 13:30:01 CST 2014,x86_64,10947054,1172448,601952,317888,135310168064,15377289216,0,197685248,134217719808,134217326592,954,0,0,1,SCHED_OTHER,0,237607,206017,0,1.15334
65536,2,64,16384,4,64,2097152,16,64,12582912,128,64,0,0,0,32,AMD Opteron(TM) Processor 6272,1400000000,Linux,cloud020.seas.wustl.edu,2.6.32-431.5.1.el6.x86_64,#1 SMP Tue Feb 11 13:30:01 CST 2014,x86_64,10947054,1172448,601952,317888,135310168064,15377289216,0,197685248,134217719808,134217326592,954,0,0,1,SCHED_OTHER,0,326362,206017,0,1.58415
65536,2,64,16384,4,64,2097152,16,64,12582912,128,64,0,0,0,32,AMD Opteron(TM) Processor 6272,1400000000,Linux,cloud020.seas.wustl.edu,2.6.32-431.5.1.el6.x86_64,#1 SMP Tue Feb 11 13:30:01 CST 2014,x86_64,10947054,1172448,601952,317888,135310168064,15377289216,0,197685248,134217719808,134217326592,954,0,0,1,SCHED_OTHER,0,397902,206017,0,1.93141
65536,2,64,16384,4,64,2097152,16,64,12582912,128,64,0,0,0,32,AMD Opteron(TM) Processor 6272,1400000000,Linux,cloud020.seas.wustl.edu,2.6.32-431.5.1.el6.x86_64,#1 SMP Tue Feb 11 13:30:01 CST 2014,x86_64,10947054,1172448,601952,317888,135310168064,15377289216,0,197685248,134217719808,134217326592,954,0,0,1,SCHED_OTHER,0,269371,206017,0,1.30752
65536,2,64,16384,4,64,2097152,16,64,12582912,128,64,0,0,0,32,AMD Opteron(TM) Processor 6272,1400000000,Linux,cloud020.seas.wustl.edu,2.6.32-431.5.1.el6.x86_64,#1 SMP Tue Feb 11 13:30:01 CST 2014,x86_64,10947054,1172448,601952,317888,135310168064,15377289216,0,197685248,134217719808,134217326592,954,0,0,1,SCHED_OTHER,0,175699,206016,0,0.852842
65536,2,64,16384,4,64,2097152,16,64,12582912,128,64,0,0,0,32,AMD Opteron(TM) Processor 6272,1400000000,Linux,cloud020.seas.wustl.edu,2.6.32-431.5.1.el6.x86_64,#1 SMP Tue Feb 11 13:30:01 CST 2014,x86_64,10947054,1172448,601952,317888,135310168064,15377289216,0,197685248,134217719808,134217326592,954,0,0,1,SCHED_OTHER,0,274442,206016,0,1.33214
65536,2,64,16384,4,64,2097152,16,64,12582912,128,64,0,0,0,32,AMD Opteron(TM) Processor 6272,1400000000,Linux,cloud020.seas.wustl.edu,2.6.32-431.5.1.el6.x86_64,#1 SMP Tue Feb 11 13:30:01 CST 2014,x86_64,10947054,1172448,601952,317888,135310168064,15377289216,0,197685248,134217719808,134217326592,954,0,0,1,SCHED_OTHER,0,368712,206016,0,1.78972
65536,2,64,16384,4,64,2097152,16,64,12582912,128,64,0,0,0,32,AMD Opteron(TM) Processor 6272,1400000000,Linux,cloud020.seas.wustl.edu,2.6.32-431.5.1.el6.x86_64,#1 SMP Tue Feb 11 13:30:01 CST 2014,x86_64,10947054,1172448,601952,317888,135310168064,15377289216,0,197685248,134217719808,134217326592,954,0,0,1,SCHED_OTHER,0,340811,206016,0,1.65429
65536,2,64,16384,4,64,2097152,16,64,12582912,128,64,0,0,0,32,AMD Opteron(TM) Processor 6272,1400000000,Linux,cloud020.seas.wustl.edu,2.6.32-431.5.1.el6.x86_64,#1 SMP Tue Feb 11 13:30:01 CST 2014,x86_64,10947054,1172448,601952,317888,135310168064,15377289216,0,197685248,134217719808,134217326592,954,0,0,1,SCHED_OTHER,0,280706,206017,0,1.36254
65536,2,64,16384,4,64,2097152,16,64,12582912,128,64,0,0,0,32,AMD Opteron(TM) Processor 6272,1400000000,Linux,cloud020.seas.wustl.edu,2.6.32-431.5.1.el6.x86_64,#1 SMP Tue Feb 11 13:30:01 CST 2014,x86_64,10947349,1159040,570752,356800,135310168064,15388381184,0,197701632,134217719808,134217326592,954,0,0,1,SCHED_OTHER,0,252070,252652,0,0.997696
65536,2,64,16384,4,64,2097152,16,64,12582912,128,64,0,0,0,32,AMD Opteron(TM) Processor 6272,1400000000,Linux,cloud020.seas.wustl.edu,2.6.32-431.5.1.el6.x86_64,#1 SMP Tue Feb 11 13:30:01 CST 2014,x86_64,10947349,1159040,570752,356800,135310168064,15388381184,0,197701632,134217719808,134217326592,954,0,0,1,SCHED_OTHER,0,252071,224465,0,1.12298
65536,2,64,16384,4,64,2097152,16,64,12582912,128,64,0,0,0,32,AMD Opteron(TM) Processor 6272,1400000000,Linux,cloud020.seas.wustl.edu,2.6.32-431.5.1.el6.x86_64,#1 SMP Tue Feb 11 13:30:01 CST 2014,x86_64,10947349,1159040,570752,356800,135310168064,15388381184,0,197701632,134217719808,134217326592,954,0,0,1,SCHED_OTHER,0,252071,327509,0,0.76966
65536,2,64,16384,4,64,2097152,16,64,12582912,128,64,0,0,0,32,AMD Opteron(TM) Processor 6272,1400000000,Linux,cloud020.seas.wustl.edu,2.6.32-431.5.1.el6.x86_64,#1 SMP Tue Feb 11 13:30:01 CST 2014,x86_64,10947349,1159040,570752,356800,135310168064,15388381184,0,197701632,134217719808,134217326592,954,0,0,1,SCHED_OTHER,0,252071,182758,0,1.37926
65536,2,64,16384,4,64,2097152,16,64,12582912,128,64,0,0,0,32,AMD Opteron(TM) Processor 6272,1400000000,Linux,cloud020.seas.wustl.edu,2.6.32-431.5.1.el6.x86_64,#1 SMP Tue Feb 11 13:30:01 CST 2014,x86_64,10947349,1159040,570752,356800,135310168064,15388381184,0,197701632,134217719808,134217326592,954,0,0,1,SCHED_OTHER,0,252071,235924,0,1.06844
65536,2,64,16384,4,64,2097152,16,64,12582912,128,64,0,0,0,32,AMD Opteron(TM) Processor 6272,1400000000,Linux,cloud020.seas.wustl.edu,2.6.32-431.5.1.el6.x86_64,#1 SMP Tue Feb 11 13:30:01 CST 2014,x86_64,10947349,1159040,570752,356800,135310168064,15388381184,0,197701632,134217719808,134217326592,954,0,0,1,SCHED_OTHER,0,252071,260194,0,0.968783
65536,2,64,16384,4,64,2097152,16,64,12582912,128,64,0,0,0,32,AMD Opteron(TM) Processor 6272,1400000000,Linux,cloud020.seas.wustl.edu,2.6.32-431.5.1.el6.x86_64,#1 SMP Tue Feb 11 13:30:01 CST 2014,x86_64,10947349,1159040,570752,356800,135310168064,15388381184,0,197701632,134217719808,134217326592,954,0,0,1,SCHED_OTHER,0,252070,233568,0,1.07922
65536,2,64,16384,4,64,2097152,16,64,12582912,128,64,0,0,0,32,AMD Opteron(TM) Processor 6272,1400000000,Linux,cloud020.seas.wustl.edu,2.6.32-431.5.1.el6.x86_64,#1 SMP Tue Feb 11 13:30:01 CST 2014,x86_64,10947349,1159040,570752,356800,135310168064,15388381184,0,197701632,134217719808,134217326592,954,0,0,1,SCHED_OTHER,0,252071,303327,0,0.83102
65536,2,64,16384,4,64,2097152,16,64,12582912,128,64,0,0,0,32,AMD Opteron(TM) Processor 6272,1400000000,Linux,cloud020.seas.wustl.edu,2.6.32-431.5.1.el6.x86_64,#1 SMP Tue Feb 11 13:30:01 CST 2014,x86_64,10947349,1159040,570752,356800,135310168064,15388381184,0,197701632,134217719808,134217326592,954,0,0,1,SCHED_OTHER,0,252070,216442,0,1.16461
65536,2,64,16384,4,64,2097152,16,64,12582912,128,64,0,0,0,32,AMD Opteron(TM) Processor 6272,1400000000,Linux,cloud020.seas.wustl.edu,2.6.32-431.5.1.el6.x86_64,#1 SMP Tue Feb 11 13:30:01 CST 2014,x86_64,10947349,1159040,570752,356800,135310168064,15388381184,0,197701632,134217719808,134217326592,954,0,0,1,SCHED_OTHER,0,252070,259545,0,0.9712
65536,2,64,16384,4,64,2097152,16,64,12582912,128,64,0,0,0,32,AMD Opteron(TM) Processor 6272,1400000000,Linux,cloud020.seas.wustl.edu,2.6.32-431.5.1.el6.x86_64,#1 SMP Tue Feb 11 13:30:01 CST 2014,x86_64,10947349,1159040,570752,356800,135310168064,15388381184,0,197701632,134217719808,134217326592,954,0,0,1,SCHED_OTHER,0,252070,417539,0,0.603704
65536,2,64,16384,4,64,2097152,16,64,12582912,128,64,0,0,0,32,AMD Opteron(TM) Processor 6272,1400000000,Linux,cloud020.seas.wustl.edu,2.6.32-431.5.1.el6.x86_64,#1 SMP Tue Feb 11 13:30:01 CST 2014,x86_64,10947349,1159040,570752,356800,135310168064,15388381184,0,197701632,134217719808,134217326592,954,0,0,1,SCHED_OTHER,0,252070,232152,0,1.0858
65536,2,64,16384,4,64,2097152,16,64,12582912,128,64,0,0,0,32,AMD Opteron(TM) Processor 6272,1400000000,Linux,cloud020.seas.wustl.edu,2.6.32-431.5.1.el6.x86_64,#1 SMP Tue Feb 11 13:30:01 CST 2014,x86_64,10947349,1159040,570752,356800,135310168064,15388381184,0,197701632,134217719808,134217326592,954,0,0,1,SCHED_OTHER,0,252647,188571,0,1.3398
65536,2,64,16384,4,64,2097152,16,64,12582912,128,64,0,0,0,32,AMD Opteron(TM) Processor 6272,1400000000,Linux,cloud020.seas.wustl.edu,2.6.32-431.5.1.el6.x86_64,#1 SMP Tue Feb 11 13:30:01 CST 2014,x86_64,10947349,1159040,570752,356800,135310168064,15388381184,0,197701632,134217719808,134217326592,954,0,0,1,SCHED_OTHER,0,224461,188572,0,1.19032
65536,2,64,16384,4,64,2097152,16,64,12582912,128,64,0,0,0,32,AMD Opteron(TM) Processor 6272,1400000000,Linux,cloud020.seas.wustl.edu,2.6.32-431.5.1.el6.x86_64,#1 SMP Tue Feb 11 13:30:01 CST 2014,x86_64,10947349,1159040,570752,356800,135310168064,15388381184,0,197701632,134217719808,134217326592,954,0,0,1,SCHED_OTHER,0,327503,188572,0,1.73676
65536,2,64,16384,4,64,2097152,16,64,12582912,128,64,0,0,0,32,AMD Opteron(TM) Processor 6272,1400000000,Linux,cloud020.seas.wustl.edu,2.6.32-431.5.1.el6.x86_64,#1 SMP Tue Feb 11 13:30:01 CST 2014,x86_64,10947349,1159040,570752,356800,135310168064,15388381184,0,197701632,134217719808,134217326592,954,0,0,1,SCHED_OTHER,0,182754,188571,0,0.969152
65536,2,64,16384,4,64,2097152,16,64,12582912,128,64,0,0,0,32,AMD Opteron(TM) Processor 6272,1400000000,Linux,cloud020.seas.wustl.edu,2.6.32-431.5.1.el6.x86_64,#1 SMP Tue Feb 11 13:30:01 CST 2014,x86_64,10947349,1159040,570752,356800,135310168064,15388381184,0,197701632,134217719808,134217326592,954,0,0,1,SCHED_OTHER,0,235919,188571,0,1.25109
65536,2,64,16384,4,64,2097152,16,64,12582912,128,64,0,0,0,32,AMD Opteron(TM) Processor 6272,1400000000,Linux,cloud020.seas.wustl.edu,2.6.32-431.5.1.el6.x86_64,#1 SMP Tue Feb 11 13:30:01 CST 2014,x86_64,10947349,1159040,570752,356800,135310168064,15388381184,0,197701632,134217719808,134217326592,954,0,0,1,SCHED_OTHER,0,260187,188570,0,1.37979
65536,2,64,16384,4,64,2097152,16,64,12582912,128,64,0,0,0,32,AMD Opteron(TM) Processor 6272,1400000000,Linux,cloud020.seas.wustl.edu,2.6.32-431.5.1.el6.x86_64,#1 SMP Tue Feb 11 13:30:01 CST 2014,x86_64,10947349,1159040,570752,356800,135310168064,15388381184,0,197701632,134217719808,134217326592,954,0,0,1,SCHED_OTHER,0,233562,188570,0,1.23859
65536,2,64,16384,4,64,2097152,16,64,12582912,128,64,0,0,0,32,AMD Opteron(TM) Processor 6272,1400000000,Linux,cloud020.seas.wustl.edu,2.6.32-431.5.1.el6.x86_64,#1 SMP Tue Feb 11 13:30:01 CST 2014,x86_64,10947349,1159040,570752,356800,135310168064,15388381184,0,197701632,134217719808,134217326592,954,0,0,1,SCHED_OTHER,0,303319,188570,0,1.60852
65536,2,64,16384,4,64,2097152,16,64,12582912,128,64,0,0,0,32,AMD Opteron(TM) Processor 6272,1400000000,Linux,cloud020.seas.wustl.edu,2.6.32-431.5.1.el6.x86_64,#1 SMP Tue Feb 11 13:30:01 CST 2014,x86_64,10947349,1159040,570752,356800,135310168064,15388381184,0,197701632,134217719808,134217326592,954,0,0,1,SCHED_OTHER,0,216437,188570,0,1.14778
65536,2,64,16384,4,64,2097152,16,64,12582912,128,64,0,0,0,32,AMD Opteron(TM) Processor 6272,1400000000,Linux,cloud020.seas.wustl.edu,2.6.32-431.5.1.el6.x86_64,#1 SMP Tue Feb 11 13:30:01 CST 2014,x86_64,10947349,1159040,570752,356800,135310168064,15388381184,0,197701632,134217719808,134217326592,954,0,0,1,SCHED_OTHER,0,259539,188570,0,1.37635
65536,2,64,16384,4,64,2097152,16,64,12582912,128,64,0,0,0,32,AMD Opteron(TM) Processor 6272,1400000000,Linux,cloud020.seas.wustl.edu,2.6.32-431.5.1.el6.x86_64,#1 SMP Tue Feb 11 13:30:01 CST 2014,x86_64,10947349,1159040,570752,356800,135310168064,15388381184,0,197701632,134217719808,134217326592,954,0,0,1,SCHED_OTHER,0,417529,188570,0,2.21418
65536,2,64,16384,4,64,2097152,16,64,12582912,128,64,0,0,0,32,AMD Opteron(TM) Processor 6272,1400000000,Linux,cloud020.seas.wustl.edu,2.6.32-431.5.1.el6.x86_64,#1 SMP Tue Feb 11 13:30:01 CST 2014,x86_64,10947349,1159040,570752,356800,135310168064,15388381184,0,197701632,134217719808,134217326592,954,0,0,1,SCHED_OTHER,0,232146,188570,0,1.23109
65536,2,64,16384,4,64,2097152,16,64,12582912,128,64,0,0,0,32,AMD Opteron(TM) Processor 6272,1400000000,Linux,cloud020.seas.wustl.edu,2.6.32-431.5.1.el6.x86_64,#1 SMP Tue Feb 11 13:30:01 CST 2014,x86_64,10948058,1146656,408672,305184,135310168064,15390208000,0,197722112,134217719808,134217326592,951,0,0,1,SCHED_OTHER,0,256702,335802,0,0.764442
65536,2,64,16384,4,64,2097152,16,64,12582912,128,64,0,0,0,32,AMD Opteron(TM) Processor 6272,1400000000,Linux,cloud020.seas.wustl.edu,2.6.32-431.5.1.el6.x86_64,#1 SMP Tue Feb 11 13:30:01 CST 2014,x86_64,10948058,1146656,408672,305184,135310168064,15390208000,0,197722112,134217719808,134217326592,951,0,0,1,SCHED_OTHER,0,256702,243235,0,1.05537
65536,2,64,16384,4,64,2097152,16,64,12582912,128,64,0,0,0,32,AMD Opteron(TM) Processor 6272,1400000000,Linux,cloud020.seas.wustl.edu,2.6.32-431.5.1.el6.x86_64,#1 SMP Tue Feb 11 13:30:01 CST 2014,x86_64,10948058,1146656,408672,305184,135310168064,15390208000,0,197722112,134217719808,134217326592,951,0,0,1,SCHED_OTHER,0,256702,132447,0,1.93814
65536,2,64,16384,4,64,2097152,16,64,12582912,128,64,0,0,0,32,AMD Opteron(TM) Processor 6272,1400000000,Linux,cloud020.seas.wustl.edu,2.6.32-431.5.1.el6.x86_64,#1 SMP Tue Feb 11 13:30:01 CST 2014,x86_64,10948058,1146656,408672,305184,135310168064,15390208000,0,197722112,134217719808,134217326592,951,0,0,1,SCHED_OTHER,0,256702,243458,0,1.0544
65536,2,64,16384,4,64,2097152,16,64,12582912,128,64,0,0,0,32,AMD Opteron(TM) Processor 6272,1400000000,Linux,cloud020.seas.wustl.edu,2.6.32-431.5.1.el6.x86_64,#1 SMP Tue Feb 11 13:30:01 CST 2014,x86_64,10948058,1146656,408672,305184,135310168064,15390208000,0,197722112,134217719808,134217326592,951,0,0,1,SCHED_OTHER,0,256703,339173,0,0.756848
65536,2,64,16384,4,64,2097152,16,64,12582912,128,64,0,0,0,32,AMD Opteron(TM) Processor 6272,1400000000,Linux,cloud020.seas.wustl.edu,2.6.32-431.5.1.el6.x86_64,#1 SMP Tue Feb 11 13:30:01 CST 2014,x86_64,10948058,1146656,408672,305184,135310168064,15390208000,0,197722112,134217719808,134217326592,951,0,0,1,SCHED_OTHER,0,256703,234619,0,1.09412
65536,2,64,16384,4,64,2097152,16,64,12582912,128,64,0,0,0,32,AMD Opteron(TM) Processor 6272,1400000000,Linux,cloud020.seas.wustl.edu,2.6.32-431.5.1.el6.x86_64,#1 SMP Tue Feb 11 13:30:01 CST 2014,x86_64,10948058,1146656,408672,305184,135310168064,15390208000,0,197722112,134217719808,134217326592,951,0,0,1,SCHED_OTHER,0,256702,103032,0,2.49149
65536,2,64,16384,4,64,2097152,16,64,12582912,128,64,0,0,0,32,AMD Opteron(TM) Processor 6272,1400000000,Linux,cloud020.seas.wustl.edu,2.6.32-431.5.1.el6.x86_64,#1 SMP Tue Feb 11 13:30:01 CST 2014,x86_64,10948058,1146656,408672,305184,135310168064,15390208000,0,197722112,134217719808,134217326592,951,0,0,1,SCHED_OTHER,0,256703,288091,0,0.891047
65536,2,64,16384,4,64,2097152,16,64,12582912,128,64,0,0,0,32,AMD Opteron(TM) Processor 6272,1400000000,Linux,cloud020.seas.wustl.edu,2.6.32-431.5.1.el6.x86_64,#1 SMP Tue Feb 11 13:30:01 CST 2014,x86_64,10948058,1146656,408672,305184,135310168064,15390208000,0,197722112,134217719808,134217326592,951,0,0,1,SCHED_OTHER,0,256702,307956,0,0.833565
65536,2,64,16384,4,64,2097152,16,64,12582912,128,64,0,0,0,32,AMD Opteron(TM) Processor 6272,1400000000,Linux,cloud020.seas.wustl.edu,2.6.32-431.5.1.el6.x86_64,#1 SMP Tue Feb 11 13:30:01 CST 2014,x86_64,10948058,1146656,408672,305184,135310168064,15390208000,0,197722112,134217719808,134217326592,951,0,0,1,SCHED_OTHER,0,256702,204588,0,1.25473
65536,2,64,16384,4,64,2097152,16,64,12582912,128,64,0,0,0,32,AMD Opteron(TM) Processor 6272,1400000000,Linux,cloud020.seas.wustl.edu,2.6.32-431.5.1.el6.x86_64,#1 SMP Tue Feb 11 13:30:01 CST 2014,x86_64,10948058,1146656,408672,305184,135310168064,15390208000,0,197722112,134217719808,134217326592,951,0,0,1,SCHED_OTHER,0,256702,317914,0,0.807456
65536,2,64,16384,4,64,2097152,16,64,12582912,128,64,0,0,0,32,AMD Opteron(TM) Processor 6272,1400000000,Linux,cloud020.seas.wustl.edu,2.6.32-431.5.1.el6.x86_64,#1 SMP Tue Feb 11 13:30:01 CST 2014,x86_64,10948058,1146656,408672,305184,135310168064,15390208000,0,197722112,134217719808,134217326592,951,0,0,1,SCHED_OTHER,0,256702,208491,0,1.23124
65536,2,64,16384,4,64,2097152,16,64,12582912,128,64,0,0,0,32,AMD Opteron(TM) Processor 6272,1400000000,Linux,cloud020.seas.wustl.edu,2.6.32-431.5.1.el6.x86_64,#1 SMP Tue Feb 11 13:30:01 CST 2014,x86_64,10948058,1146656,408672,305184,135310168064,15390208000,0,197722112,134217719808,134217326592,951,0,0,1,SCHED_OTHER,0,335797,207164,0,1.62092
65536,2,64,16384,4,64,2097152,16,64,12582912,128,64,0,0,0,32,AMD Opteron(TM) Processor 6272,1400000000,Linux,cloud020.seas.wustl.edu,2.6.32-431.5.1.el6.x86_64,#1 SMP Tue Feb 11 13:30:01 CST 2014,x86_64,10948058,1146656,408672,305184,135310168064,15390208000,0,197722112,134217719808,134217326592,951,0,0,1,SCHED_OTHER,0,243230,207164,0,1.17409
65536,2,64,16384,4,64,2097152,16,64,12582912,128,64,0,0,0,32,AMD Opteron(TM) Processor 6272,1400000000,Linux,cloud020.seas.wustl.edu,2.6.32-431.5.1.el6.x86_64,#1 SMP Tue Feb 11 13:30:01 CST 2014,x86_64,10948058,1146656,408672,305184,135310168064,15390208000,0,197722112,134217719808,134217326592,951,0,0,1,SCHED_OTHER,0,132445,207164,0,0.639324
65536,2,64,16384,4,64,2097152,16,64,12582912,128,64,0,0,0,32,AMD Opteron(TM) Processor 6272,1400000000,Linux,cloud020.seas.wustl.edu,2.6.32-431.5.1.el6.x86_64,#1 SMP Tue Feb 11 13:30:01 CST 2014,x86_64,10948058,1146656,408672,305184,135310168064,15390208000,0,197722112,134217719808,134217326592,951,0,0,1,SCHED_OTHER,0,243453,207164,0,1.17517
65536,2,64,16384,4,64,2097152,16,64,12582912,128,64,0,0,0,32,AMD Opteron(TM) Processor 6272,1400000000,Linux,cloud020.seas.wustl.edu,2.6.32-431.5.1.el6.x86_64,#1 SMP Tue Feb 11 13:30:01 CST 2014,x86_64,10948058,1146656,408672,305184,135310168064,15390208000,0,197722112,134217719808,134217326592,951,0,0,1,SCHED_OTHER,0,339166,207164,0,1.63719
65536,2,64,16384,4,64,2097152,16,64,12582912,128,64,0,0,0,32,AMD Opteron(TM) Processor 6272,1400000000,Linux,cloud020.seas.wustl.edu,2.6.32-431.5.1.el6.x86_64,#1 SMP Tue Feb 11 13:30:01 CST 2014,x86_64,10948058,1146656,408672,305184,135310168064,15390208000,0,197722112,134217719808,134217326592,951,0,0,1,SCHED_OTHER,0,234614,207163,0,1.13251
65536,2,64,16384,4,64,2097152,16,64,12582912,128,64,0,0,0,32,AMD Opteron(TM) Processor 6272,1400000000,Linux,cloud020.seas.wustl.edu,2.6.32-431.5.1.el6.x86_64,#1 SMP Tue Feb 11 13:30:01 CST 2014,x86_64,10948058,1146656,408672,305184,135310168064,15390208000,0,197722112,134217719808,134217326592,951,0,0,1,SCHED_OTHER,0,103029,207163,0,0.497334
65536,2,64,16384,4,64,2097152,16,64,12582912,128,64,0,0,0,32,AMD Opteron(TM) Processor 6272,1400000000,Linux,cloud020.seas.wustl.edu,2.6.32-431.5.1.el6.x86_64,#1 SMP Tue Feb 11 13:30:01 CST 2014,x86_64,10948058,1146656,408672,305184,135310168064,15390208000,0,197722112,134217719808,134217326592,951,0,0,1,SCHED_OTHER,0,288084,207163,0,1.39061
65536,2,64,16384,4,64,2097152,16,64,12582912,128,64,0,0,0,32,AMD Opteron(TM) Processor 6272,1400000000,Linux,cloud020.seas.wustl.edu,2.6.32-431.5.1.el6.x86_64,#1 SMP Tue Feb 11 13:30:01 CST 2014,x86_64,10948058,1146656,408672,305184,135310168064,15390208000,0,197722112,134217719808,134217326592,951,0,0,1,SCHED_OTHER,0,307950,207163,0,1.48651
65536,2,64,16384,4,64,2097152,16,64,12582912,128,64,0,0,0,32,AMD Opteron(TM) Processor 6272,1400000000,Linux,cloud020.seas.wustl.edu,2.6.32-431.5.1.el6.x86_64,#1 SMP Tue Feb 11 13:30:01 CST 2014,x86_64,10948058,1146656,408672,305184,135310168064,15390208000,0,197722112,134217719808,134217326592,951,0,0,1,SCHED_OTHER,0,204583,207163,0,0.987546
65536,2,64,16384,4,64,2097152,16,64,12582912,128,64,0,0,0,32,AMD Opteron(TM) Processor 6272,1400000000,Linux,cloud020.seas.wustl.edu,2.6.32-431.5.1.el6.x86_64,#1 SMP Tue Feb 11 13:30:01 CST 2014,x86_64,10948058,1146656,408672,305184,135310168064,15390208000,0,197722112,134217719808,134217326592,951,0,0,1,SCHED_OTHER,0,317907,207163,0,1.53457
65536,2,64,16384,4,64,2097152,16,64,12582912,128,64,0,0,0,32,AMD Opteron(TM) Processor 6272,1400000000,Linux,cloud020.seas.wustl.edu,2.6.32-431.5.1.el6.x86_64,#1 SMP Tue Feb 11 13:30:01 CST 2014,x86_64,10948058,1146656,408672,305184,135310168064,15390208000,0,197722112,134217719808,134217326592,951,0,0,1,SCHED_OTHER,0,208486,207163,0,1.00638
65536,2,64,16384,4,64,2097152,16,64,12582912,128,64,0,0,0,32,AMD Opteron(TM) Processor 6272,1400000000,Linux,cloud020.seas.wustl.edu,2.6.32-431.5.1.el6.x86_64,#1 SMP Tue Feb 11 13:30:01 CST 2014,x86_64,10948369,1276288,531520,358688,135310168064,15389962240,0,197722112,134217719808,134217326592,952,0,0,1,SCHED_OTHER,0,241870,233041,0,1.03789
65536,2,64,16384,4,64,2097152,16,64,12582912,128,64,0,0,0,32,AMD Opteron(TM) Processor 6272,1400000000,Linux,cloud020.seas.wustl.edu,2.6.32-431.5.1.el6.x86_64,#1 SMP Tue Feb 11 13:30:01 CST 2014,x86_64,10948369,1276288,531520,358688,135310168064,15389962240,0,197722112,134217719808,134217326592,952,0,0,1,SCHED_OTHER,0,241801,208218,0,1.16129
65536,2,64,16384,4,64,2097152,16,64,12582912,128,64,0,0,0,32,AMD Opteron(TM) Processor 6272,1400000000,Linux,cloud020.seas.wustl.edu,2.6.32-431.5.1.el6.x86_64,#1 SMP Tue Feb 11 13:30:01 CST 2014,x86_64,10948369,1276288,531520,358688,135310168064,15389962240,0,197722112,134217719808,134217326592,952,0,0,1,SCHED_OTHER,0,241800,309642,0,0.780902
65536,2,64,16384,4,64,2097152,16,64,12582912,128,64,0,0,0,32,AMD Opteron(TM) Processor 6272,1400000000,Linux,cloud020.seas.wustl.edu,2.6.32-431.5.1.el6.x86_64,#1 SMP Tue Feb 11 13:30:01 CST 2014,x86_64,10948369,1276288,531520,358688,135310168064,15389962240,0,197722112,134217719808,134217326592,952,0,0,1,SCHED_OTHER,0,241800,151777,0,1.59313
65536,2,64,16384,4,64,2097152,16,64,12582912,128,64,0,0,0,32,AMD Opteron(TM) Processor 6272,1400000000,Linux,cloud020.seas.wustl.edu,2.6.32-431.5.1.el6.x86_64,#1 SMP Tue Feb 11 13:30:01 CST 2014,x86_64,10948369,1276288,531520,358688,135310168064,15389962240,0,197722112,134217719808,134217326592,952,0,0,1,SCHED_OTHER,0,241801,270380,0,0.8943
65536,2,64,16384,4,64,2097152,16,64,12582912,128,64,0,0,0,32,AMD Opteron(TM) Processor 6272,1400000000,Linux,cloud020.seas.wustl.edu,2.6.32-431.5.1.el6.x86_64,#1 SMP Tue Feb 11 13:30:01 CST 2014,x86_64,10948369,1276288,531520,358688,135310168064,15389962240,0,197722112,134217719808,134217326592,952,0,0,1,SCHED_OTHER,0,241801,241849,0,0.999802
65536,2,64,16384,4,64,2097152,16,64,12582912,128,64,0,0,0,32,AMD Opteron(TM) Processor 6272,1400000000,Linux,cloud020.seas.wustl.edu,2.6.32-431.5.1.el6.x86_64,#1 SMP Tue Feb 11 13:30:01 CST 2014,x86_64,10948369,1276288,531520,358688,135310168064,15389962240,0,197722112,134217719808,134217326592,952,0,0,1,SCHED_OTHER,0,241800,163376,0,1.48002
65536,2,64,16384,4,64,2097152,16,64,12582912,128,64,0,0,0,32,AMD Opteron(TM) Processor 6272,1400000000,Linux,cloud020.seas.wustl.edu,2.6.32-431.5.1.el6.x86_64,#1 SMP Tue Feb 11 13:30:01 CST 2014,x86_64,10948369,1276288,531520,358688,135310168064,15389962240,0,197722112,134217719808,134217326592,952,0,0,1,SCHED_OTHER,0,241801,496416,0,0.487093
65536,2,64,16384,4,64,2097152,16,64,12582912,128,64,0,0,0,32,AMD Opteron(TM) Processor 6272,1400000000,Linux,cloud020.seas.wustl.edu,2.6.32-431.5.1.el6.x86_64,#1 SMP Tue Feb 11 13:30:01 CST 2014,x86_64,10948369,1276288,531520,358688,135310168064,15389962240,0,197722112,134217719808,134217326592,952,0,0,1,SCHED_OTHER,0,241800,176840,0,1.36733
65536,2,64,16384,4,64,2097152,16,64,12582912,128,64,0,0,0,32,AMD Opteron(TM) Processor 6272,1400000000,Linux,cloud020.seas.wustl.edu,2.6.32-431.5.1.el6.x86_64,#1 SMP Tue Feb 11 13:30:01 CST 2014,x86_64,10948369,1276288,531520,358688,135310168064,15389962240,0,197722112,134217719808,134217326592,952,0,0,1,SCHED_OTHER,0,241800,187728,0,1.28803
65536,2,64,16384,4,64,2097152,16,64,12582912,128,64,0,0,0,32,AMD Opteron(TM) Processor 6272,1400000000,Linux,cloud020.seas.wustl.edu,2.6.32-431.5.1.el6.x86_64,#1 SMP Tue Feb 11 13:30:01 CST 2014,x86_64,10948369,1276288,531520,358688,135310168064,15389962240,0,197722112,134217719808,134217326592,952,0,0,1,SCHED_OTHER,0,241800,217422,0,1.11212
65536,2,64,16384,4,64,2097152,16,64,12582912,128,64,0,0,0,32,AMD Opteron(TM) Processor 6272,1400000000,Linux,cloud020.seas.wustl.edu,2.6.32-431.5.1.el6.x86_64,#1 SMP Tue Feb 11 13:30:01 CST 2014,x86_64,10948369,1276288,531520,358688,135310168064,15389962240,0,197722112,134217719808,134217326592,952,0,0,1,SCHED_OTHER,0,241800,207468,0,1.16548
65536,2,64,16384,4,64,2097152,16,64,12582912,128,64,0,0,0,32,AMD Opteron(TM) Processor 6272,1400000000,Linux,cloud020.seas.wustl.edu,2.6.32-431.5.1.el6.x86_64,#1 SMP Tue Feb 11 13:30:01 CST 2014,x86_64,10948369,1276288,531520,358688,135310168064,15389962240,0,197722112,134217719808,134217326592,952,0,0,1,SCHED_OTHER,0,232969,211753,0,1.10019
65536,2,64,16384,4,64,2097152,16,64,12582912,128,64,0,0,0,32,AMD Opteron(TM) Processor 6272,1400000000,Linux,cloud020.seas.wustl.edu,2.6.32-431.5.1.el6.x86_64,#1 SMP Tue Feb 11 13:30:01 CST 2014,x86_64,10948369,1276288,531520,358688,135310168064,15389962240,0,197722112,134217719808,134217326592,952,0,0,1,SCHED_OTHER,0,208213,211753,0,0.983285
65536,2,64,16384,4,64,2097152,16,64,12582912,128,64,0,0,0,32,AMD Opteron(TM) Processor 6272,1400000000,Linux,cloud020.seas.wustl.edu,2.6.32-431.5.1.el6.x86_64,#1 SMP Tue Feb 11 13:30:01 CST 2014,x86_64,10948369,1276288,531520,358688,135310168064,15389962240,0,197722112,134217719808,134217326592,952,0,0,1,SCHED_OTHER,0,309636,211753,0,1.46225
65536,2,64,16384,4,64,2097152,16,64,12582912,128,64,0,0,0,32,AMD Opteron(TM) Processor 6272,1400000000,Linux,cloud020.seas.wustl.edu,2.6.32-431.5.1.el6.x86_64,#1 SMP Tue Feb 11 13:30:01 CST 2014,x86_64,10948369,1276288,531520,358688,135310168064,15389962240,0,197722112,134217719808,134217326592,952,0,0,1,SCHED_OTHER,0,151774,211753,0,0.716749
65536,2,64,16384,4,64,2097152,16,64,12582912,128,64,0,0,0,32,AMD Opteron(TM) Processor 6272,1400000000,Linux,cloud020.seas.wustl.edu,2.6.32-431.5.1.el6.x86_64,#1 SMP Tue Feb 11 13:30:01 CST 2014,x86_64,10948369,1276288,531520,358688,135310168064,15389962240,0,197722112,134217719808,134217326592,952,0,0,1,SCHED_OTHER,0,270374,211753,0,1.27684
65536,2,64,16384,4,64,2097152,16,64,12582912,128,64,0,0,0,32,AMD Opteron(TM) Processor 6272,1400000000,Linux,cloud020.seas.wustl.edu,2.6.32-431.5.1.el6.x86_64,#1 SMP Tue Feb 11 13:30:01 CST 2014,x86_64,10948369,1276288,531520,358688,135310168064,15389962240,0,197722112,134217719808,134217326592,952,0,0,1,SCHED_OTHER,0,241843,211753,0,1.1421
65536,2,64,16384,4,64,2097152,16,64,12582912,128,64,0,0,0,32,AMD Opteron(TM) Processor 6272,1400000000,Linux,cloud020.seas.wustl.edu,2.6.32-431.5.1.el6.x86_64,#1 SMP Tue Feb 11 13:30:01 CST 2014,x86_64,10948369,1276288,531520,358688,135310168064,15389962240,0,197722112,134217719808,134217326592,952,0,0,1,SCHED_OTHER,0,163373,211753,0,0.771526
65536,2,64,16384,4,64,2097152,16,64,12582912,128,64,0,0,0,32,AMD Opteron(TM) Processor 6272,1400000000,Linux,cloud020.seas.wustl.edu,2.6.32-431.5.1.el6.x86_64,#1 SMP Tue Feb 11 13:30:01 CST 2014,x86_64,10948369,1276288,531520,358688,135310168064,15389962240,0,197722112,134217719808,134217326592,952,0,0,1,SCHED_OTHER,0,496403,211752,0,2.34427
65536,2,64,16384,4,64,2097152,16,64,12582912,128,64,0,0,0,32,AMD Opteron(TM) Processor 6272,1400000000,Linux,cloud020.seas.wustl.edu,2.6.32-431.5.1.el6.x86_64,#1 SMP Tue Feb 11 13:30:01 CST 2014,x86_64,10948369,1276288,531520,358688,135310168064,15389962240,0,197722112,134217719808,134217326592,952,0,0,1,SCHED_OTHER,0,176837,211752,0,0.835112
65536,2,64,16384,4,64,2097152,16,64,12582912,128,64,0,0,0,32,AMD Opteron(TM) Processor 6272,1400000000,Linux,cloud020.seas.wustl.edu,2.6.32-431.5.1.el6.x86_64,#1 SMP Tue Feb 11 13:30:01 CST 2014,x86_64,10948369,1276288,531520,358688,135310168064,15389962240,0,197722112,134217719808,134217326592,952,0,0,1,SCHED_OTHER,0,187724,211752,0,0.886527
65536,2,64,16384,4,64,2097152,16,64,12582912,128,64,0,0,0,32,AMD Opteron(TM) Processor 6272,1400000000,Linux,cloud020.seas.wustl.edu,2.6.32-431.5.1.el6.x86_64,#1 SMP Tue Feb 11 13:30:01 CST 2014,x86_64,10948369,1276288,531520,358688,135310168064,15389962240,0,197722112,134217719808,134217326592,952,0,0,1,SCHED_OTHER,0,217417,211752,0,1.02675
65536,2,64,16384,4,64,2097152,16,64,12582912,128,64,0,0,0,32,AMD Opteron(TM) Processor 6272,1400000000,Linux,cloud020.seas.wustl.edu,2.6.32-431.5.1.el6.x86_64,#1 SMP Tue Feb 11 13:30:01 CST 2014,x86_64,10948369,1276288,531520,358688,135310168064,15389962240,0,197722112,134217719808,134217326592,952,0,0,1,SCHED_OTHER,0,207463,211752,0,0.979745
65536,2,64,16384,4,64,2097152,16,64,12582912,128,64,0,0,0,32,AMD Opteron(TM) Processor 6272,1400000000,Linux,cloud020.seas.wustl.edu,2.6.32-431.5.1.el6.x86_64,#1 SMP Tue Feb 11 13:30:01 CST 2014,x86_64,10948654,1287808,601856,408288,135310168064,15390199808,0,197722112,134217719808,134217326592,954,0,0,1,SCHED_OTHER,0,242104,278829,0,0.868288
65536,2,64,16384,4,64,2097152,16,64,12582912,128,64,0,0,0,32,AMD Opteron(TM) Processor 6272,1400000000,Linux,cloud020.seas.wustl.edu,2.6.32-431.5.1.el6.x86_64,#1 SMP Tue Feb 11 13:30:01 CST 2014,x86_64,10948654,1287808,601856,408288,135310168064,15390199808,0,197722112,134217719808,134217326592,954,0,0,1,SCHED_OTHER,0,242105,141416,0,1.712
65536,2,64,16384,4,64,2097152,16,64,12582912,128,64,0,0,0,32,AMD Opteron(TM) Processor 6272,1400000000,Linux,cloud020.seas.wustl.edu,2.6.32-431.5.1.el6.x86_64,#1 SMP Tue Feb 11 13:30:01 CST 2014,x86_64,10948654,1287808,601856,408288,135310168064,15390199808,0,197722112,134217719808,134217326592,954,0,0,1,SCHED_OTHER,0,242105,84385.6,0,2.86903
65536,2,64,16384,4,64,2097152,16,64,12582912,128,64,0,0,0,32,AMD Opteron(TM) Processor 6272,1400000000,Linux,cloud020.seas.wustl.edu,2.6.32-431.5.1.el6.x86_64,#1 SMP Tue Feb 11 13:30:01 CST 2014,x86_64,10948654,1287808,601856,408288,135310168064,15390199808,0,197722112,134217719808,134217326592,954,0,0,1,SCHED_OTHER,0,242105,124578,0,1.94339
65536,2,64,16384,4,64,2097152,16,64,12582912,128,64,0,0,0,32,AMD Opteron(TM) Processor 6272,1400000000,Linux,cloud020.seas.wustl.edu,2.6.32-431.5.1.el6.x86_64,#1 SMP Tue Feb 11 13:30:01 CST 2014,x86_64,10948654,1287808,601856,408288,135310168064,15390199808,0,197722112,134217719808,134217326592,954,0,0,1,SCHED_OTHER,0,242103,181917,0,1.33084
65536,2,64,16384,4,64,2097152,16,64,12582912,128,64,0,0,0,32,AMD Opteron(TM) Processor 6272,1400000000,Linux,cloud020.seas.wustl.edu,2.6.32-431.5.1.el6.x86_64,#1 SMP Tue Feb 11 13:30:01 CST 2014,x86_64,10948654,1287808,601856,408288,135310168064,15390199808,0,197722112,134217719808,134217326592,954,0,0,1,SCHED_OTHER,0,242105,293462,0,0.824996
65536,2,64,16384,4,64,2097152,16,64,12582912,128,64,0,0,0,32,AMD Opteron(TM) Processor 6272,1400000000,Linux,cloud020.seas.wustl.edu,2.6.32-431.5.1.el6.x86_64,#1 SMP Tue Feb 11 13:30:01 CST 2014,x86_64,10948654,1287808,601856,408288,135310168064,15390199808,0,197722112,134217719808,134217326592,954,0,0,1,SCHED_OTHER,0,242105,264074,0,0.916808
65536,2,64,16384,4,64,2097152,16,64,12582912,128,64,0,0,0,32,AMD Opteron(TM) Processor 6272,1400000000,Linux,cloud020.seas.wustl.edu,2.6.32-431.5.1.el6.x86_64,#1 SMP Tue Feb 11 13:30:01 CST 2014,x86_64,10948654,1287808,601856,408288,135310168064,15390199808,0,197722112,134217719808,134217326592,954,0,0,1,SCHED_OTHER,0,242104,168054,0,1.44063
65536,2,64,16384,4,64,2097152,16,64,12582912,128,64,0,0,0,32,AMD Opteron(TM) Processor 6272,1400000000,Linux,cloud020.seas.wustl.edu,2.6.32-431.5.1.el6.x86_64,#1 SMP Tue Feb 11 13:30:01 CST 2014,x86_64,10948654,1287808,601856,408288,135310168064,15390199808,0,197722112,134217719808,134217326592,954,0,0,1,SCHED_OTHER,0,242105,227716,0,1.06319
65536,2,64,16384,4,64,2097152,16,64,12582912,128,64,0,0,0,32,AMD Opteron(TM) Processor 6272,1400000000,Linux,cloud020.seas.wustl.edu,2.6.32-431.5.1.el6.x86_64,#1 SMP Tue Feb 11 13:30:01 CST 2014,x86_64,10948654,1287808,601856,408288,135310168064,15390199808,0,197722112,134217719808,134217326592,954,0,0,1,SCHED_OTHER,0,242105,291425,0,0.830762
65536,2,64,16384,4,64,2097152,16,64,12582912,128,64,0,0,0,32,AMD Opteron(TM) Processor 6272,1400000000,Linux,cloud020.seas.wustl.edu,2.6.32-431.5.1.el6.x86_64,#1 SMP Tue Feb 11 13:30:01 CST 2014,x86_64,10948654,1287808,601856,408288,135310168064,15390199808,0,197722112,134217719808,134217326592,954,0,0,1,SCHED_OTHER,0,242105,257086,0,0.941726
65536,2,64,16384,4,64,2097152,16,64,12582912,128,64,0,0,0,32,AMD Opteron(TM) Processor 6272,1400000000,Linux,cloud020.seas.wustl.edu,2.6.32-431.5.1.el6.x86_64,#1 SMP Tue Feb 11 13:30:01 CST 2014,x86_64,10948654,1287808,601856,408288,135310168064,15390199808,0,197722112,134217719808,134217326592,954,0,0,1,SCHED_OTHER,0,242105,192483,0,1.2578
65536,2,64,16384,4,64,2097152,16,64,12582912,128,64,0,0,0,32,AMD Opteron(TM) Processor 6272,1400000000,Linux,cloud020.seas.wustl.edu,2.6.32-431.5.1.el6.x86_64,#1 SMP Tue Feb 11 13:30:01 CST 2014,x86_64,10948654,1287808,601856,408288,135310168064,15390199808,0,197722112,134217719808,134217326592,954,0,0,1,SCHED_OTHER,0,278826,204641,0,1.36251
65536,2,64,16384,4,64,2097152,16,64,12582912,128,64,0,0,0,32,AMD Opteron(TM) Processor 6272,1400000000,Linux,cloud020.seas.wustl.edu,2.6.32-431.5.1.el6.x86_64,#1 SMP Tue Feb 11 13:30:01 CST 2014,x86_64,10948654,1287808,601856,408288,135310168064,15390199808,0,197722112,134217719808,134217326592,954,0,0,1,SCHED_OTHER,0,141414,204641,0,0.691033
65536,2,64,16384,4,64,2097152,16,64,12582912,128,64,0,0,0,32,AMD Opteron(TM) Processor 6272,1400000000,Linux,cloud020.seas.wustl.edu,2.6.32-431.5.1.el6.x86_64,#1 SMP Tue Feb 11 13:30:01 CST 2014,x86_64,10948654,1287808,601856,408288,135310168064,15390199808,0,197722112,134217719808,134217326592,954,0,0,1,SCHED_OTHER,0,84384.2,204641,0,0.412352
65536,2,64,16384,4,64,2097152,16,64,12582912,128,64,0,0,0,32,AMD Opteron(TM) Processor 6272,1400000000,Linux,cloud020.seas.wustl.edu,2.6.32-431.5.1.el6.x86_64,#1 SMP Tue Feb 11 13:30:01 CST 2014,x86_64,10948654,1287808,601856,408288,135310168064,15390199808,0,197722112,134217719808,134217326592,954,0,0,1,SCHED_OTHER,0,124576,204642,0,0.608754
65536,2,64,16384,4,64,2097152,16,64,12582912,128,64,0,0,0,32,AMD Opteron(TM) Processor 6272,1400000000,Linux,cloud020.seas.wustl.edu,2.6.32-431.5.1.el6.x86_64,#1 SMP Tue Feb 11 13:30:01 CST 2014,x86_64,10948654,1287808,601856,408288,135310168064,15390199808,0,197722112,134217719808,134217326592,954,0,0,1,SCHED_OTHER,0,181915,204642,0,0.888947
65536,2,64,16384,4,64,2097152,16,64,12582912,128,64,0,0,0,32,AMD Opteron(TM) Processor 6272,1400000000,Linux,cloud020.seas.wustl.edu,2.6.32-431.5.1.el6.x86_64,#1 SMP Tue Feb 11 13:30:01 CST 2014,x86_64,10948654,1287808,601856,408288,135310168064,15390199808,0,197722112,134217719808,134217326592,954,0,0,1,SCHED_OTHER,0,293455,204640,0,1.43401
65536,2,64,16384,4,64,2097152,16,64,12582912,128,64,0,0,0,32,AMD Opteron(TM) Processor 6272,1400000000,Linux,cloud020.seas.wustl.edu,2.6.32-431.5.1.el6.x86_64,#1 SMP Tue Feb 11 13:30:01 CST 2014,x86_64,10948654,1287808,601856,408288,135310168064,15390199808,0,197722112,134217719808,134217326592,954,0,0,1,SCHED_OTHER,0,264069,204641,0,1.2904
65536,2,64,16384,4,64,2097152,16,64,12582912,128,64,0,0,0,32,AMD Opteron(TM) Processor 6272,1400000000,Linux,cloud020.seas.wustl.edu,2.6.32-431.5.1.el6.x86_64,#1 SMP Tue Feb 11 13:30:01 CST 2014,x86_64,10948654,1287808,601856,408288,135310168064,15390199808,0,197722112,134217719808,134217326592,954,0,0,1,SCHED_OTHER,0,168051,204641,0,0.8212
65536,2,64,16384,4,64,2097152,16,64,12582912,128,64,0,0,0,32,AMD Opteron(TM) Processor 6272,1400000000,Linux,cloud020.seas.wustl.edu,2.6.32-431.5.1.el6.x86_64,#1 SMP Tue Feb 11 13:30:01 CST 2014,x86_64,10948654,1287808,601856,408288,135310168064,15390199808,0,197722112,134217719808,134217326592,954,0,0,1,SCHED_OTHER,0,227712,204641,0,1.11274
65536,2,64,16384,4,64,2097152,16,64,12582912,128,64,0,0,0,32,AMD Opteron(TM) Processor 6272,1400000000,Linux,cloud020.seas.wustl.edu,2.6.32-431.5.1.el6.x86_64,#1 SMP Tue Feb 11 13:30:01 CST 2014,x86_64,10948654,1287808,601856,408288,135310168064,15390199808,0,197722112,134217719808,134217326592,954,0,0,1,SCHED_OTHER,0,291420,204641,0,1.42405
65536,2,64,16384,4,64,2097152,16,64,12582912,128,64,0,0,0,32,AMD Opteron(TM) Processor 6272,1400000000,Linux,cloud020.seas.wustl.edu,2.6.32-431.5.1.el6.x86_64,#1 SMP Tue Feb 11 13:30:01 CST 2014,x86_64,10948654,1287808,601856,408288,135310168064,15390199808,0,197722112,134217719808,134217326592,954,0,0,1,SCHED_OTHER,0,257082,204641,0,1.25626
65536,2,64,16384,4,64,2097152,16,64,12582912,128,64,0,0,0,32,AMD Opteron(TM) Processor 6272,1400000000,Linux,cloud020.seas.wustl.edu,2.6.32-431.5.1.el6.x86_64,#1 SMP Tue Feb 11 13:30:01 CST 2014,x86_64,10948654,1287808,601856,408288,135310168064,15390199808,0,197722112,134217719808,134217326592,954,0,0,1,SCHED_OTHER,0,192479,204641,0,0.940569
